t,acc_x,acc_y,acc_z,gyro_x,gyro_y,gyro_z,tof
0.002000,0.000200,0.000012,0.017692,0.000000,0.000000,0.000000,1.456662
0.004000,-5.801282,-3.798615,-0.603713,-0.000000,0.000002,0.000000,1.456606
0.006000,-5.775818,-3.788719,-0.597844,0.009213,-0.017322,0.000162,1.456440
0.008000,-5.750997,-3.778975,-0.592299,0.018387,-0.034450,0.000314,1.456163
0.010000,-5.726790,-3.769376,-0.587064,0.027524,-0.051392,0.000458,1.455776
0.012000,-5.702435,-3.761422,-0.582105,0.036623,-0.068153,0.000595,1.455281
0.014000,-5.678501,-3.753900,-0.577425,0.045684,-0.084740,0.000795,1.454677
0.016000,-5.655138,-3.746447,-0.573015,0.054707,-0.101157,0.001073,1.453965
0.018000,0.264440,0.116404,0.060414,0.063693,-0.117413,0.001428,1.453146
0.020000,-5.501122,-1.329682,3.811055,0.063032,-0.115696,0.001696,1.452278
0.022000,-5.421956,-3.324176,7.230696,0.051989,-0.132497,0.005553,1.451324
0.024000,-4.015847,-2.962596,24.359587,0.060592,-0.150624,0.007528,1.450303
0.026000,-4.170733,-0.552302,20.749296,0.066091,-0.158090,0.008439,1.449342
0.028000,-4.168798,-1.976262,20.415545,0.051371,-0.166287,0.011791,1.448418
0.030000,-4.209024,-2.762699,19.615087,0.048588,-0.174178,0.013751,1.447531
0.032000,-4.199002,-2.824251,20.062363,0.052148,-0.182171,0.014966,1.446676
0.034000,1.524701,0.408544,19.056539,0.054334,-0.190367,0.016382,1.445856
0.036000,-4.371610,-2.656084,17.208000,0.051900,-0.181361,0.016955,1.445115
0.038000,-4.381806,-1.323314,17.401423,0.052566,-0.190553,0.018506,1.444389
0.040000,-4.450025,-1.515673,16.090089,0.039732,-0.200270,0.021746,1.443676
0.042000,-4.622506,-3.689581,13.066737,0.028727,-0.210400,0.024738,1.442969
0.044000,-4.659199,-3.726076,12.266669,0.036332,-0.221401,0.025408,1.442249
0.046000,-4.689708,-3.762165,11.572628,0.044222,-0.232595,0.026096,1.441510
0.048000,-4.714149,-3.790616,10.979636,0.052481,-0.243950,0.026786,1.440749
0.050000,-4.972472,-5.450789,8.715744,0.061035,-0.255433,0.027483,1.439962
0.052000,0.901703,-2.024992,9.184466,0.085875,-0.269206,0.026454,1.439131
0.054000,-4.721674,-3.139106,10.491167,0.104292,-0.265010,0.025547,1.438312
0.056000,-4.736982,-3.244206,10.055698,0.106965,-0.276737,0.026976,1.437462
0.058000,-4.748640,-3.336918,9.685275,0.110634,-0.288497,0.028323,1.436582
0.060000,-4.554224,0.082631,12.665597,0.115183,-0.300285,0.029599,1.435667
0.062000,-4.591097,-0.457386,11.806806,0.090888,-0.311304,0.034366,1.434737
0.064000,-4.614719,-0.883572,11.100370,0.071843,-0.322426,0.038496,1.433785
0.066000,-4.680825,-1.621586,9.868221,0.057250,-0.333522,0.042062,1.432809
0.068000,1.155740,1.579755,9.977219,0.050165,-0.344875,0.044713,1.431801
0.070000,-4.784102,-1.866102,8.528598,0.039103,-0.338178,0.045829,1.430815
0.072000,-4.898490,-0.774964,6.971816,0.035077,-0.350157,0.047992,1.429789
0.074000,-4.785178,-2.128006,8.177647,0.021022,-0.363122,0.051267,1.428711
0.076000,-4.708409,-2.541374,9.057270,0.019507,-0.375093,0.053071,1.427591
0.078000,-4.549073,-0.587660,11.730502,0.021189,-0.386478,0.054509,1.426436
0.080000,-4.688379,-3.207721,9.563163,0.003120,-0.397320,0.058313,1.425262
0.082000,-5.024890,-4.060818,5.776204,0.007293,-0.408870,0.059312,1.424056
0.084000,0.980988,2.376570,7.771090,0.019594,-0.422922,0.059823,1.422791
0.086000,-4.533492,-1.307763,12.145564,-0.001688,-0.418220,0.061872,1.421530
0.088000,-4.576764,-1.709517,10.972489,-0.013560,-0.429275,0.064894,1.420252
0.090000,-4.592200,-1.646977,10.490812,-0.020912,-0.440309,0.067338,1.418952
0.092000,-4.602839,-1.758434,10.205700,-0.028561,-0.451358,0.069801,1.417627
0.094000,-4.611476,-1.858995,9.957929,-0.035181,-0.462444,0.072116,1.416276
0.096000,-4.611851,-2.185806,9.933223,-0.040876,-0.473562,0.074296,1.414897
0.098000,1.170457,2.192909,9.788803,-0.043873,-0.484682,0.076131,1.413491
0.100000,-4.931147,-2.087450,5.977698,-0.063275,-0.478665,0.078155,1.412105
0.102000,-5.187191,-3.310413,4.014294,-0.068682,-0.492047,0.080097,1.410663
0.104000,-4.570113,-1.880999,10.501006,-0.061622,-0.507877,0.080732,1.409150
0.106000,-4.570897,-2.751062,10.317513,-0.066989,-0.519058,0.082840,1.407613
0.108000,-4.633662,-3.405350,9.284212,-0.064492,-0.530102,0.083962,1.406053
0.110000,-4.582360,-2.725682,9.863902,-0.055533,-0.541428,0.084263,1.404463
0.112000,-4.589588,-2.739538,9.639920,-0.053210,-0.552479,0.085404,1.402849
0.114000,1.278208,0.810129,10.335578,-0.050746,-0.563555,0.086523,1.401208
0.116000,1.229290,0.753664,10.952002,-0.056174,-0.556591,0.086845,1.399595
0.118000,1.098146,-1.452542,9.639087,-0.062337,-0.550371,0.088077,1.398010
0.120000,0.900216,-2.575986,8.180220,-0.050002,-0.544944,0.086997,1.396445
0.122000,0.990780,0.137074,7.989330,-0.026530,-0.541231,0.084571,1.394888
0.124000,1.094705,1.951500,10.038187,-0.029350,-0.536441,0.085341,1.393340
0.126000,0.919178,2.655696,8.518668,-0.047658,-0.531397,0.088017,1.391810
0.128000,1.009132,1.017366,9.197438,-0.070600,-0.527824,0.091023,1.390286
0.130000,0.971312,0.971697,9.030731,-0.079941,-0.523231,0.092435,1.388775
0.132000,1.023904,-0.903225,10.664286,-0.088940,-0.518968,0.093769,1.387275
0.134000,0.956833,0.149234,9.551972,-0.080250,-0.514541,0.092922,1.385797
0.136000,0.929877,0.218217,9.351987,-0.079857,-0.510489,0.093038,1.384334
0.138000,0.928203,0.576294,9.585956,-0.080090,-0.506606,0.093205,1.382882
0.140000,0.918622,0.986318,9.929038,-0.083972,-0.502820,0.093806,1.381444
0.142000,0.811764,-0.683245,8.324760,-0.092246,-0.499364,0.094940,1.380020
0.144000,0.839219,-1.477537,9.045182,-0.086054,-0.496260,0.094275,1.378600
0.146000,0.712538,-2.829393,8.387387,-0.073357,-0.492990,0.092839,1.377190
0.148000,0.932257,-0.955486,11.528706,-0.047817,-0.490863,0.089784,1.375784
0.150000,0.838118,0.370637,9.559383,-0.040593,-0.487556,0.089059,1.374400
0.152000,0.813504,0.412280,9.346515,-0.045251,-0.484546,0.089763,1.373027
0.154000,0.791080,0.446695,9.167312,-0.050303,-0.481704,0.090493,1.371662
0.156000,0.770550,0.474372,9.016932,-0.055694,-0.479017,0.091244,1.370304
0.158000,0.630512,1.760064,7.811275,-0.061371,-0.476470,0.092008,1.368953
0.160000,0.821971,-1.559034,10.838791,-0.076779,-0.475070,0.093805,1.367596
0.162000,0.817935,-0.783329,10.697625,-0.063546,-0.472502,0.092169,1.366257
0.164000,0.768205,-0.008763,9.887650,-0.057175,-0.469990,0.091438,1.364933
0.166000,0.763712,0.493809,10.267182,-0.057090,-0.467751,0.091445,1.363620
0.168000,0.736647,0.483325,9.999578,-0.062329,-0.465832,0.092118,1.362316
0.170000,0.744024,-0.332105,10.420083,-0.067431,-0.464085,0.092742,1.361022
0.172000,0.720089,-0.317529,10.191475,-0.065799,-0.462317,0.092523,1.359739
0.174000,0.688678,-0.599100,9.634647,-0.064280,-0.460706,0.092296,1.358466
0.176000,0.688759,-1.052814,9.982602,-0.059675,-0.459080,0.091631,1.357200
0.178000,0.672933,-0.971357,9.871416,-0.051566,-0.457505,0.090522,1.355943
0.180000,0.657843,-0.884601,9.765965,-0.044238,-0.456050,0.089512,1.354693
0.182000,0.637751,-1.591445,10.316150,-0.037726,-0.454711,0.088607,1.353451
0.184000,0.618680,-1.398760,10.103688,-0.026017,-0.453747,0.086940,1.352219
0.186000,0.601598,-1.229408,9.925618,-0.016009,-0.452955,0.085492,1.350994
0.188000,0.586201,-1.080885,9.777076,-0.007501,-0.452316,0.084237,1.349775
0.190000,0.572224,-0.950982,9.653799,-0.000313,-0.451817,0.083152,1.348561
0.192000,0.559385,-0.838710,9.551119,0.005715,-0.451446,0.082216,1.347351
0.194000,0.553320,-0.286615,9.097921,0.010736,-0.451192,0.081408,1.346144
0.196000,0.558433,0.131068,9.577759,0.011442,-0.450853,0.081222,1.344938
0.198000,0.543927,0.069872,9.489102,0.007601,-0.450791,0.081665,1.343733
0.200000,0.519832,-0.326380,9.010926,0.004304,-0.450841,0.082033,1.342530
0.202000,0.513068,-0.313621,9.029405,0.005194,-0.450808,0.081816,1.341326
0.204000,0.506210,-0.302860,9.047388,0.005915,-0.450835,0.081616,1.340121
0.206000,0.499282,-0.293666,9.065040,0.006484,-0.450926,0.081430,1.338915
0.208000,0.492296,-0.285721,9.082425,0.006914,-0.451084,0.081256,1.337708
0.210000,0.485261,-0.278782,9.099516,0.007216,-0.451311,0.081093,1.336501
0.212000,0.478177,-0.271947,9.115575,0.007398,-0.451609,0.080939,1.335292
0.214000,0.485033,0.173867,9.647485,0.007461,-0.451981,0.080795,1.334082
0.216000,0.457992,-0.304604,9.079692,0.002641,-0.452667,0.081323,1.332872
0.218000,0.451406,-0.296127,9.098465,0.002871,-0.453252,0.081150,1.331661
0.220000,0.444748,-0.288120,9.116219,0.002965,-0.453909,0.080988,1.330448
0.222000,0.440629,-0.494667,10.169987,0.002926,-0.454641,0.080837,1.329232
0.224000,0.410810,-0.891247,9.527698,0.002911,-0.455934,0.080615,1.328019
0.226000,0.411870,-0.235728,8.983995,0.007229,-0.457173,0.079770,1.326805
0.228000,0.406484,-0.233806,9.015105,0.006502,-0.458293,0.079683,1.325587
0.230000,0.400893,-0.232415,9.044044,0.005696,-0.459477,0.079598,1.324366
0.232000,0.395109,-0.231826,9.070907,0.004816,-0.460729,0.079511,1.323141
0.234000,0.389143,-0.232208,9.095718,0.003869,-0.462051,0.079425,1.321913
0.236000,0.399658,0.246261,9.691293,0.002862,-0.463447,0.079337,1.320681
0.238000,0.355866,-0.959541,9.631383,-0.003433,-0.465147,0.079981,1.319447
0.240000,0.347017,-0.876627,9.547253,0.000936,-0.467046,0.079040,1.318212
0.242000,0.351667,-0.206015,8.983035,0.004495,-0.469057,0.078204,1.316975
0.244000,0.346516,-0.213321,9.014641,0.002978,-0.470920,0.078146,1.315732
0.246000,0.357233,0.256398,9.618758,0.001463,-0.472850,0.078081,1.314485
0.248000,0.329162,-0.289761,8.997546,-0.005284,-0.475091,0.078747,1.313234
0.250000,0.323918,-0.296885,9.026917,-0.006244,-0.477227,0.078598,1.311977
0.252000,0.318427,-0.304489,9.053589,-0.007207,-0.479435,0.078441,1.310715
0.254000,0.312706,-0.312505,9.077434,-0.008168,-0.481717,0.078275,1.309448
0.256000,0.306772,-0.320857,9.098347,-0.009124,-0.484078,0.078101,1.308175
0.258000,0.300644,-0.329462,9.116263,-0.010072,-0.486522,0.077918,1.306896
0.260000,0.294343,-0.338238,9.131157,-0.011008,-0.489050,0.077726,1.305612
0.262000,0.303885,0.162775,9.749333,-0.011931,-0.491667,0.077524,1.304322
0.264000,0.251454,-1.153815,9.713574,-0.018451,-0.494649,0.078102,1.303029
0.266000,0.243057,-1.051996,9.594475,-0.013410,-0.497890,0.076929,1.301731
0.268000,0.255945,-0.326916,8.949877,-0.009285,-0.501250,0.075878,1.300430
0.270000,0.250802,-0.336946,8.969623,-0.010573,-0.504382,0.075681,1.299121
0.272000,0.245425,-0.347283,8.986878,-0.011836,-0.507589,0.075475,1.297804
0.274000,0.254847,0.148022,9.607260,-0.013072,-0.510874,0.075259,1.296480
0.276000,0.227813,-0.420332,8.937822,-0.019877,-0.514535,0.075816,1.295151
0.278000,0.222521,-0.428790,8.953277,-0.020584,-0.518045,0.075520,1.293813
0.280000,0.217039,-0.436846,8.966165,-0.021283,-0.521635,0.075215,1.292467
0.282000,0.211388,-0.444474,8.976420,-0.021976,-0.525306,0.074900,1.291113
0.284000,0.205587,-0.451659,8.984006,-0.022669,-0.529064,0.074577,1.289750
0.286000,0.199656,-0.458400,8.988923,-0.023363,-0.532909,0.074245,1.288379
0.288000,0.161455,-1.228124,9.650465,-0.024062,-0.536846,0.073906,1.287000
0.290000,0.184045,-0.418510,8.907452,-0.019271,-0.541340,0.072636,1.285616
0.292000,0.192392,0.095028,9.541433,-0.020452,-0.545518,0.072333,1.284222
0.294000,0.166441,-0.487175,8.834202,-0.027447,-0.550125,0.072830,1.282821
0.296000,0.161309,-0.492538,8.839973,-0.028131,-0.554540,0.072453,1.281410
0.298000,0.156028,-0.497533,8.843645,-0.028833,-0.559037,0.072070,1.279989
0.300000,0.114286,-1.256780,9.502334,-0.029557,-0.563619,0.071681,1.278558
0.302000,0.141966,-0.454491,8.761253,-0.024911,-0.568795,0.070367,1.277120
0.304000,0.149401,0.046546,9.383484,-0.026142,-0.573608,0.070015,1.275671
0.306000,0.125729,-0.518548,8.688773,-0.033082,-0.578865,0.070443,1.274214
0.308000,0.121118,-0.522504,8.694295,-0.033856,-0.583906,0.070023,1.272745
0.310000,0.116332,-0.526162,8.697791,-0.034663,-0.589027,0.069598,1.271265
0.312000,0.111390,-0.529519,8.699143,-0.035504,-0.594232,0.069169,1.269773
0.314000,0.106311,-0.532582,8.698256,-0.036382,-0.599524,0.068735,1.268271
0.316000,0.101114,-0.535363,8.695066,-0.037299,-0.604906,0.068296,1.266757
0.318000,0.095818,-0.537877,8.689539,-0.038256,-0.610380,0.067853,1.265231
0.320000,0.044160,-1.327331,9.367970,-0.039255,-0.615949,0.067406,1.263694
0.322000,0.082341,-0.486775,8.584445,-0.034732,-0.622219,0.065982,1.262147
0.324000,0.077553,-0.490660,8.578531,-0.036299,-0.628034,0.065574,1.260589
0.326000,0.082636,0.017633,9.209350,-0.037894,-0.633937,0.065162,1.259018
0.328000,0.070668,-0.089304,9.064696,-0.045359,-0.640361,0.065537,1.257436
0.330000,0.051488,-0.603739,8.399816,-0.051868,-0.646897,0.065786,1.255843
0.332000,0.047610,-0.603693,8.398027,-0.052602,-0.653181,0.065253,1.254236
0.334000,0.043577,-0.603085,8.394435,-0.053404,-0.659545,0.064717,1.252615
0.336000,0.039409,-0.601948,8.388894,-0.054280,-0.665992,0.064178,1.250981
0.338000,-0.019047,-1.375160,9.069114,-0.055233,-0.672526,0.063636,1.249334
0.340000,0.028624,-0.542434,8.283622,-0.050870,-0.679833,0.062122,1.247675
0.342000,0.024905,-0.541917,8.277704,-0.052463,-0.686595,0.061622,1.246002
0.344000,0.021010,-0.541732,8.269848,-0.054125,-0.693441,0.061121,1.244314
0.346000,0.016962,-0.541854,8.259901,-0.055854,-0.700372,0.060618,1.242612
0.348000,0.012787,-0.542244,8.247739,-0.057644,-0.707394,0.060113,1.240895
0.350000,0.008508,-0.542852,8.233274,-0.059494,-0.714507,0.059605,1.239164
0.352000,0.004151,-0.543625,8.216455,-0.061401,-0.721716,0.059094,1.237419
0.354000,-0.000261,-0.544506,8.197266,-0.063361,-0.729021,0.058578,1.235659
0.356000,-0.004703,-0.545439,8.175724,-0.065372,-0.736423,0.058058,1.233884
0.358000,-0.009154,-0.546370,8.151875,-0.067434,-0.743926,0.057532,1.232094
0.360000,-0.013593,-0.547249,8.125791,-0.069544,-0.751527,0.057001,1.230289
0.362000,-0.018000,-0.548033,8.097559,-0.071703,-0.759230,0.056464,1.228469
0.364000,-0.022359,-0.548685,8.067285,-0.073908,-0.767033,0.055921,1.226634
0.366000,-0.094074,-1.296342,8.715756,-0.076162,-0.774936,0.055372,1.224784
0.368000,-0.032057,-0.492782,7.913003,-0.073409,-0.783756,0.053855,1.222920
0.370000,-0.033070,-0.038705,8.487847,-0.076231,-0.791899,0.053332,1.221040
0.372000,-0.044111,-0.544768,7.774704,-0.084500,-0.800679,0.053503,1.219146
0.374000,-0.046764,-0.545069,7.748293,-0.086930,-0.809046,0.052926,1.217235
0.376000,-0.049494,-0.545323,7.720916,-0.089412,-0.817491,0.052343,1.215307
0.378000,-0.052278,-0.545473,7.692418,-0.091947,-0.826014,0.051754,1.213362
0.380000,-0.055096,-0.545472,7.662659,-0.094534,-0.834619,0.051159,1.211401
0.382000,-0.057926,-0.545277,7.631517,-0.097175,-0.843308,0.050557,1.209423
0.384000,-0.060748,-0.544858,7.598897,-0.099870,-0.852081,0.049948,1.207428
0.386000,-0.063541,-0.544191,7.564726,-0.102621,-0.860941,0.049332,1.205416
0.388000,-0.066285,-0.543261,7.528957,-0.105428,-0.869888,0.048710,1.203387
0.390000,-0.068963,-0.542063,7.491566,-0.108294,-0.878922,0.048081,1.201340
0.392000,-0.071557,-0.540597,7.452551,-0.111218,-0.888043,0.047445,1.199277
0.394000,-0.074053,-0.538869,7.411933,-0.114202,-0.897251,0.046802,1.197197
0.396000,-0.076439,-0.536920,7.369775,-0.117248,-0.906547,0.046153,1.195099
0.398000,-0.078704,-0.534789,7.326151,-0.120355,-0.915928,0.045498,1.192984
0.400000,-0.084706,-0.139225,7.833091,-0.123524,-0.925394,0.044836,1.190851
0.402000,-0.169879,-0.844698,8.184649,-0.131595,-0.935571,0.044754,1.188702
0.404000,-0.171109,-0.803460,7.861072,-0.134620,-0.946654,0.043710,1.186538
0.406000,-0.170680,-0.759595,7.576311,-0.137693,-0.957714,0.042672,1.184357
0.408000,-0.169195,-0.720339,7.330355,-0.140839,-0.968737,0.041646,1.182158
0.410000,-0.166985,-0.685226,7.115875,-0.144085,-0.979712,0.040632,1.179941
0.412000,-0.109033,-0.135264,6.373760,-0.147421,-0.990633,0.039630,1.177706
0.414000,-0.104066,-0.128392,6.237076,-0.155179,-1.000735,0.039334,1.175449
0.416000,-0.113000,-0.658687,5.404752,-0.162890,-1.010738,0.039058,1.173171
0.418000,-0.105777,-0.644730,5.342584,-0.165506,-1.020162,0.038096,1.170869
0.420000,-0.099201,-0.633090,5.291811,-0.168298,-1.029451,0.037149,1.168544
0.422000,-0.093265,-0.623507,5.250353,-0.171260,-1.038620,0.036214,1.166196
0.424000,-0.087953,-0.615741,5.216415,-0.174384,-1.047685,0.035289,1.163825
0.426000,-0.083241,-0.609571,5.188455,-0.177662,-1.056658,0.034374,1.161432
0.428000,-0.070386,0.314390,4.252091,-0.181088,-1.065554,0.033465,1.159016
0.430000,-0.161612,-0.199975,3.056653,-0.189784,-1.073806,0.032829,1.156574
0.432000,-0.251348,-2.012991,7.295610,-0.191050,-1.082868,0.031200,1.154101
0.434000,-0.165463,-0.582586,8.103516,-0.184482,-1.094144,0.028487,1.151614
0.436000,-0.161790,-0.556427,7.624160,-0.188966,-1.105900,0.027562,1.149115
0.438000,-0.156762,-0.533301,7.207277,-0.193017,-1.117524,0.026589,1.146602
0.440000,-0.150711,-0.512652,6.844849,-0.196696,-1.129008,0.025572,1.144075
0.442000,-0.143878,-0.494156,6.529847,-0.200060,-1.140343,0.024514,1.141532
0.444000,-0.136506,-0.477590,6.256201,-0.203158,-1.151528,0.023419,1.138972
0.446000,-0.128795,-0.462751,6.018545,-0.206033,-1.162564,0.022290,1.136395
0.448000,-0.120912,-0.449456,5.812142,-0.208721,-1.173452,0.021131,1.133801
0.450000,-0.112988,-0.437539,5.632813,-0.211256,-1.184197,0.019944,1.131188
0.452000,-0.105150,-0.427022,5.477063,-0.213666,-1.194806,0.018731,1.128557
0.454000,-0.097346,-0.416905,5.340651,-0.215973,-1.205285,0.017496,1.125907
0.456000,-0.089341,-0.403486,5.225619,-0.218204,-1.215643,0.016239,1.123238
0.458000,-0.075009,-0.267629,5.338374,-0.220426,-1.225884,0.014970,1.120551
0.460000,-0.107848,-0.317691,6.167150,-0.224231,-1.236043,0.013907,1.117846
0.462000,-0.106012,-0.159109,6.253582,-0.230024,-1.246877,0.013069,1.115126
0.464000,-0.132590,-0.355374,6.233864,-0.237820,-1.257859,0.012483,1.112391
0.466000,-0.144994,-0.186802,6.304189,-0.244248,-1.269137,0.011644,1.109643
0.468000,-0.141549,-0.231086,6.038768,-0.252911,-1.280941,0.010950,1.106879
0.470000,-0.178976,-0.755255,5.569274,-0.260821,-1.292689,0.010183,1.104100
0.472000,-0.166874,-0.740681,5.334031,-0.264207,-1.304380,0.008725,1.101305
0.474000,-0.154632,-0.716759,5.149619,-0.267440,-1.315914,0.007246,1.098493
0.476000,-0.085730,-0.424617,4.615937,-0.270735,-1.327309,0.005764,1.095663
0.478000,-0.075500,-0.446654,4.496028,-0.276231,-1.337887,0.004668,1.092815
0.480000,-0.062733,-0.448008,4.374605,-0.281521,-1.348294,0.003551,1.089949
0.482000,-0.116023,-1.086528,3.104143,-0.286725,-1.358519,0.002434,1.087064
0.484000,-0.031060,-0.309202,4.417491,-0.283101,-1.369083,0.000135,1.084156
0.486000,-0.020711,-0.328744,4.293408,-0.289912,-1.378968,-0.000794,1.081231
0.488000,0.053311,0.947609,4.184040,-0.296461,-1.388695,-0.001742,1.078289
0.490000,-0.138390,-0.571520,5.506392,-0.310936,-1.398195,-0.002034,1.075329
0.492000,-0.099647,-0.505501,5.186406,-0.315224,-1.409881,-0.003621,1.072356
0.494000,-0.075721,-0.430213,4.888286,-0.319008,-1.421381,-0.005021,1.069369
0.496000,-0.060780,-0.419038,4.683166,-0.322710,-1.432607,-0.006422,1.066368
0.498000,-0.045684,-0.407733,4.501476,-0.326158,-1.443666,-0.007848,1.063351
0.500000,-0.030476,-0.395816,4.339488,-0.329402,-1.454551,-0.009295,1.060320
0.502000,-0.015672,-0.386262,4.197364,-0.332482,-1.465258,-0.010762,1.057273
0.504000,-0.000804,-0.375386,4.068371,-0.335422,-1.475790,-0.012249,1.054211
0.506000,0.014692,-0.294567,4.096402,-0.338250,-1.486143,-0.013753,1.051134
0.508000,0.015284,-0.369282,4.062770,-0.342055,-1.496376,-0.015159,1.048042
0.510000,0.021590,-0.211985,4.277805,-0.345412,-1.506613,-0.016615,1.044936
0.512000,0.022799,-0.159314,4.292490,-0.351157,-1.516913,-0.017808,1.041816
0.514000,0.017229,-0.107621,4.295400,-0.357807,-1.527303,-0.018908,1.038682
0.516000,-0.008625,-0.316777,4.309444,-0.365304,-1.538008,-0.019999,1.035536
0.518000,0.000159,-0.344118,4.153372,-0.371511,-1.548977,-0.021287,1.032376
0.520000,-0.008952,-0.428736,4.074713,-0.377217,-1.559859,-0.022624,1.029204
0.522000,0.012054,-0.637342,3.622307,-0.382308,-1.570798,-0.024115,1.026018
0.524000,0.023886,-0.641761,3.516962,-0.385159,-1.581066,-0.025806,1.022818
0.526000,0.000135,-0.464254,3.861597,-0.387861,-1.591191,-0.027553,1.019604
0.528000,0.013966,-0.458446,3.726143,-0.392572,-1.602168,-0.029236,1.016377
0.530000,0.027859,-0.453435,3.605304,-0.397096,-1.613021,-0.030938,1.013136
0.532000,0.041507,-0.449028,3.497633,-0.401455,-1.623745,-0.032672,1.009883
0.534000,0.054983,-0.443912,3.403930,-0.405674,-1.634344,-0.034437,1.006616
0.536000,0.078951,-0.418142,3.336498,-0.409785,-1.644825,-0.036239,1.003337
0.538000,0.096343,-0.450123,3.200952,-0.413792,-1.654983,-0.038054,1.000044
0.540000,0.106655,-0.479994,3.083719,-0.416941,-1.664875,-0.039916,0.996738
0.542000,0.121154,-0.500596,3.047410,-0.419509,-1.674632,-0.041837,0.993420
0.544000,0.132679,-0.498662,2.992563,-0.421772,-1.684318,-0.043745,0.990089
0.546000,0.158459,-0.459182,2.905596,-0.423968,-1.693895,-0.045698,0.986746
0.548000,0.396216,0.045429,2.175536,-0.426027,-1.703278,-0.047604,0.983390
0.550000,0.173753,-0.525202,2.927177,-0.431224,-1.709981,-0.048334,0.980022
0.552000,0.211033,-0.435619,2.906714,-0.432742,-1.719061,-0.050378,0.976642
0.554000,0.222354,-0.421155,2.847727,-0.434947,-1.727777,-0.052371,0.973251
0.556000,0.223600,-0.355518,2.936705,-0.437191,-1.736415,-0.054382,0.969849
0.558000,0.222518,-0.341016,2.911567,-0.440753,-1.745162,-0.056319,0.966436
0.560000,0.221734,-0.309892,2.903098,-0.444757,-1.754025,-0.058236,0.963013
0.562000,0.231617,-0.317727,2.821500,-0.449241,-1.763107,-0.060167,0.959579
0.564000,0.241703,-0.325235,2.745767,-0.453500,-1.772137,-0.062112,0.956135
0.566000,0.251913,-0.332308,2.675456,-0.457553,-1.781108,-0.064074,0.952680
0.568000,0.408088,-0.077488,2.200628,-0.461417,-1.790014,-0.066054,0.949215
0.570000,0.250090,-0.418561,2.646930,-0.466735,-1.797267,-0.067137,0.945739
0.572000,0.283952,-0.371513,2.559184,-0.469714,-1.806148,-0.069325,0.942252
0.574000,0.429850,0.212897,1.744212,-0.472770,-1.814723,-0.071421,0.938756
0.576000,0.254135,-0.605355,2.648029,-0.478975,-1.821811,-0.072975,0.935247
0.578000,0.266331,-0.582378,2.569327,-0.480739,-1.830608,-0.075307,0.931730
0.580000,0.278522,-0.561474,2.496065,-0.482557,-1.839354,-0.077677,0.928202
0.582000,0.491046,-0.150779,1.831896,-0.484421,-1.848045,-0.080085,0.924666
0.584000,0.228396,-0.619018,2.651906,-0.488898,-1.854800,-0.081042,0.921118
0.586000,0.243588,-0.587945,2.548635,-0.489228,-1.864197,-0.083991,0.917562
0.588000,0.217377,-0.699331,2.632988,-0.489849,-1.873531,-0.086968,0.913997
0.590000,0.214212,-0.711588,2.596840,-0.489821,-1.883492,-0.089954,0.910422
0.592000,0.278040,-1.011124,1.877799,-0.489684,-1.893711,-0.092963,0.906839
0.594000,0.192981,-0.947812,1.729160,-0.485613,-1.900886,-0.095506,0.903246
0.596000,0.202734,-0.137659,3.164155,-0.481698,-1.911110,-0.098485,0.899642
0.598000,0.212219,-0.105032,3.033771,-0.487208,-1.922647,-0.101036,0.896030
0.600000,0.232019,-0.124732,2.838546,-0.492877,-1.934496,-0.103641,0.892412
0.602000,0.252668,-0.143799,2.662269,-0.498141,-1.946214,-0.106245,0.888786
0.604000,0.419233,0.030762,2.179333,-0.503030,-1.957768,-0.108849,0.885152
0.606000,0.439648,-0.015133,2.070777,-0.508987,-1.967496,-0.110493,0.881509
0.608000,0.284927,-0.275178,2.358234,-0.514477,-1.976966,-0.112088,0.877859
0.610000,0.308317,-0.278962,2.220871,-0.517831,-1.988041,-0.114893,0.874200
0.612000,0.341552,-0.271495,2.076865,-0.520986,-1.998903,-0.117698,0.870534
0.614000,0.362628,-0.279824,1.971886,-0.524038,-2.009434,-0.120438,0.866859
0.616000,0.540804,0.211746,1.204157,-0.526893,-2.019749,-0.123193,0.863176
0.618000,0.387414,-0.392245,1.859847,-0.532020,-2.028105,-0.125423,0.859483
0.620000,0.575449,-0.566478,1.124944,-0.533962,-2.037908,-0.128198,0.855782
0.622000,0.539590,-0.248109,1.560324,-0.534037,-2.043326,-0.129584,0.852072
0.624000,0.426007,-0.385457,1.779944,-0.537275,-2.051748,-0.131514,0.848354
0.626000,0.446152,-0.375314,1.693861,-0.539056,-2.061260,-0.134610,0.844628
0.628000,0.466203,-0.366430,1.614940,-0.540796,-2.070606,-0.137715,0.840894
0.630000,0.642563,0.106224,0.910253,-0.542492,-2.079779,-0.140831,0.837152
0.632000,0.481565,-0.838696,0.751842,-0.546306,-2.087050,-0.143423,0.833401
0.634000,0.507949,-0.351824,1.613976,-0.542387,-2.095389,-0.146836,0.829639
0.636000,0.571697,-0.620815,1.189821,-0.544437,-2.104192,-0.150033,0.825870
0.638000,0.626729,-0.262154,1.342148,-0.544021,-2.109724,-0.152647,0.822093
0.640000,0.643067,-0.277623,1.280619,-0.547025,-2.117681,-0.155043,0.818308
0.642000,0.658705,-0.292723,1.224632,-0.549806,-2.125429,-0.157408,0.814516
0.644000,0.569051,-0.351928,1.385859,-0.552376,-2.132978,-0.159745,0.810715
0.646000,0.587476,-0.344512,1.310447,-0.553674,-2.141277,-0.163359,0.806907
0.648000,0.748297,-0.329494,-0.101280,-0.554915,-2.149441,-0.166972,0.803092
0.650000,0.606105,-0.342407,1.372112,-0.552952,-2.155174,-0.170228,0.799264
0.652000,0.624651,-0.337552,1.284003,-0.554521,-2.163209,-0.173901,0.795429
0.654000,0.643100,-0.333138,1.204075,-0.555981,-2.171114,-0.177574,0.791587
0.656000,0.661360,-0.329184,1.131241,-0.557335,-2.178882,-0.181255,0.787737
0.658000,0.679361,-0.325648,1.064676,-0.558586,-2.186509,-0.184949,0.783879
0.660000,0.775160,-0.573000,0.656977,-0.559737,-2.193994,-0.188659,0.780013
0.662000,0.879049,0.095450,0.380505,-0.559961,-2.197799,-0.190699,0.776139
0.664000,0.696294,-0.362123,1.052177,-0.563084,-2.203330,-0.192157,0.772256
0.666000,0.703878,-0.710255,0.294673,-0.563700,-2.210853,-0.196423,0.768364
0.668000,0.732316,-0.299141,1.017275,-0.559910,-2.217634,-0.200761,0.764462
0.670000,0.748736,-0.297940,0.943881,-0.561027,-2.224890,-0.204998,0.760552
0.672000,0.765338,-0.296472,0.876520,-0.562008,-2.232030,-0.209225,0.756634
0.674000,0.781982,-0.294881,0.814556,-0.562859,-2.239048,-0.213450,0.752708
0.676000,0.798563,-0.293217,0.757490,-0.563587,-2.245940,-0.217680,0.748774
0.678000,0.951207,0.044283,0.246490,-0.564197,-2.252706,-0.221924,0.744831
0.680000,0.835487,-0.394209,0.640526,-0.565911,-2.257847,-0.225733,0.740878
0.682000,0.865895,-0.780539,-0.139065,-0.566795,-2.264445,-0.229096,0.736917
0.684000,0.864268,-0.353221,0.660602,-0.561861,-2.265790,-0.232008,0.732944
0.686000,0.847213,-0.273931,0.709200,-0.563303,-2.272669,-0.235536,0.728962
0.688000,0.862856,-0.269311,0.646255,-0.563638,-2.279473,-0.240356,0.724972
0.690000,1.007241,0.032546,0.147564,-0.563854,-2.286150,-0.245170,0.720972
0.692000,0.875884,-0.309970,0.593709,-0.565138,-2.291268,-0.249490,0.716963
0.694000,0.892848,-0.303123,0.532676,-0.564967,-2.297842,-0.254354,0.712944
0.696000,0.912475,-0.391037,0.402283,-0.564718,-2.304278,-0.259226,0.708916
0.698000,-1.154865,-3.925643,1.600283,-0.565164,-2.310707,-0.263020,0.704878
0.700000,0.028876,-1.968189,0.681112,-0.498285,-2.354536,-0.271795,0.700837
0.702000,-0.629647,-2.924717,0.968698,-0.455690,-2.380524,-0.278625,0.696788
0.704000,-0.565571,-2.949300,1.089293,-0.403870,-2.415013,-0.287956,0.692734
0.706000,0.174184,-2.159717,0.856820,-0.358624,-2.446897,-0.297210,0.688676
0.708000,0.344090,-1.889880,0.735488,-0.324358,-2.467837,-0.307506,0.684613
0.710000,0.490034,-1.655027,0.629578,-0.295098,-2.485341,-0.317536,0.680545
0.712000,0.608364,-1.538809,0.509064,-0.270120,-2.499896,-0.327327,0.676472
0.714000,0.766616,-1.122166,0.150774,-0.249007,-2.512018,-0.336161,0.672393
0.716000,0.795989,-1.142798,0.435816,-0.231033,-2.521377,-0.343206,0.668306
0.718000,0.872786,-1.009998,0.368897,-0.215287,-2.529468,-0.352822,0.664213
0.720000,0.937390,-0.895886,0.310244,-0.201777,-2.536041,-0.362232,0.660114
0.722000,0.991336,-0.798060,0.258706,-0.190142,-2.541340,-0.371467,0.656007
0.724000,1.036000,-0.714340,0.213288,-0.180074,-2.545581,-0.380557,0.651892
0.726000,1.072614,-0.642764,0.173118,-0.171310,-2.548950,-0.389525,0.647769
0.728000,1.102301,-0.580605,0.137566,-0.163625,-2.551610,-0.398394,0.643638
0.730000,0.976353,-0.346849,-0.473613,-0.156829,-2.553700,-0.407172,0.639498
0.732000,1.024423,-0.228833,-0.812032,-0.151528,-2.558092,-0.413168,0.635347
0.734000,0.294698,-1.186981,-0.155556,-0.147569,-2.562227,-0.416900,0.631184
0.736000,0.286588,-1.177337,-0.217088,-0.135166,-2.576661,-0.424951,0.627013
0.738000,0.373465,-1.053662,-0.283895,-0.122926,-2.591632,-0.433180,0.622835
0.740000,0.512234,-0.871554,-0.353123,-0.111977,-2.605545,-0.441256,0.618647
0.742000,0.568554,-0.791926,-0.400427,-0.102892,-2.617452,-0.448979,0.614452
0.744000,1.062768,-0.337413,-0.221531,-0.094608,-2.628725,-0.456637,0.610246
0.746000,1.086099,-0.306384,-0.245546,-0.091203,-2.632851,-0.464902,0.606031
0.748000,1.190057,-0.113801,-0.560324,-0.087980,-2.636615,-0.473125,0.601806
0.750000,1.041801,-0.455993,-0.283581,-0.085186,-2.639146,-0.480937,0.597568
0.752000,1.041401,-0.441661,-0.292469,-0.082722,-2.643162,-0.488106,0.593320
0.754000,1.125952,-0.218240,-0.290654,-0.080204,-2.647170,-0.495296,0.589059
0.756000,1.136042,-0.202641,-0.316801,-0.076997,-2.650276,-0.503767,0.584787
0.758000,0.651422,-0.478046,-1.037236,-0.073821,-2.653291,-0.512237,0.580503
0.760000,0.604445,-0.591906,-0.752336,-0.066002,-2.664685,-0.519434,0.576207
0.762000,0.557889,-0.738658,-0.821842,-0.058400,-2.676787,-0.527099,0.571900
0.764000,1.158179,-0.057738,-1.087740,-0.052062,-2.689424,-0.533542,0.567581
0.766000,1.177816,-0.042797,-1.124128,-0.048795,-2.695353,-0.541102,0.563249
0.768000,0.704749,-0.402057,-0.817553,-0.045675,-2.701383,-0.548794,0.558902
0.770000,0.813516,-0.231114,-1.137106,-0.039664,-2.713267,-0.556865,0.554544
0.772000,0.700792,-0.391295,-1.082186,-0.034252,-2.723996,-0.564520,0.550173
0.774000,0.817580,-0.270617,-0.904287,-0.029578,-2.735764,-0.569689,0.545788
0.776000,0.805982,-0.268694,-0.976858,-0.024245,-2.746815,-0.578313,0.541391
0.778000,0.900567,-0.177910,-0.999424,-0.018906,-2.758173,-0.586801,0.536981
0.780000,-1.942083,-0.355370,-1.114219,-0.014352,-2.768685,-0.595341,0.532559
0.782000,-1.423755,-0.046331,-1.194667,0.023765,-2.838051,-0.682797,0.528175
0.784000,-0.951648,0.235955,-1.272835,0.057066,-2.900357,-0.764194,0.523828
0.786000,-0.583161,0.430619,-1.354386,0.086116,-2.956314,-0.840239,0.519518
0.788000,-0.304120,0.553792,-1.432421,0.112016,-3.007168,-0.911620,0.515246
0.790000,-0.055290,0.665855,-1.513850,0.135677,-3.054031,-0.978985,0.511011
0.792000,0.171042,0.773210,-1.595582,0.157439,-3.097416,-1.042815,0.506814
0.794000,0.360209,0.858881,-1.674109,0.177587,-3.137754,-1.103589,0.502656
0.796000,0.488984,0.914000,-1.764932,0.196428,-3.175574,-1.161762,0.498537
0.798000,0.485346,0.754930,-2.296708,0.214485,-3.211712,-1.217783,0.494459
0.800000,0.646798,0.726576,-2.357984,0.234749,-3.246523,-1.270173,0.490419
0.802000,0.749597,0.773799,-2.442372,0.254106,-3.279279,-1.321364,0.486420
0.804000,0.844931,0.818989,-2.523952,0.272966,-3.310664,-1.370753,0.482461
0.806000,1.025284,1.235626,-2.045615,0.291395,-3.340797,-1.418494,0.478543
0.808000,1.095879,1.256407,-2.149232,0.306073,-3.370373,-1.466186,0.474668
0.810000,1.085248,0.957352,-2.734062,0.320613,-3.399029,-1.512495,0.470837
0.812000,1.154197,0.997649,-2.810701,0.337944,-3.426316,-1.556308,0.467047
0.814000,1.217253,1.038328,-2.887588,0.355127,-3.452892,-1.599115,0.463299
0.816000,1.351966,1.443253,-2.408262,0.372223,-3.478918,-1.641096,0.459593
0.818000,1.326410,1.128768,-3.029975,0.386104,-3.505424,-1.683895,0.455933
0.820000,1.290652,1.217843,-3.097674,0.403071,-3.530838,-1.724719,0.452315
0.822000,1.547148,1.388103,-3.204944,0.420365,-3.557046,-1.764488,0.448740
0.824000,1.589264,1.432233,-3.281539,0.437882,-3.581096,-1.804935,0.445210
0.826000,1.630770,1.479276,-3.360836,0.455497,-3.605192,-1.845171,0.441724
0.828000,1.671961,1.529125,-3.442653,0.473239,-3.629417,-1.885300,0.438285
0.830000,1.713154,1.581737,-3.526855,0.491133,-3.653844,-1.925413,0.434892
0.832000,1.754680,1.637116,-3.613344,0.509201,-3.678537,-1.965593,0.431549
0.834000,1.832450,2.067383,-3.106769,0.527464,-3.703557,-2.005916,0.428255
0.836000,1.836308,1.766461,-3.775159,0.542900,-3.730955,-2.048220,0.425018
0.838000,1.880737,1.828607,-3.871254,0.561445,-3.756865,-2.089058,0.421835
0.840000,1.927035,1.893664,-3.969549,0.580258,-3.783245,-2.130212,0.418709
0.842000,1.975220,1.961966,-4.069730,0.599350,-3.810133,-2.171735,0.415641
0.844000,2.044049,2.053243,-4.200373,0.618729,-3.837562,-2.213677,0.412633
0.846000,2.094725,2.122938,-4.299520,0.638473,-3.865358,-2.256057,0.409689
0.848000,11.719579,1.081442,9.277003,0.658519,-3.893777,-2.298953,0.406812
0.850000,11.697207,0.953303,8.179991,0.537565,-4.015211,-2.284413,0.404031
0.852000,16.217246,2.201182,19.051438,0.430634,-4.124779,-2.273784,0.401342
0.854000,17.683376,2.656935,19.462281,0.238458,-4.309110,-2.248164,0.398817
0.856000,17.728129,2.273882,18.039597,0.044000,-4.488322,-2.223111,0.396462
0.858000,17.629865,1.878285,16.415286,-0.135032,-4.653944,-2.200553,0.394278
0.860000,17.438853,1.491641,14.724454,-0.297531,-4.804691,-2.180422,0.392261
0.862000,17.139081,1.114868,12.939086,-0.443426,-4.940293,-2.162589,0.390406
0.864000,16.387550,0.645954,10.304439,-0.572211,-5.060058,-2.147003,0.388709
0.866000,13.175745,-0.272562,3.004287,-0.676284,-5.155852,-2.134585,0.387155
0.868000,12.843182,-0.330445,2.148901,-0.709264,-5.195182,-2.133162,0.385704
0.870000,12.524479,-0.365146,1.391773,-0.733627,-5.227480,-2.133541,0.384352
0.872000,12.219462,-0.378968,0.724748,-0.750379,-5.253291,-2.135580,0.383100
0.874000,11.331842,-0.869850,0.216362,-0.760426,-5.273125,-2.139154,0.381945
0.876000,11.031330,-0.829407,-0.318078,-0.763658,-5.294859,-2.142503,0.380887
0.878000,11.509812,-0.131246,-0.901350,-0.761570,-5.311673,-2.147230,0.379924
0.880000,14.340968,0.146404,3.984339,-0.756278,-5.314550,-2.155247,0.379055
0.882000,10.577746,-0.771555,-1.294172,-0.813614,-5.364370,-2.158094,0.347530
0.884000,11.070039,-0.027361,-1.797547,-0.801085,-5.368629,-2.164628,0.342267
0.886000,10.793619,-0.005367,-2.086233,-0.786887,-5.359876,-2.174238,0.337306
0.888000,9.853779,-0.579298,-2.212384,-0.769830,-5.348340,-2.184682,0.332636
0.890000,9.607010,-0.499702,-2.464289,-0.748559,-5.342715,-2.194219,0.328243
0.892000,10.191287,0.329075,-2.851154,-0.725134,-5.334747,-2.204625,0.324112
0.894000,9.941614,0.352089,-3.003100,-0.702272,-5.314607,-2.217826,0.320572
0.896000,9.012226,-0.240838,-2.987423,-0.677947,-5.293160,-2.231589,0.317798
0.898000,8.803964,-0.136754,-3.143993,-0.650270,-5.279169,-2.244300,0.315505
0.900000,8.605303,-0.031968,-3.285600,-0.621611,-5.263925,-2.257715,0.313404
0.902000,9.305373,0.896454,-3.624867,-0.592178,-5.247623,-2.271789,0.311412
0.904000,9.073888,0.898486,-3.688183,-0.565182,-5.219463,-2.288434,0.309521
0.906000,8.851651,0.911727,-3.751305,-0.537627,-5.191321,-2.305402,0.307728
0.908000,8.102283,0.315618,-3.554640,-0.509649,-5.163300,-2.322688,0.306027
0.910000,7.924273,0.417356,-3.664622,-0.479979,-5.144808,-2.338718,0.304414
0.912000,7.752018,0.516970,-3.770488,-0.450052,-5.125903,-2.355247,0.302889
0.914000,7.586033,0.614515,-3.870805,-0.419968,-5.106704,-2.372214,0.301445
0.916000,7.425580,0.710313,-3.966531,-0.389803,-5.087295,-2.389579,0.300080
0.918000,8.197078,1.661164,-4.311539,-0.359620,-5.067748,-2.407306,0.298790
0.920000,7.969987,1.623418,-4.332895,-0.333241,-5.036696,-2.426843,0.297568
0.922000,7.037091,0.907947,-4.157581,-0.306624,-5.006667,-2.446419,0.296411
0.924000,6.884995,1.003121,-4.238542,-0.276765,-4.986484,-2.464665,0.295321
0.926000,6.734787,1.098603,-4.315678,-0.247037,-4.966402,-2.483181,0.294296
0.928000,6.590267,1.187536,-4.397758,-0.217469,-4.946447,-2.501929,0.293332
0.930000,6.447606,1.274953,-4.478819,-0.188032,-4.926607,-2.520883,0.292427
0.932000,6.306252,1.361042,-4.558850,-0.158730,-4.906888,-2.540017,0.291578
0.934000,7.111213,2.382886,-4.933483,-0.129558,-4.887293,-2.559301,0.290783
0.936000,6.869165,2.307449,-4.932501,-0.104935,-4.855927,-2.580402,0.290033
0.002000,0.000200,0.000012,0.017692,0.000000,0.000000,0.000000,1.456662
0.004000,1.052587,-0.425594,0.103585,-0.000000,0.000002,0.000000,1.456606
0.006000,1.049117,-0.424937,0.103710,0.000920,0.002915,0.000014,1.456505
0.008000,1.045791,-0.424306,0.103819,0.001836,0.005803,0.000028,1.456358
0.010000,-0.063381,0.023332,0.005306,0.002751,0.008666,0.000040,1.456164
0.012000,1.044163,-0.423931,0.105115,0.002677,0.008252,0.000059,1.455914
0.014000,1.041224,-0.423337,0.105194,0.003590,0.011103,0.000067,1.455617
0.016000,1.038397,-0.422761,0.105283,0.004502,0.013930,0.000075,1.455274
0.018000,1.035670,-0.422202,0.105384,0.005411,0.016733,0.000083,1.454885
0.020000,1.033036,-0.421657,0.105498,0.006318,0.019514,0.000091,1.454449
0.022000,2.190560,-0.027920,17.948723,0.007223,0.022274,0.000099,1.453967
0.024000,2.513837,-0.025485,23.341691,0.008840,0.032201,0.000702,1.453561
0.026000,1.019528,-0.111692,18.133211,0.007584,0.044026,0.000883,1.453268
0.028000,1.354808,-0.365879,10.269091,0.004067,0.049945,0.000967,1.453039
0.030000,2.441088,-0.169793,22.541801,0.004521,0.051894,0.000864,1.452819
0.032000,2.278120,-0.116607,19.627533,0.004231,0.062795,0.000865,1.452703
0.034000,2.189401,-0.113297,18.281558,0.004680,0.072875,0.001176,1.452674
0.036000,2.109724,-0.110685,17.091306,0.005080,0.082472,0.001423,1.452722
0.038000,2.108428,-0.138386,17.356185,0.005437,0.091634,0.001623,1.452839
0.040000,2.036305,-0.143825,16.301787,0.005041,0.100782,0.001479,1.453027
0.042000,1.970206,-0.148205,15.342695,0.004661,0.109511,0.001352,1.453278
0.044000,0.802295,1.094662,15.422158,0.004316,0.117855,0.001254,1.453586
0.046000,1.890063,-0.480489,15.297693,-0.005359,0.122191,0.001985,1.453939
0.048000,1.822499,-0.469165,14.305039,-0.004910,0.129516,0.001727,1.454346
0.050000,1.702603,0.968884,12.233148,-0.004478,0.136388,0.001496,1.454799
0.052000,1.656922,0.889226,11.616523,-0.017627,0.142579,0.002473,1.455285
0.054000,1.617009,0.819584,11.090491,-0.030010,0.148473,0.003343,1.455799
0.056000,1.582105,0.759024,10.643079,-0.041727,0.154112,0.004117,1.456337
0.058000,1.551572,0.706317,10.264178,-0.052869,0.159532,0.004809,1.456896
0.060000,0.387174,1.055346,9.845276,-0.063513,0.164764,0.005430,1.457474
0.062000,1.491453,0.253543,9.201866,-0.074329,0.166326,0.006189,1.458057
0.064000,1.476939,0.284285,9.070114,-0.080347,0.171388,0.006188,1.458652
0.066000,1.583064,-2.276659,11.287181,-0.086643,0.176379,0.006224,1.459259
0.068000,1.524052,-0.946489,10.073138,-0.068931,0.181929,0.004793,1.459892
0.070000,1.502633,-0.740922,9.814309,-0.061677,0.187198,0.004135,1.460545
0.072000,1.483591,-0.556627,9.597933,-0.056262,0.192363,0.003655,1.461215
0.074000,1.466216,-0.394421,9.418393,-0.052489,0.197436,0.003321,1.461900
0.076000,1.450614,-0.250293,9.270691,-0.050173,0.202430,0.003090,1.462599
0.078000,0.294789,0.270700,9.053577,-0.049154,0.207353,0.002937,1.463312
0.080000,1.450877,-0.296766,9.299913,-0.049913,0.208695,0.002867,1.464025
0.082000,1.452900,0.297990,9.862383,-0.048562,0.213718,0.002752,1.464752
0.084000,1.490067,-0.589008,10.390708,-0.053315,0.218593,0.002848,1.465495
0.086000,1.471875,-0.545099,10.176732,-0.050403,0.223804,0.002609,1.466258
0.088000,1.484549,-1.138852,10.490515,-0.047883,0.228918,0.002454,1.467041
0.090000,1.458949,-1.425882,9.850953,-0.040459,0.234163,0.002023,1.467846
0.092000,1.455674,-2.308138,10.564404,-0.029982,0.239411,0.001607,1.468669
0.094000,1.437571,-2.032514,10.314948,-0.012984,0.244467,0.000417,1.469514
0.096000,0.282517,-1.412147,10.033712,0.001568,0.249395,-0.000432,1.470379
0.098000,1.412849,-1.576758,9.937288,0.013533,0.250698,-0.000800,1.471252
0.100000,1.400242,-1.386097,9.793803,0.024054,0.255471,-0.001108,1.472142
0.102000,1.388920,-1.220166,9.674574,0.032902,0.260168,-0.001191,1.473049
0.104000,1.387164,-0.539082,10.140185,0.040299,0.264801,-0.001083,1.473972
0.106000,1.370685,-0.494808,9.965014,0.041081,0.269265,-0.000822,1.474912
0.108000,1.356160,-0.458210,9.819545,0.041526,0.273629,-0.000599,1.475868
0.110000,1.329670,-0.379899,8.813023,0.041699,0.277909,-0.000406,1.476839
0.112000,0.186089,0.033130,8.788548,0.042392,0.282317,-0.000176,1.477821
0.114000,0.189065,0.050561,8.845507,0.042401,0.283239,0.000137,1.478801
0.116000,0.191808,0.067778,8.902101,0.042286,0.284238,0.000429,1.479781
0.118000,0.207570,0.649797,9.601565,0.042050,0.285310,0.000701,1.480760
0.120000,0.202810,0.578019,9.541956,0.036132,0.286332,0.001285,1.481744
0.122000,0.187618,0.007090,8.919391,0.030894,0.287357,0.001767,1.482730
0.124000,0.190407,0.030024,8.980995,0.031306,0.288502,0.001908,1.483717
0.126000,0.208626,-0.076804,10.198085,0.031539,0.289716,0.002053,1.484705
0.128000,0.189463,-0.585667,9.483399,0.031236,0.290771,0.001937,1.485700
0.130000,0.196932,0.078632,10.036747,0.036058,0.291875,0.001688,1.486699
0.132000,0.179549,-0.443951,9.354063,0.034415,0.292877,0.001652,1.487704
0.134000,0.178238,-0.354831,9.344209,0.038011,0.293945,0.001464,1.488712
0.136000,0.185438,0.807261,9.565994,0.040847,0.295035,0.001315,1.489723
0.138000,0.181690,0.730783,9.525238,0.033357,0.296122,0.001861,1.490738
0.140000,0.168989,0.166750,8.918134,0.026589,0.297226,0.002291,1.491756
0.142000,0.172546,0.181373,9.002075,0.025561,0.298462,0.002395,1.492775
0.144000,0.175814,0.194895,9.083821,0.024413,0.299778,0.002497,1.493795
0.146000,0.189319,0.757497,9.818308,0.023158,0.301169,0.002596,1.494818
0.148000,0.189296,-0.002649,10.293198,0.016155,0.302512,0.002941,1.495847
0.150000,0.174204,-0.488283,9.628360,0.015390,0.303768,0.002665,1.496884
0.152000,0.172087,-0.401930,9.603120,0.019368,0.305082,0.002341,1.497927
0.154000,0.177710,0.209328,10.158343,0.022607,0.306411,0.002071,1.498976
0.156000,0.163973,-0.309586,9.505004,0.019949,0.307644,0.001970,1.500032
0.158000,0.159135,0.270369,9.066962,0.022425,0.308956,0.001762,1.501094
0.160000,0.171823,0.795618,9.780081,0.020376,0.310377,0.001917,1.502157
0.162000,0.168080,0.700214,9.737785,0.012975,0.311761,0.002307,1.503227
0.164000,0.158476,0.151421,9.155207,0.006473,0.313164,0.002579,1.504303
0.166000,0.161550,0.144560,9.232919,0.005513,0.314698,0.002652,1.505382
0.168000,0.170700,0.633980,9.901626,0.004639,0.316309,0.002729,1.506466
0.170000,0.171008,-0.120418,10.371185,-0.001255,0.317877,0.002854,1.507557
0.172000,0.159058,-0.558483,9.753358,-0.000960,0.319370,0.002562,1.508659
0.174000,0.156638,-0.481283,9.718733,0.003717,0.320927,0.002257,1.509768
0.176000,0.154434,-0.411433,9.691615,0.007728,0.322499,0.002003,1.510884
0.178000,0.152499,-0.347896,9.670913,0.011133,0.324091,0.001790,1.512008
0.180000,0.154689,0.711376,9.856579,0.013989,0.325706,0.001613,1.513139
0.182000,0.151577,0.615487,9.805351,0.007234,0.327311,0.001804,1.514277
0.184000,0.149016,0.528071,9.763826,0.001360,0.328936,0.001958,1.515423
0.186000,0.146906,0.448733,9.730660,-0.003705,0.330586,0.002088,1.516577
0.188000,0.141749,-0.026890,9.225237,-0.008028,0.332263,0.002204,1.517738
0.190000,0.144063,-0.029678,9.289717,-0.007496,0.334073,0.002320,1.518904
0.192000,0.147821,-0.652750,9.882415,-0.006924,0.335959,0.002434,1.520077
0.194000,0.144865,-0.567318,9.833562,-0.001406,0.337827,0.002181,1.521259
0.196000,0.142208,-0.489608,9.791718,0.003338,0.339707,0.001979,1.522450
0.198000,0.143729,0.083121,10.310970,0.007414,0.341604,0.001819,1.523651
0.200000,0.137088,0.062299,10.182355,0.005816,0.343412,0.001739,1.524864
0.202000,0.129171,0.509108,9.708174,0.004427,0.345197,0.001663,1.526088
0.204000,0.127068,0.438470,9.675981,-0.000547,0.346995,0.001822,1.527319
0.206000,0.122024,-0.031696,9.173993,-0.004852,0.348823,0.001967,1.528559
0.208000,0.125042,-0.032241,9.239888,-0.004348,0.350755,0.002139,1.529805
0.210000,0.127645,-0.028001,9.301430,-0.003828,0.352787,0.002318,1.531057
0.212000,0.129770,-0.606074,9.858382,-0.003332,0.354915,0.002492,1.532317
0.214000,0.130803,-0.040080,10.347866,0.001785,0.357040,0.002328,1.533588
0.216000,0.124382,-0.046608,10.213617,0.001250,0.359100,0.002229,1.534872
0.218000,0.118801,-0.052364,10.097904,0.000796,0.361139,0.002139,1.536168
0.220000,0.113962,-0.057361,9.998615,0.000415,0.363166,0.002060,1.537477
0.222000,0.108545,0.389861,9.560751,0.000098,0.365191,0.001992,1.538797
0.224000,0.104785,-0.040745,9.102334,-0.003809,0.367242,0.002156,1.540125
0.226000,0.106963,-0.035544,9.168713,-0.003296,0.369386,0.002361,1.541461
0.228000,0.108852,-0.029781,9.230899,-0.002807,0.371612,0.002565,1.542804
0.230000,0.111590,-0.574753,9.764369,-0.002348,0.373917,0.002763,1.544154
0.232000,0.112964,-0.039581,10.240704,0.002481,0.376267,0.002666,1.545517
0.234000,0.107737,-0.044986,10.122637,0.001922,0.378596,0.002598,1.546894
0.236000,0.103191,-0.049928,10.020435,0.001435,0.380917,0.002539,1.548284
0.238000,0.099249,-0.054346,9.932451,0.001013,0.383240,0.002490,1.549688
0.240000,0.093125,0.005035,9.071986,0.000650,0.385572,0.002450,1.551104
0.242000,0.095302,0.008821,9.137984,0.000702,0.387978,0.002671,1.552529
0.244000,0.097263,0.012597,9.199493,0.000745,0.390471,0.002885,1.553962
0.246000,0.101070,0.452943,9.783507,0.000777,0.393050,0.003091,1.555404
0.248000,0.100262,-0.150763,10.165344,-0.003731,0.395660,0.003227,1.556859
0.250000,0.056508,1.202610,8.867526,-0.003291,0.398294,0.003162,1.558330
0.252000,0.053507,1.171970,8.840531,-0.015651,0.400559,0.003665,1.559807
0.254000,-0.037361,2.051504,8.111723,-0.027757,0.402831,0.004145,1.561290
0.256000,0.101347,-0.494974,9.634869,-0.046665,0.403965,0.005374,1.562769
0.258000,0.078139,0.155405,9.099422,-0.041787,0.406811,0.005001,1.564262
0.260000,0.081598,0.238775,9.090704,-0.042391,0.409479,0.004865,1.565765
0.262000,0.081722,-1.316711,8.665919,-0.043703,0.412280,0.004781,1.567278
0.264000,-0.025376,-2.089789,7.629699,-0.032434,0.415331,0.003836,1.568800
0.266000,0.134383,-0.982307,9.772225,-0.013299,0.417236,0.002488,1.570322
0.268000,0.158548,-1.200220,10.953353,-0.003683,0.420897,0.002532,1.571861
0.270000,0.099859,0.336263,9.338958,0.006436,0.424845,0.002414,1.573428
0.272000,0.097830,0.399709,9.219520,0.002560,0.428311,0.002380,1.575009
0.274000,0.110938,0.814663,9.595376,-0.001876,0.431843,0.002274,1.576604
0.276000,0.018728,2.444263,9.407720,-0.010417,0.435513,0.002398,1.578217
0.278000,0.114593,1.081017,10.221000,-0.033249,0.437849,0.004039,1.579838
0.280000,0.021622,-0.327903,8.296293,-0.045099,0.441492,0.004481,1.581481
0.282000,0.113135,-1.774095,9.922671,-0.044785,0.444209,0.003883,1.583130
0.284000,-0.053174,-1.729005,7.637303,-0.029874,0.448034,0.003010,1.584799
0.286000,0.073075,-0.539635,8.962112,-0.013556,0.449966,0.002062,1.586469
0.288000,0.136806,0.998397,10.584842,-0.009156,0.453347,0.001945,1.588152
0.290000,0.122158,0.747790,9.959069,-0.017406,0.457489,0.002511,1.589861
0.292000,0.203011,-1.576964,11.891805,-0.023011,0.461597,0.003127,1.591592
0.294000,0.144793,0.187380,9.904736,-0.009749,0.466953,0.002669,1.593362
0.296000,0.147015,0.558897,10.070130,-0.012579,0.471736,0.002824,1.595158
0.298000,-0.077704,0.819843,7.322061,-0.019050,0.476573,0.002993,1.596979
0.300000,0.013922,-2.848618,9.344278,-0.028051,0.478591,0.003066,1.598799
0.302000,0.209228,0.413398,11.831455,-0.003063,0.481876,0.001209,1.600635
0.304000,0.190276,-0.253453,10.599187,-0.007246,0.487360,0.001948,1.602512
0.306000,0.192355,-0.638650,10.725404,-0.004471,0.492799,0.002717,1.604422
0.308000,0.184936,-0.576195,10.458668,0.001421,0.498435,0.003159,1.606367
0.310000,0.143176,0.540028,9.853032,0.006799,0.504089,0.003653,1.608345
0.312000,0.079108,-0.296778,8.612724,0.000473,0.509388,0.003989,1.610352
0.314000,-0.248661,-0.129267,5.667073,0.000293,0.514012,0.003515,1.612376
0.316000,0.087913,-0.295781,8.932495,0.001137,0.514342,0.003287,1.614383
0.318000,0.146338,1.081999,10.323324,0.000571,0.518988,0.003011,1.616411
0.320000,0.198945,-0.979684,11.996499,-0.010887,0.524390,0.003556,1.618471
0.322000,0.159726,0.486046,10.357462,-0.003173,0.530593,0.003718,1.620577
0.324000,0.149050,0.559247,10.062452,-0.006988,0.536269,0.004410,1.622718
0.326000,0.082782,-0.587204,8.828210,-0.011427,0.541932,0.005018,1.624891
0.328000,-1.185428,-1.899421,8.632701,-0.006608,0.546949,0.004576,1.627087
0.330000,-1.114061,0.052860,12.596747,0.011140,0.554762,0.004064,1.629318
0.332000,-1.115799,0.063373,12.063543,0.011003,0.565221,0.004584,1.631619
0.334000,-1.108960,-0.492012,12.101621,0.010837,0.573293,0.004957,1.633978
0.336000,-1.102688,-0.447004,11.625917,0.015276,0.579676,0.005209,1.636389
0.338000,-1.093515,-0.406383,11.204408,0.019349,0.584300,0.005457,1.638841
0.340000,-1.081892,-0.368214,10.832752,0.023081,0.587437,0.005693,1.641325
0.342000,-1.068686,-0.332866,10.504926,0.026490,0.589324,0.005921,1.643835
0.344000,-1.054670,-0.312850,10.202481,0.029607,0.590167,0.006114,1.646363
0.346000,-1.039207,-0.330854,9.900460,0.032578,0.590138,0.006216,1.648905
0.348000,-1.022800,-0.356135,9.582444,0.035734,0.589374,0.006265,1.651454
0.350000,-1.005780,-0.357327,9.235982,0.039132,0.587990,0.006279,1.654007
0.352000,-0.987913,-0.337323,8.887349,0.042551,0.586075,0.006266,1.656559
0.354000,-0.969908,-0.265352,8.595921,0.045789,0.583719,0.006268,1.659106
0.356000,-0.951692,-0.202986,8.414530,0.048313,0.581027,0.006281,1.661643
0.358000,-0.933744,-0.150473,8.318507,0.050250,0.578119,0.006303,1.664170
0.360000,-0.916034,-0.115415,8.294311,0.051717,0.575082,0.006337,1.666684
0.362000,-0.898497,0.519088,9.056759,0.052872,0.571994,0.006394,1.669185
0.364000,-0.887922,-2.329947,5.760710,0.048162,0.569368,0.005692,1.671679
0.366000,-0.868140,0.143931,1.893604,0.068466,0.565411,0.004589,1.674141
0.368000,-0.826409,3.509959,7.822651,0.066587,0.559831,0.003754,1.676536
0.370000,-0.811997,3.475515,7.793529,0.034931,0.557155,0.004968,1.678915
0.372000,-0.815972,0.089489,11.155375,0.003646,0.554564,0.006134,1.681276
0.374000,-0.807439,0.082039,10.962491,0.002861,0.553280,0.005398,1.683649
0.376000,-0.798986,0.072977,10.789227,0.002150,0.551947,0.004644,1.686033
0.378000,-0.809771,-1.952015,12.533444,0.001529,0.550579,0.003880,1.688427
0.380000,-0.814402,0.260016,14.058416,0.016812,0.549700,0.003201,1.690845
0.382000,-0.809069,0.190348,13.159611,0.011042,0.548749,0.003081,1.693295
0.384000,-0.802631,0.127897,12.385141,0.006104,0.547387,0.002887,1.695770
0.386000,-0.795327,0.072416,11.722769,0.001907,0.545694,0.002624,1.698263
0.388000,-0.786959,0.022416,11.161416,-0.001631,0.543743,0.002302,1.700769
0.390000,-0.751794,2.574130,6.232827,-0.004583,0.541598,0.001967,1.703284
0.392000,-0.739020,2.444343,6.062432,-0.030148,0.537637,0.002908,1.705764
0.394000,-0.724719,-0.094228,1.618150,-0.054514,0.533784,0.003819,1.708209
0.396000,-0.723256,-3.441076,6.979284,-0.054439,0.528847,0.003271,1.710587
0.398000,-0.703224,-0.274802,10.697477,-0.024673,0.526466,0.002094,1.712946
0.400000,-0.696656,-0.286981,10.557724,-0.022897,0.525415,0.002057,1.715314
0.402000,-0.727889,-0.670799,13.224500,-0.021003,0.524411,0.002063,1.717692
0.404000,-0.726179,-0.663422,12.779851,-0.018134,0.524026,0.001825,1.720100
0.406000,-0.719876,0.895224,11.062508,-0.015137,0.523531,0.001646,1.722534
0.408000,-0.716488,0.954771,10.785320,-0.026284,0.522282,0.001813,1.724979
0.410000,-0.712837,0.984510,10.521511,-0.037853,0.520998,0.002025,1.727432
0.412000,-0.714158,-0.587437,8.407868,-0.049609,0.519683,0.002266,1.729892
0.414000,-0.756791,0.412093,7.286159,-0.047982,0.517389,0.001634,1.732341
0.416000,-0.752396,0.482991,7.139028,-0.053578,0.513111,0.000812,1.734761
0.418000,-0.687764,-1.111279,8.718867,-0.059829,0.508762,0.000051,1.737150
0.420000,-0.681131,-1.031554,8.545584,-0.053973,0.507183,-0.000196,1.739533
0.422000,-0.715672,-1.427820,7.708064,-0.048899,0.505629,-0.000224,1.741909
0.424000,-0.713193,-1.426896,7.511888,-0.038926,0.502099,-0.000235,1.744262
0.426000,-0.688341,-3.460334,12.347011,-0.029003,0.498525,-0.000215,1.746592
0.428000,-0.663772,0.445083,13.566113,-0.001573,0.499780,-0.001439,1.748955
0.430000,-0.657776,-0.464985,12.255649,-0.005993,0.501680,-0.001081,1.751361
0.432000,-0.655406,-0.322627,11.551682,-0.001039,0.503320,-0.000446,1.753800
0.434000,-0.656990,-0.390079,10.699673,0.002761,0.504616,0.000265,1.756268
0.436000,-0.647142,-0.030008,9.903166,0.007464,0.505396,0.000847,1.758754
0.438000,-0.646233,-0.002531,9.529323,0.009027,0.505755,0.001660,1.761252
0.440000,-0.641934,0.254005,9.517619,0.010398,0.505959,0.002452,1.763759
0.442000,-0.642259,0.277637,9.241384,0.009362,0.506342,0.003316,1.766275
0.444000,-0.642716,0.297424,9.006988,0.008180,0.506621,0.004040,1.768797
0.446000,-0.642058,0.796782,10.125204,0.006878,0.506819,0.004612,1.771324
0.448000,-0.629422,-0.164093,10.751547,0.000589,0.508115,0.004486,1.773869
0.450000,-0.663819,-1.460699,12.675020,0.002259,0.510205,0.005176,1.776441
0.452000,-0.677907,-0.349787,13.046700,0.013152,0.513324,0.005073,1.779059
0.454000,-0.664346,-0.280724,9.904706,0.013355,0.516200,0.005317,1.781724
0.456000,-0.662820,-0.274575,9.486563,0.012084,0.517160,0.004888,1.784405
0.458000,-0.661358,-0.270402,9.132779,0.010796,0.517873,0.004526,1.787097
0.460000,-0.660187,-0.267500,8.835715,0.009489,0.518383,0.004224,1.789797
0.462000,-0.688250,-1.309069,7.243170,0.008162,0.518732,0.003957,1.792503
0.464000,-0.735455,-0.153292,5.638775,0.016955,0.516818,0.004146,1.795191
0.466000,-0.651039,-0.043039,9.282119,0.017610,0.511957,0.003565,1.797835
0.468000,-0.662630,2.014526,11.468022,0.013941,0.512989,0.003277,1.800490
0.470000,-0.675637,-0.879339,12.659234,-0.007107,0.515413,0.003870,1.803179
0.472000,-0.663987,-0.164118,11.652016,-0.001327,0.518951,0.004163,1.805917
0.474000,-0.663217,0.633192,10.588585,-0.000738,0.521963,0.004110,1.808694
0.476000,-0.655522,0.415279,9.878940,-0.006364,0.524121,0.003800,1.811500
0.478000,-0.656374,0.471533,9.599725,-0.009651,0.525965,0.003825,1.814326
0.480000,-0.657279,0.519499,9.362879,-0.013354,0.527665,0.003744,1.817171
0.482000,-0.660844,0.875959,9.608845,-0.017414,0.529246,0.003562,1.820033
0.484000,-0.661699,0.648573,9.649672,-0.025037,0.530963,0.003369,1.822913
0.486000,-0.658954,-0.713606,10.644862,-0.030696,0.532883,0.003025,1.825814
0.488000,-0.698799,-1.049051,11.768606,-0.025287,0.535899,0.003482,1.828749
0.490000,-0.687802,0.502861,10.070014,-0.018767,0.539199,0.003787,1.831729
0.492000,-0.663452,-0.806089,8.224844,-0.026141,0.541281,0.003543,1.834734
0.494000,-0.663129,-0.748868,8.051449,-0.022606,0.542093,0.003746,1.837745
0.496000,-0.699741,0.568157,6.625648,-0.019610,0.542786,0.003935,1.840759
0.498000,-0.689828,-1.667579,7.147680,-0.026639,0.540896,0.003275,1.843752
0.500000,-0.723797,-3.655737,9.622129,-0.014637,0.539820,0.003370,1.846733
0.502000,-0.685715,-0.279954,11.593030,0.015313,0.540819,0.002998,1.849732
0.504000,-0.673715,-0.169889,10.631994,0.016119,0.544626,0.003609,1.852777
0.506000,-0.672837,-0.139052,10.332226,0.016887,0.547958,0.004280,1.855861
0.508000,-0.669750,0.482026,9.532599,0.017472,0.551109,0.004978,1.858979
0.510000,-0.672312,-0.128723,9.916390,0.013160,0.553521,0.005566,1.862122
0.512000,-0.672742,-0.105930,9.720747,0.013795,0.556463,0.006281,1.865297
0.514000,-0.704610,-1.276069,10.600054,0.014278,0.559291,0.006998,1.868500
0.516000,-0.692235,0.719200,9.323729,0.023700,0.562695,0.007226,1.871744
0.518000,-0.713069,1.959214,8.158033,0.015179,0.565041,0.006834,1.875011
0.520000,-0.709045,1.159979,10.095829,-0.002992,0.565202,0.006555,1.878280
0.522000,-0.714621,-2.005697,10.221889,-0.016434,0.567873,0.006630,1.881581
0.524000,-0.695378,-1.416811,9.398965,-0.002099,0.570768,0.006741,1.884916
0.526000,-0.710323,-2.005870,7.701955,0.007833,0.573130,0.007059,1.888279
0.528000,-0.687488,-0.825430,9.011007,0.024441,0.573168,0.007465,1.891642
0.530000,-0.694803,-1.211760,9.241572,0.029425,0.575379,0.007972,1.895027
0.532000,-0.719066,-1.874061,9.766473,0.037446,0.577857,0.008407,1.898440
0.534000,-0.686794,-0.293967,7.847007,0.050406,0.580662,0.008328,1.901885
0.536000,-0.726915,-0.080222,5.058512,0.048903,0.581878,0.008871,1.905338
0.538000,-0.705032,-0.396060,10.698780,0.049275,0.577838,0.009408,1.908747
0.540000,-0.696826,-0.096723,9.990131,0.052274,0.581966,0.009392,1.912204
0.542000,-0.680233,0.068821,9.967563,0.053177,0.585537,0.009472,1.915700
0.544000,-0.674585,0.013553,9.708904,0.052454,0.589224,0.009787,1.919236
0.546000,-0.675884,-0.447086,9.891197,0.052262,0.592720,0.010236,1.922809
0.548000,-0.697292,-0.451406,11.140511,0.055772,0.596438,0.010712,1.926423
0.550000,-0.697411,-0.408138,10.784973,0.057780,0.601188,0.011269,1.930094
0.552000,-0.688273,1.451195,9.791835,0.059514,0.605626,0.011859,1.933818
0.554000,-0.688752,1.398496,9.568559,0.044422,0.609119,0.011623,1.937581
0.556000,-0.719349,2.174889,10.455709,0.029831,0.612430,0.011480,1.941380
0.558000,-0.720308,1.522022,7.533850,0.007279,0.616014,0.011497,1.945223
0.560000,-0.692266,0.270771,8.543316,-0.008682,0.615845,0.010926,1.949066
0.562000,-0.709939,-1.614047,7.755343,-0.014927,0.617909,0.010538,1.952931
0.564000,-0.701840,-0.242363,9.307756,-0.001288,0.618178,0.011261,1.956801
0.566000,-0.699989,-0.258362,9.035307,-0.001061,0.621106,0.010971,1.960706
0.568000,-0.699149,-0.279952,8.805516,-0.000660,0.623843,0.010823,1.964643
0.570000,-0.701069,-1.013469,9.363614,-0.000041,0.626425,0.010769,1.968608
0.572000,-0.735328,-2.276828,8.711301,0.006354,0.629830,0.011343,1.972613
0.574000,-0.767085,1.608076,11.628305,0.024850,0.631239,0.011976,1.976641
0.576000,-0.760935,2.365927,9.242046,0.007110,0.636523,0.011678,1.980737
0.578000,-0.738999,0.212586,9.741346,-0.014826,0.638542,0.011251,1.984861
0.580000,-0.737064,0.196566,9.400605,-0.018682,0.642565,0.010816,1.989033
0.582000,-0.766836,-1.725071,11.096673,-0.022330,0.646237,0.010380,1.993248
0.584000,-0.764976,-1.624902,10.671521,-0.008916,0.651539,0.010821,1.997532
0.586000,-0.744131,-1.021319,9.824232,0.003717,0.656419,0.011281,2.001880
0.588000,-0.750600,-0.336182,10.339089,0.011885,0.660556,0.011876,2.006280
0.590000,-0.762156,0.099303,10.566634,0.013534,0.665283,0.012568,2.010741
0.592000,-0.764172,0.077878,10.326432,0.011057,0.670178,0.012861,2.015266
0.594000,-0.780562,-1.087775,10.142791,0.008825,0.674860,0.013113,2.019853
0.596000,-0.773746,1.409229,7.107662,0.014677,0.678913,0.013576,2.024496
0.598000,-0.767958,-1.763815,7.811945,-0.000273,0.678643,0.012675,2.029141
0.600000,-0.754932,-0.466979,9.275100,0.014000,0.679531,0.013531,2.033803
0.602000,-0.754776,-0.530411,9.055234,0.015380,0.683071,0.014145,2.038512
0.604000,-0.763411,-0.986235,9.295924,0.017375,0.686450,0.014759,2.043266
0.606000,-0.764289,-1.021765,9.114714,0.022909,0.690160,0.015399,2.048071
0.608000,-0.820232,-2.588002,8.894372,0.028780,0.693732,0.016050,2.052924
0.610000,-0.791763,0.969337,9.445668,0.048732,0.695555,0.016529,2.057812
0.612000,-0.791668,0.875812,9.139154,0.038265,0.699613,0.016416,2.062754
0.614000,-0.810097,1.830262,7.872580,0.028720,0.703345,0.016119,2.067748
0.616000,-0.790484,0.491350,8.917757,0.012315,0.704511,0.015404,2.072762
0.618000,-0.822340,-1.357478,10.576481,0.006147,0.708071,0.015049,2.077824
0.620000,-0.809436,-0.133534,10.566037,0.016293,0.713446,0.015631,2.082965
0.622000,-0.828677,0.306733,10.791194,0.015884,0.718933,0.016404,2.088183
0.624000,-0.855120,1.316445,11.175515,0.011410,0.724600,0.016104,2.093484
0.626000,-0.853240,1.140746,10.762699,-0.002594,0.730222,0.015677,2.098871
0.628000,-0.807780,-0.425107,8.874113,-0.014963,0.735449,0.015248,2.104337
0.630000,-0.812134,-0.858466,9.060606,-0.013809,0.738816,0.015423,2.109857
0.632000,-0.827247,1.024419,6.760913,-0.009276,0.742471,0.016023,2.115433
0.634000,-0.816620,-1.303158,9.161126,-0.020907,0.742060,0.015061,2.121016
0.636000,-0.833578,-2.090710,8.054477,-0.012579,0.746022,0.015714,2.126660
0.638000,-0.833994,-2.119803,7.914376,0.004026,0.747510,0.016612,2.132340
0.640000,-0.882067,0.100184,11.562563,0.020823,0.748855,0.017616,2.138051
0.642000,-0.872314,-0.209443,10.832193,0.016713,0.755619,0.018161,2.143868
0.644000,-0.850605,1.090104,9.207459,0.015900,0.761770,0.018738,2.149781
0.646000,-0.849767,1.024492,8.990122,0.003856,0.766048,0.018097,2.155763
0.648000,-0.849418,0.963187,8.806586,-0.007553,0.770091,0.017434,2.161809
0.650000,-0.873068,1.805369,7.863641,-0.018379,0.773939,0.016750,2.167918
0.652000,-0.880681,-1.224320,10.556719,-0.035130,0.775585,0.015641,2.174064
0.654000,-0.853856,-0.404505,9.594058,-0.026871,0.781606,0.016388,2.180310
0.656000,-0.868672,0.567921,9.398814,-0.024653,0.786595,0.017182,2.186638
0.658000,-0.869697,0.571865,9.211630,-0.030590,0.791137,0.016502,2.193045
0.660000,-0.901497,1.259068,9.971908,-0.036491,0.795507,0.015806,2.199528
0.662000,-0.859411,-0.745621,8.837589,-0.049514,0.800351,0.015315,2.206098
0.664000,-0.868592,-1.213202,9.090510,-0.045749,0.804240,0.015892,2.212740
0.666000,-0.877830,-2.172839,7.832500,-0.038314,0.808543,0.016578,2.219462
0.668000,-0.869900,-0.590219,8.406764,-0.021265,0.810394,0.017734,2.226233
0.670000,-0.868243,-0.579487,8.192706,-0.020867,0.813849,0.018248,2.233071
0.672000,-0.895716,0.654012,6.803179,-0.020561,0.817051,0.018766,2.239973
0.674000,-0.884849,-1.575354,7.173819,-0.029199,0.816973,0.017665,2.246899
0.676000,-0.939759,1.495638,10.675489,-0.018904,0.817609,0.018404,2.253858
0.678000,-0.913525,0.847668,9.575029,-0.036313,0.823832,0.017819,2.260932
0.680000,-0.924735,-1.378702,10.518521,-0.046966,0.829124,0.017136,2.268104
0.682000,-0.911773,-0.563627,9.413678,-0.036964,0.835813,0.017954,2.275399
0.684000,-0.908298,-0.454680,9.060483,-0.032661,0.840905,0.018790,2.282794
0.686000,-0.920063,0.177375,9.461080,-0.029182,0.845550,0.019613,2.290282
0.688000,-0.916976,0.495116,8.967238,-0.031721,0.850733,0.020014,2.297874
0.690000,-0.914095,0.256977,9.006814,-0.036747,0.855285,0.019554,2.305561
0.692000,-0.972114,-1.614689,11.253336,-0.039888,0.860079,0.019598,2.313347
0.694000,-0.999481,-0.776764,11.549019,-0.029589,0.867924,0.020365,2.321285
0.696000,-0.961160,-1.939717,9.945871,-0.027349,0.875699,0.020981,2.329377
0.698000,-0.959281,-1.872348,9.606036,-0.015196,0.881501,0.021855,2.337594
0.700000,-0.958551,-1.807540,9.313295,-0.003576,0.886873,0.022735,2.345932
0.702000,-0.968869,-2.585176,8.180818,0.007561,0.891870,0.023544,2.354384
0.704000,-0.967610,-2.542581,7.991421,0.026603,0.894377,0.024703,2.362919
0.706000,-1.006589,0.519658,10.784380,0.045210,0.896585,0.025964,2.371532
0.708000,-0.984960,0.006250,9.971256,0.036295,0.903458,0.026449,2.380297
0.710000,-0.984159,-0.022052,9.725140,0.032639,0.909523,0.027002,2.389201
0.712000,-0.976329,-0.321877,9.223237,0.029368,0.915300,0.027541,2.398240
0.714000,-0.976471,-0.336870,9.065127,0.029205,0.920586,0.028176,2.407409
0.716000,-0.959206,0.092357,8.545401,0.029256,0.925682,0.028802,2.416705
0.718000,-0.970187,0.354772,8.857645,0.026287,0.930116,0.029412,2.426119
0.720000,-0.971957,0.291859,8.790475,0.020665,0.934910,0.029860,2.435660
0.722000,-0.994096,-0.277167,9.159894,0.015629,0.939666,0.030341,2.445329
0.724000,-1.033915,0.383654,9.716455,0.014870,0.944971,0.030844,2.455138
0.726000,-1.032066,0.276186,9.504200,0.007752,0.950660,0.030271,2.465099
0.728000,-1.030805,0.180027,9.318375,0.001567,0.956086,0.029840,2.475209
0.730000,-0.983466,-1.197088,7.974495,-0.003721,0.961283,0.029521,2.485468
0.732000,-0.965145,-0.787976,7.484260,0.002607,0.964780,0.030314,2.495847
0.734000,-0.987623,-1.335836,7.979113,0.006001,0.967640,0.031048,2.506336
0.736000,-0.978166,-1.577699,6.639872,0.013404,0.971292,0.031931,2.516950
0.738000,-0.988861,0.989949,5.889462,0.024878,0.971845,0.033099,2.527645
0.740000,-1.046957,1.091002,9.826640,0.013318,0.971297,0.031585,2.538397
0.742000,-1.028113,0.672997,9.226479,0.000719,0.977669,0.030604,2.549330
0.744000,-0.994266,-0.017601,8.335858,-0.007612,0.983422,0.029726,2.560434
0.746000,-0.993985,-0.090565,8.224435,-0.009088,0.988229,0.030546,2.571692
0.748000,-1.000864,-0.500775,8.481393,-0.009855,0.992921,0.031378,2.583106
0.750000,-1.001892,-0.560977,8.393297,-0.007473,0.998087,0.032400,2.594687
0.752000,-1.036074,-1.397347,9.069484,-0.004537,1.003167,0.033446,2.606436
0.754000,-1.039808,0.797720,8.705085,0.004568,1.009266,0.034480,2.618378
0.756000,-1.022163,0.075604,7.843156,-0.006062,1.014593,0.033485,2.630500
0.758000,-1.041560,0.981439,6.718762,-0.011762,1.018372,0.032751,2.642779
0.760000,-1.014977,-1.192294,6.659279,-0.023723,1.019096,0.031268,2.655166
0.762000,-1.020455,-0.095391,7.980371,-0.017286,1.019978,0.032290,2.667666
0.764000,-1.117054,0.184078,11.274607,-0.021923,1.024326,0.031861,2.680339
0.766000,-1.075057,0.508962,9.707174,-0.027944,1.033744,0.031109,2.693291
0.768000,-1.063379,0.459582,8.944938,-0.034881,1.040849,0.030339,2.706481
0.770000,-1.062592,0.470318,8.715886,-0.040557,1.046891,0.029630,2.719891
0.772000,-1.060838,0.260050,8.712840,-0.046193,1.052614,0.028893,2.733520
0.774000,-1.067851,-0.128942,9.471242,-0.050158,1.058518,0.028480,2.747376
0.776000,-1.116220,0.523904,9.724231,-0.051975,1.065777,0.029093,2.761491
0.778000,-1.047193,-0.875723,7.846955,-0.061722,1.073015,0.028176,2.775872
0.780000,-1.078705,-0.456436,5.336762,-0.059745,1.077474,0.028873,2.790468
0.782000,-1.147627,-1.203098,11.516188,-0.057768,1.074546,0.028661,2.805145
0.784000,-1.089138,-1.042330,9.750841,-0.053134,1.085216,0.029631,2.820176
0.786000,-1.080114,-0.620822,9.148324,-0.047695,1.093386,0.030794,2.835511
0.788000,-1.079846,-0.584133,8.936762,-0.045267,1.100572,0.031861,2.851136
0.790000,-1.088051,-0.951856,9.114916,-0.043052,1.107440,0.032912,2.867053
0.792000,-1.099754,-0.637760,9.275269,-0.038087,1.114684,0.034048,2.883275
0.794000,-1.130627,-1.467066,9.821290,-0.036193,1.122093,0.034895,2.899815
0.796000,-1.159865,-0.778049,10.129997,-0.028265,1.130444,0.036071,2.916702
0.798000,-1.078629,-0.556049,7.223235,-0.026944,1.138903,0.036888,2.933951
0.800000,-1.076750,-0.556273,7.100549,-0.027625,1.142443,0.037524,2.951456
0.802000,-1.104362,-0.333736,4.981102,-0.028323,1.145820,0.038162,2.969220
0.804000,-1.123331,-2.304787,9.400467,-0.027581,1.142438,0.038397,2.987112
0.806000,-1.160921,-0.072056,10.154859,-0.013765,1.150364,0.040082,3.005376
0.808000,-1.131928,-0.124330,9.161961,-0.018136,1.159226,0.040641,3.024048
0.810000,-1.120962,-0.311801,8.683324,-0.020839,1.166610,0.041212,3.043099
0.812000,-1.119884,-0.300900,8.506195,-0.021386,1.173397,0.042107,3.062526
0.814000,-1.119495,-0.291314,8.353153,-0.021923,1.179914,0.043037,3.082332
0.816000,-1.126861,-0.651906,8.553189,-0.022448,1.186203,0.043977,3.102520
0.818000,-1.138112,-0.393136,8.731214,-0.020267,1.192952,0.045001,3.123113
0.820000,-1.175755,0.590739,8.709620,-0.020674,1.199916,0.045728,3.144127
0.822000,-1.111221,-0.693565,7.048981,-0.031246,1.206366,0.045170,3.165565
0.824000,-1.137026,-0.414408,4.919335,-0.030973,1.210096,0.045879,3.187365
0.826000,-1.187132,0.757989,9.049385,-0.029740,1.206825,0.046185,3.209374
0.828000,-1.153649,0.305811,8.262818,-0.042002,1.214204,0.045070,3.231858
0.830000,-1.157188,-1.293065,9.217213,-0.049705,1.220457,0.044637,3.254798
0.832000,-1.140960,-0.208088,8.076393,-0.042808,1.228926,0.045942,3.278266
0.834000,-1.140765,-0.127600,7.893617,-0.043640,1.234971,0.046807,3.302213
0.836000,-1.150616,0.176249,8.078446,-0.045043,1.240722,0.047596,3.326644
0.838000,-1.151841,0.024096,8.118822,-0.049430,1.246717,0.048100,3.351583
0.840000,-1.193646,-0.487648,9.540439,-0.052663,1.252997,0.048681,3.377050
0.842000,-1.145819,-1.166796,7.510194,-0.053643,1.261977,0.049636,3.403140
0.844000,-1.143382,-1.099920,7.311899,-0.049991,1.267259,0.050625,3.429765
0.846000,-1.172110,-0.596579,5.098448,-0.046876,1.272173,0.051597,3.456929
0.848000,-1.183425,-2.759605,9.478914,-0.044448,1.269422,0.051972,3.484440
0.850000,-1.197594,-0.769100,9.555198,-0.027726,1.279127,0.054240,3.512661
0.852000,-1.191525,-0.365415,8.943162,-0.026301,1.288716,0.055254,3.541613
0.854000,-1.181094,-0.512913,8.457084,-0.027598,1.297138,0.055989,3.571286
0.856000,-1.186614,-0.851897,8.594118,-0.027070,1.304837,0.057031,3.601679
0.858000,-1.186623,-0.819197,8.404649,-0.024042,1.312898,0.058189,3.632828
0.860000,-1.213760,-1.631705,8.999077,-0.021197,1.320619,0.059343,3.664749
0.862000,-1.221355,-1.259991,8.975042,-0.012653,1.329601,0.061002,3.697510
0.864000,-1.171045,-0.556375,6.772581,-0.007494,1.338368,0.062377,3.731137
0.866000,-1.171794,-1.240819,5.764545,-0.008896,1.342395,0.063153,3.765498
0.868000,-1.280884,1.835380,7.779709,-0.003006,1.343288,0.064530,3.800517
0.870000,-1.200239,0.321512,7.786553,-0.023163,1.347921,0.062126,3.836349
0.872000,-1.214906,-0.914722,8.860583,-0.031565,1.354246,0.062539,3.873074
0.874000,-1.194558,-0.282439,7.691750,-0.028882,1.363097,0.063695,3.910814
0.876000,-1.203045,-0.014253,7.821638,-0.029824,1.369556,0.064707,3.949520
0.878000,-1.203411,0.037289,7.673157,-0.033402,1.376166,0.065429,3.989236
0.880000,-1.203654,0.075893,7.538442,-0.037313,1.382532,0.066086,4.029989
0.882000,-1.238190,0.039039,8.526509,-0.041451,1.388685,0.066690,4.071813
0.884000,-1.217625,-2.358341,8.376008,-0.046840,1.396837,0.067341,4.114829
0.886000,-1.189432,-0.980765,6.696443,-0.033544,1.405226,0.069565,4.159093
0.888000,-1.192876,-1.547649,5.778228,-0.031626,1.409838,0.070661,4.204499
0.890000,-1.217039,0.199416,5.797968,-0.023452,1.411413,0.072217,4.250972
0.892000,-1.258810,-1.353711,9.601789,-0.029939,1.412512,0.072279,4.298532
0.894000,-1.231224,-0.803875,8.491429,-0.025143,1.423793,0.073819,4.347662
0.896000,-1.212294,-0.766248,7.565337,-0.023390,1.432807,0.075113,4.398327
0.898000,-1.209982,-0.729578,7.384948,-0.020636,1.439947,0.076602,4.450511
0.900000,-1.221533,-0.359893,7.684174,-0.018075,1.446736,0.078117,4.504262
0.902000,-1.223557,-0.671963,7.833110,-0.019200,1.454149,0.079258,4.559683
0.904000,-1.233854,-0.423394,7.975113,-0.018088,1.462011,0.080682,4.616872
0.906000,-1.238823,-1.786299,8.090407,-0.019461,1.470077,0.081757,4.675924
0.908000,-1.215802,-1.298579,5.610471,-0.011369,1.478461,0.083730,4.736943
0.910000,-1.279725,0.877605,8.063345,-0.005477,1.480011,0.085257,4.799671
0.912000,-1.292728,1.209917,6.568121,-0.019797,1.487859,0.085168,4.864525
0.914000,-1.239007,0.174038,7.291169,-0.034019,1.491450,0.083156,4.931379
0.916000,-1.236867,0.184468,7.129324,-0.041491,1.498147,0.083637,5.000000
0.918000,-1.239182,-0.795324,8.026639,-0.048938,1.504545,0.084068,5.000000
0.920000,-1.237745,-0.131189,7.298842,-0.047308,1.513323,0.085439,5.000000
0.922000,-1.272853,0.395527,7.767111,-0.050168,1.520148,0.086258,5.000000
0.924000,-1.269985,0.385690,7.511325,-0.058350,1.527727,0.086563,5.000000
0.926000,-1.206700,-0.618429,6.048175,-0.066245,1.534794,0.086830,5.000000
0.928000,-1.204427,-0.771301,6.128954,-0.065213,1.538827,0.087958,5.000000
0.930000,-1.205376,-1.685528,6.984084,-0.063107,1.543333,0.089161,5.000000
0.932000,-1.221141,-1.910682,5.940937,-0.054672,1.550355,0.091187,5.000000
0.934000,-1.261250,-0.139174,7.723436,-0.044321,1.553748,0.093187,5.000000
0.936000,-1.296557,0.769741,6.412755,-0.050148,1.562262,0.093919,5.000000
0.938000,-1.235650,-0.686211,6.934193,-0.060901,1.566341,0.093173,5.000000
0.940000,-1.252861,-2.189863,8.367041,-0.060896,1.573587,0.094497,5.000000
0.942000,-1.231631,-1.396173,7.399072,-0.048759,1.584644,0.097087,5.000000
0.944000,-1.229827,-1.308697,7.180887,-0.041894,1.593186,0.099274,5.000000
0.946000,-1.241047,-0.924330,7.401942,-0.035616,1.601247,0.101467,5.000000
0.948000,-1.248890,-0.667028,7.478990,-0.033089,1.609819,0.103248,5.000000
0.950000,-1.248498,-0.633519,7.305037,-0.033064,1.618463,0.104727,5.000000
0.952000,-1.300446,-0.756411,8.337249,-0.033203,1.626748,0.106180,5.000000
0.954000,-1.233185,-0.473336,5.854769,-0.034326,1.637319,0.107614,5.000000
0.956000,-1.263613,0.281164,5.020449,-0.037081,1.641780,0.108580,5.000000
0.958000,-1.223107,-2.001955,6.050685,-0.044415,1.642706,0.108701,5.000000
0.960000,-1.221255,-0.979915,6.494660,-0.032468,1.647181,0.111221,5.000000
0.962000,-1.286115,0.250356,7.717736,-0.030204,1.653893,0.112829,5.000000
0.964000,-1.256718,-0.104122,7.061980,-0.038554,1.663221,0.113430,5.000000
0.966000,-1.254573,-0.103311,6.889978,-0.043089,1.671248,0.114364,5.000000
0.968000,-1.245609,-0.528840,6.809625,-0.047463,1.678936,0.115285,5.000000
0.970000,-1.258061,-1.290084,7.346478,-0.048204,1.686818,0.116748,5.000000
0.972000,-1.247490,-0.160683,6.039863,-0.043815,1.696322,0.118901,5.000000
0.974000,-1.243423,-0.137251,5.910980,-0.048187,1.702218,0.119842,5.000000
0.976000,-1.287110,0.736266,5.421881,-0.052657,1.707835,0.120735,5.000000
0.978000,-1.274082,-1.034969,7.805089,-0.063081,1.710715,0.120272,5.000000
0.980000,-1.206896,-1.391891,6.069525,-0.061819,1.721318,0.122025,5.000000
0.982000,-1.204612,-1.597570,5.080917,-0.056207,1.727677,0.124121,5.000000
0.984000,-1.238909,-0.222680,6.566107,-0.046873,1.730419,0.126272,5.000000
0.986000,-1.230091,-0.340810,6.220858,-0.050422,1.738082,0.127387,5.000000
0.988000,-1.225833,-0.586334,6.325227,-0.052372,1.745178,0.128712,5.000000
0.990000,-1.222787,-0.579419,6.196611,-0.052646,1.752698,0.130310,5.000000
0.992000,-1.231505,-1.269539,6.715484,-0.052882,1.759960,0.131903,5.000000
0.994000,-1.223761,-0.188505,5.475201,-0.048567,1.768891,0.134170,5.000000
0.996000,-1.225124,-0.011008,5.589707,-0.052543,1.774215,0.135216,5.000000
0.998000,-1.306136,1.085846,5.641081,-0.058382,1.779697,0.135950,5.000000
1.000000,-1.195734,-1.835976,6.405797,-0.072637,1.783824,0.134690,5.000000
1.002000,-1.181347,-1.036802,5.479351,-0.064597,1.792170,0.137462,5.000000
1.004000,-1.178637,-1.473623,4.799978,-0.061653,1.797824,0.139453,5.000000
1.006000,-1.247342,0.476424,6.341652,-0.053541,1.800591,0.141580,5.000000
1.008000,-1.204190,-0.310270,5.876357,-0.063117,1.808177,0.141982,5.000000
1.010000,-1.200349,-0.297083,5.749743,-0.065524,1.815332,0.143346,5.000000
1.012000,-1.195000,-0.527184,5.856339,-0.067907,1.822233,0.144685,5.000000
1.014000,-1.191270,-0.519518,5.737001,-0.068755,1.829600,0.146294,5.000000
1.016000,-1.194248,-0.298909,5.316774,-0.069565,1.836724,0.147893,5.000000
1.018000,-1.233879,0.421265,4.584765,-0.072932,1.842691,0.149102,5.000000
1.020000,-1.179891,-1.447623,6.382930,-0.080426,1.845297,0.149183,5.000000
1.022000,-1.174583,-0.639647,5.786689,-0.074979,1.854864,0.151758,5.000000
1.024000,-1.206754,-0.201078,6.181770,-0.075318,1.862359,0.153389,5.000000
1.026000,-1.200315,-0.237347,5.970029,-0.080087,1.870670,0.154496,5.000000
1.028000,-1.193311,-0.268966,5.778207,-0.084345,1.878499,0.155639,5.000000
1.030000,-1.186134,-0.297527,5.603991,-0.088154,1.885893,0.156819,5.000000
1.032000,-1.123452,-1.535710,4.034840,-0.091559,1.892902,0.158032,5.000000
1.034000,-1.182440,-0.804653,6.107872,-0.082848,1.894927,0.160339,5.000000
1.036000,-1.154497,-1.033077,5.583272,-0.083309,1.903924,0.162228,-1.000000
1.038000,-1.147886,-1.028117,5.308733,-0.081177,1.911692,0.164392,-1.000000
1.040000,-1.142960,-0.956276,5.164800,-0.078544,1.918943,0.166663,-1.000000
1.042000,-1.137763,-0.889864,5.035261,-0.076348,1.925811,0.168867,-1.000000
1.044000,-1.132323,-0.828703,4.919085,-0.074560,1.932343,0.171011,-1.000000
1.046000,-1.170174,0.523866,3.468152,-0.073151,1.938585,0.173101,-1.000000
1.048000,-1.109651,-0.368222,4.456549,-0.080686,1.939346,0.173024,-1.000000
1.050000,-1.103044,-0.357349,4.418346,-0.081992,1.944315,0.174606,-1.000000
1.052000,-1.102711,-0.108474,4.160500,-0.083356,1.949299,0.176187,-1.000000
1.054000,-1.098052,-0.019135,4.275637,-0.086098,1.953486,0.177496,-1.000000
1.056000,-1.085177,-0.253797,4.474919,-0.089982,1.957909,0.178573,-1.000000
1.058000,-1.115625,0.124697,4.948988,-0.092559,1.963232,0.179928,-1.000000
1.060000,-1.107423,0.079143,4.822883,-0.099111,1.969720,0.180808,-1.000000
1.062000,-1.099020,0.036376,4.704869,-0.105148,1.975973,0.181733,-1.000000
1.064000,-1.086608,-0.187664,4.753252,-0.110702,1.982013,0.182702,-1.000000
1.066000,-1.017054,-1.295945,3.335488,-0.114729,1.988406,0.183944,-1.000000
1.068000,-1.054002,-0.998779,5.078584,-0.107732,1.989932,0.186237,-1.000000
1.070000,-1.049543,-0.977945,4.836139,-0.106106,1.998168,0.188635,-1.000000
1.072000,-1.044942,-0.913160,4.695829,-0.104104,2.005980,0.191126,-1.000000
1.074000,-1.088822,0.349894,3.296977,-0.102467,2.013405,0.193548,-1.000000
1.076000,-1.023399,-1.070417,4.531668,-0.108865,2.015253,0.193813,-1.000000
1.078000,-1.015158,-0.575037,3.938614,-0.105411,2.022591,0.196514,-1.000000
1.080000,-1.009684,-0.469742,4.063880,-0.104862,2.027975,0.198603,-1.000000
1.082000,-1.004510,-0.313624,3.865289,-0.105764,2.033692,0.200546,-1.000000
1.084000,-0.996693,-0.307353,3.817463,-0.107473,2.038873,0.202318,-1.000000
1.086000,-0.988887,-0.301022,3.769324,-0.109190,2.044017,0.204096,-1.000000
1.088000,-0.981071,-0.294864,3.721797,-0.110915,2.049121,0.205880,-1.000000
1.090000,-0.973233,-0.289040,3.674967,-0.112650,2.054185,0.207668,-1.000000
1.092000,-0.965600,-0.232163,3.740833,-0.114393,2.059211,0.209462,-1.000000
1.094000,-0.955066,-0.370046,3.830443,-0.116974,2.064324,0.211081,-1.000000
1.096000,-0.979184,-0.063532,4.189905,-0.118802,2.069883,0.212888,-1.000000
1.098000,-0.965522,-0.560850,4.457269,-0.123856,2.076368,0.214302,-1.000000
1.100000,-0.957003,-0.546209,4.258320,-0.125634,2.084058,0.216403,-1.000000
1.102000,-0.948001,-0.531330,4.075534,-0.127287,2.091212,0.218484,-1.000000
1.104000,-0.993007,0.502538,2.915188,-0.128832,2.097885,0.220551,-1.000000
1.106000,-0.907448,-0.364340,3.326022,-0.136763,2.099867,0.220467,-1.000000
1.108000,-0.908738,-0.237991,2.942821,-0.138102,2.104474,0.222364,-1.000000
1.110000,-0.898496,-0.228052,2.885846,-0.138932,2.108317,0.224294,-1.000000
1.112000,-0.888311,-0.217864,2.831704,-0.139787,2.112088,0.226230,-1.000000
1.114000,-0.878161,-0.207547,2.779813,-0.140670,2.115799,0.228174,-1.000000
1.116000,-0.868013,-0.197362,2.730087,-0.141587,2.119457,0.230124,-1.000000
1.118000,-0.847737,-0.365581,2.851586,-0.142536,2.123072,0.232080,-1.000000
1.120000,-0.837617,-0.359574,2.801616,-0.142700,2.127313,0.234277,-1.000000
1.122000,-0.827499,-0.352838,2.752312,-0.142867,2.131517,0.236499,-1.000000
1.124000,-0.817898,-0.271246,2.843954,-0.143047,2.135685,0.238745,-1.000000
1.126000,-0.808550,-0.259936,2.796444,-0.144446,2.140121,0.240921,-1.000000
1.128000,-0.792750,-0.343279,2.941118,-0.145894,2.144531,0.243101,-1.000000
1.130000,-0.783493,-0.336375,2.887145,-0.147378,2.149341,0.245298,-1.000000
1.132000,-0.774203,-0.327557,2.827358,-0.148888,2.154109,0.247500,-1.000000
1.134000,-0.684700,-1.265594,1.497188,-0.150420,2.158822,0.249710,-1.000000
1.136000,-0.669119,-1.610416,1.970555,-0.142902,2.160340,0.253063,-1.000000
1.138000,-0.748971,-0.472382,3.056003,-0.133689,2.163780,0.257066,-1.000000
1.140000,-0.737271,-0.483638,2.865412,-0.134114,2.170066,0.259853,-1.000000
1.142000,-0.754261,-0.042328,2.764723,-0.134076,2.175753,0.262501,-1.000000
1.144000,-0.743269,0.006595,2.555540,-0.137085,2.180901,0.264566,-1.000000
1.146000,-0.715796,-0.087861,2.088269,-0.140028,2.185501,0.266653,-1.000000
1.148000,-0.640920,-0.795836,1.005918,-0.141349,2.188826,0.268923,-1.000000
1.150000,-0.652324,-0.151587,-0.291309,-0.135874,2.189507,0.271774,-1.000000
1.152000,-0.689758,0.422730,0.920276,-0.134175,2.186304,0.273738,-1.000000
1.154000,-0.661284,-0.051851,2.816736,-0.138553,2.184270,0.274354,-1.000000
1.156000,-0.695098,0.687353,1.759833,-0.141581,2.190618,0.277138,-1.000000
1.158000,-0.634269,-0.074710,2.628462,-0.149038,2.192915,0.277603,-1.000000
1.160000,-0.670256,0.751207,1.468395,-0.151627,2.198935,0.280448,-1.000000
1.162000,-0.566746,-0.201626,-0.291064,-0.159714,2.201285,0.281765,-1.000000
1.164000,-0.597412,0.074653,2.328616,-0.158036,2.198928,0.283913,-1.000000
1.166000,-0.588375,0.079114,2.168772,-0.160772,2.204384,0.286507,-1.000000
1.168000,-0.578444,0.083603,2.017143,-0.163359,2.209458,0.289109,-1.000000
1.170000,-0.491431,-0.792344,0.705169,-0.165802,2.214172,0.291721,-1.000000
1.172000,-0.493514,-0.148686,-0.368408,-0.160005,2.215578,0.294966,-1.000000
1.174000,-0.551775,0.774298,1.230163,-0.158301,2.213977,0.296986,-1.000000
1.176000,-0.491258,0.129725,1.973333,-0.165601,2.216903,0.298449,-1.000000
1.178000,-0.470822,0.078016,1.778689,-0.168178,2.222215,0.301190,-1.000000
1.180000,-0.497690,0.595296,0.884916,-0.170105,2.226852,0.303734,-1.000000
1.182000,-0.505377,1.028365,0.225177,-0.175567,2.228909,0.305079,-1.000000
1.184000,-0.404779,-0.121514,-0.207515,-0.182774,2.228371,0.304330,-1.000000
1.186000,-0.334849,-0.731602,0.844209,-0.181547,2.227907,0.306074,-1.000000
1.188000,-0.301613,-1.101332,0.050778,-0.176144,2.230785,0.309278,-1.000000
1.190000,-0.313065,-0.587435,0.759727,-0.165918,2.230529,0.313343,-1.000000
1.192000,-0.354946,0.003983,-0.616007,-0.161813,2.233484,0.316539,-1.000000
1.194000,-0.332692,0.004047,-0.642464,-0.161399,2.232434,0.318779,-1.000000
1.196000,-0.248368,-0.617938,0.748500,-0.160879,2.231481,0.320990,-1.000000
1.198000,-0.238028,-0.566611,0.631637,-0.156272,2.234903,0.324315,-1.000000
1.200000,-0.227150,-0.512432,0.525609,-0.151958,2.238112,0.327623,-1.000000
1.202000,-0.281821,0.533388,1.045283,-0.147959,2.241122,0.330905,-1.000000
1.204000,-0.158390,-0.568644,2.388989,-0.152578,2.246321,0.332897,-1.000000
1.206000,-0.262670,0.398958,-1.101873,-0.149032,2.256149,0.337123,-1.000000
1.208000,-0.051035,-1.499322,2.038784,-0.149877,2.254154,0.337177,-1.000000
1.210000,-0.084452,-1.416992,0.628767,-0.139193,2.263973,0.342404,-1.000000
1.212000,-0.158061,-0.115131,-0.211595,-0.126722,2.268598,0.347643,-1.000000
1.214000,-0.054386,-0.845615,1.094523,-0.125702,2.270955,0.350385,-1.000000
1.216000,-0.125341,-0.088269,-0.349721,-0.119544,2.277558,0.354929,-1.000000
1.218000,-0.105281,-0.080227,-0.411845,-0.118572,2.279705,0.357737,-1.000000
1.220000,-0.012849,-0.683083,0.727462,-0.117559,2.281809,0.360520,-1.000000
1.222000,-0.006390,-0.598071,0.532170,-0.112129,2.287480,0.364968,-1.000000
1.224000,-0.056761,-0.026389,-0.580801,-0.107275,2.292647,0.369327,-1.000000
1.226000,-0.008841,-0.010582,-0.627419,-0.106521,2.294558,0.372281,-1.000000
1.228000,0.010942,-0.065543,-0.840145,-0.105806,2.296762,0.375245,-1.000000
1.230000,-0.076906,0.149196,-2.124419,-0.104455,2.298805,0.378669,-1.000000
1.232000,0.065626,-0.077195,-0.729224,-0.100831,2.295443,0.379960,-1.000000
1.234000,0.082826,-0.065764,-0.787094,-0.099829,2.298065,0.383606,-1.000000
1.236000,0.099699,-0.054787,-0.841111,-0.098737,2.300691,0.387167,-1.000000
1.238000,0.116292,-0.044190,-0.892021,-0.097568,2.303327,0.390654,-1.000000
1.240000,0.132654,-0.033922,-0.940335,-0.096334,2.305979,0.394077,-1.000000
1.242000,0.148581,-0.024838,-0.986547,-0.095045,2.308651,0.397443,-1.000000
1.244000,0.176215,-0.003417,-1.003349,-0.093707,2.311345,0.400741,-1.000000
1.246000,0.191017,0.002646,-1.048650,-0.092187,2.314049,0.403642,-1.000000
1.248000,0.115357,0.394447,-1.692412,-0.090660,2.316817,0.406487,-1.000000
1.250000,0.164677,-0.265074,-1.561668,-0.090476,2.317407,0.407547,-1.000000
1.252000,0.248479,0.002498,-1.020049,-0.085360,2.318336,0.410317,-1.000000
1.254000,0.262873,0.010076,-1.081741,-0.084219,2.321584,0.413228,-1.000000
1.256000,0.277299,0.018007,-1.140771,-0.083010,2.324864,0.416052,-1.000000
1.258000,0.291771,0.026217,-1.197629,-0.081741,2.328165,0.418801,-1.000000
1.260000,0.303490,0.032649,-1.250298,-0.080417,2.331483,0.421484,-1.000000
1.262000,0.321155,0.121470,-1.089687,-0.079038,2.334829,0.424130,-1.000000
1.264000,0.220012,0.471236,-1.672284,-0.078361,2.338409,0.426136,-1.000000
1.266000,0.351681,0.069351,-1.125452,-0.078745,2.340247,0.426774,-1.000000
1.268000,0.290480,-0.169642,-1.813023,-0.077774,2.343992,0.428918,-1.000000
1.270000,0.369881,0.119447,-1.158999,-0.072915,2.345764,0.431180,-1.000000
1.272000,0.649296,2.268646,3.631126,-0.072428,2.349597,0.433380,-1.000000
1.274000,0.689049,2.164081,3.270866,-0.101237,2.373925,0.431203,-1.000000
1.276000,0.617775,2.322621,2.575553,-0.128166,2.398208,0.428587,-1.000000
1.278000,0.744190,1.928544,2.577534,-0.153386,2.421865,0.423308,-1.000000
1.280000,0.766081,1.828822,2.225811,-0.176458,2.445432,0.418962,-1.000000
1.282000,-0.071531,2.434913,3.790243,-0.197746,2.468628,0.414347,-1.000000
1.284000,-0.071574,2.355155,3.471531,-0.228627,2.500499,0.402213,-1.000000
1.286000,-0.127636,2.408098,2.937528,-0.257959,2.530685,0.390142,-1.000000
1.288000,-0.034427,2.085600,2.681682,-0.284850,2.559886,0.377349,-1.000000
1.290000,-0.005020,1.928580,2.184147,-0.310107,2.585813,0.366196,-1.000000
1.292000,0.029106,1.759838,1.659483,-0.332648,2.609498,0.355481,-1.000000
1.294000,0.004975,1.709071,1.020195,-0.352298,2.630841,0.345270,-1.000000
1.296000,0.116818,1.388652,0.616327,-0.368193,2.651032,0.334611,-1.000000
1.298000,0.159185,1.228886,0.112616,-0.382105,2.667435,0.325714,-1.000000
1.300000,0.201223,1.082502,-0.349592,-0.393221,2.681726,0.317429,-1.000000
1.302000,0.182011,1.046220,-0.826816,-0.401767,2.694141,0.309724,-1.000000
1.304000,0.284891,0.819420,-1.130408,-0.407152,2.706266,0.301772,-1.000000
1.306000,0.319220,0.724180,-1.465026,-0.411515,2.715222,0.295245,-1.000000
1.308000,0.342650,0.738628,-1.824415,-0.414059,2.722955,0.289180,-1.000000
1.310000,0.373831,0.661847,-2.087522,-0.415959,2.728325,0.284264,-1.000000
1.312000,0.396825,0.162907,-3.403503,-0.416344,2.732918,0.279698,-1.000000
1.314000,0.392257,0.184512,-3.420638,-0.408273,2.732576,0.276016,-1.000000
1.316000,0.839199,-1.279698,-1.001603,-0.400269,2.732251,0.272387,-1.000000
1.318000,0.857136,-1.297785,-0.955697,-0.386576,2.744888,0.273157,-1.000000
1.320000,0.827499,-1.130840,-1.209479,-0.373026,2.758304,0.274509,-1.000000
1.322000,0.911982,-0.833801,-1.064415,-0.360322,2.770839,0.275877,-1.000000
1.324000,0.883685,-0.730819,-1.452468,-0.351362,2.783768,0.278868,-1.000000
1.326000,0.853504,-0.632539,-1.820193,-0.342227,2.795418,0.281815,-1.000000
1.328000,0.824194,-0.531527,-2.176777,-0.332927,2.805780,0.284722,-1.000000
1.330000,0.725461,-0.390865,-2.451659,-0.323495,2.814803,0.287558,-1.000000
1.332000,0.689672,-0.262163,-2.657601,-0.314192,2.822868,0.289641,-1.000000
1.334000,0.654399,-0.140015,-2.851857,-0.305500,2.829944,0.291502,-1.000000
1.336000,0.437944,0.422626,-3.735347,-0.297377,2.836056,0.293144,-1.000000
1.338000,0.521740,0.308530,-3.963448,-0.290882,2.838535,0.293000,-1.000000
1.340000,0.687962,-0.048581,-3.464641,-0.283501,2.839758,0.294273,-1.000000
1.342000,0.662412,0.055888,-3.630126,-0.275212,2.842304,0.296878,-1.000000
1.344000,0.636110,0.153276,-3.790104,-0.267219,2.844228,0.299159,-1.000000
1.346000,0.526803,0.369522,-3.716320,-0.259510,2.845528,0.301062,-1.000000
1.348000,0.435099,0.470781,-3.841545,-0.253450,2.847179,0.301800,-1.000000
1.350000,0.423223,0.475086,-3.839150,-0.247239,2.849251,0.302025,-1.000000
1.352000,0.411934,0.479302,-3.836469,-0.241085,2.851166,0.302274,-1.000000
1.354000,0.447880,0.622398,-4.093731,-0.234990,2.852936,0.302546,-1.000000
1.356000,0.441126,0.638480,-4.098971,-0.230264,2.851593,0.302994,-1.000000
1.358000,0.582768,0.423526,-4.590700,-0.225531,2.850386,0.303397,-1.000000
1.360000,0.586339,0.445634,-4.577487,-0.217937,2.847320,0.305402,-1.000000
1.362000,0.427844,0.532406,-3.899920,-0.210309,2.844667,0.307253,-1.000000
1.364000,0.419049,0.536927,-3.896515,-0.204399,2.846436,0.307850,-1.000000
1.366000,0.410546,0.541378,-3.892997,-0.198559,2.848118,0.308471,-1.000000
1.368000,0.564321,0.303537,-4.503867,-0.192788,2.849721,0.309116,-1.000000
1.370000,0.411588,0.564725,-3.905605,-0.183555,2.848702,0.311451,-1.000000
1.372000,0.403717,0.568881,-3.901619,-0.177984,2.850306,0.312282,-1.000000
1.374000,0.454617,0.854590,-4.383516,-0.172483,2.851846,0.313132,-1.000000
1.376000,0.455807,0.858282,-4.359807,-0.168738,2.849031,0.313560,-1.000000
1.378000,0.658157,0.512038,-5.165435,-0.164921,2.846722,0.313958,-1.000000
1.380000,0.620280,0.313376,-4.731241,-0.155854,2.841727,0.316256,-1.000000
1.382000,0.448056,0.628686,-3.979075,-0.145730,2.840573,0.318942,-1.000000
1.384000,-1.795249,5.663435,5.199303,-0.140442,2.842576,0.320117,-1.000000
1.386000,-4.449401,-5.279559,13.026197,-0.171549,2.859275,0.275540,-1.000000
0.002000,0.000200,0.000012,0.017692,0.000000,0.000000,0.000000,1.456662
0.004000,0.000171,0.000010,0.018553,-0.000000,0.000002,0.000000,1.456606
0.006000,3.858257,-4.064215,0.277632,-0.000000,0.000003,0.000000,1.456496
0.008000,3.843015,-4.055502,0.275788,0.009905,0.011477,-0.000339,1.456366
0.010000,3.828186,-4.046645,0.273910,0.019768,0.022825,-0.000596,1.456218
0.012000,3.813872,-4.037902,0.272001,0.029588,0.034053,-0.000787,1.456051
0.014000,3.800054,-4.029279,0.270060,0.039367,0.045165,-0.000915,1.455864
0.016000,3.786708,-4.020777,0.268087,0.049105,0.056168,-0.000982,1.455656
0.018000,3.773818,-4.012399,0.266083,0.058803,0.067064,-0.000991,1.455429
0.020000,4.478056,1.720096,10.717177,0.068461,0.077859,-0.000944,1.455181
0.022000,0.957566,1.784459,17.609799,0.029956,0.092855,0.003824,1.454981
0.024000,5.019915,-0.611957,19.866783,0.018627,0.098674,0.005672,1.454843
0.026000,4.884103,-4.091117,18.429403,0.002095,0.117156,0.007725,1.454817
0.028000,4.538866,-7.588282,15.373027,0.013085,0.134761,0.006492,1.454894
0.030000,5.023729,-2.087165,21.951644,0.056597,0.149453,0.002921,1.455049
0.032000,4.795664,-0.980770,17.665644,0.049390,0.167205,0.004135,1.455328
0.034000,4.711498,-1.074972,16.540647,0.032435,0.183927,0.006347,1.455701
0.036000,4.635980,-1.155832,15.562410,0.016380,0.200093,0.008465,1.456162
0.038000,4.567678,-1.235737,14.700543,0.001084,0.215765,0.010502,1.456703
0.040000,0.553922,2.153349,13.567971,-0.013462,0.231001,0.012458,1.457318
0.042000,4.331626,-0.305548,12.384105,-0.032674,0.233648,0.015173,1.457963
0.044000,4.533043,-3.640308,14.734105,-0.054000,0.246765,0.017704,1.458662
0.046000,4.444270,-2.869693,13.443856,-0.045048,0.261866,0.016949,1.459438
0.048000,4.393004,-2.788738,12.829078,-0.042497,0.276395,0.016969,1.460280
0.050000,4.377067,-2.002653,13.236329,-0.040696,0.290637,0.017099,1.461185
0.052000,4.322511,-2.080431,12.572880,-0.047072,0.304499,0.018231,1.462153
0.054000,4.273955,-2.145294,12.001702,-0.052717,0.318029,0.019281,1.463181
0.056000,4.269724,-2.947359,12.103589,-0.057747,0.331267,0.020267,1.464264
0.058000,4.228426,-2.954097,11.631077,-0.055910,0.344589,0.020477,1.465404
0.060000,4.191376,-2.954301,11.225241,-0.053990,0.357670,0.020707,1.466597
0.062000,0.192050,0.029313,10.070789,-0.052045,0.370536,0.020962,1.467841
0.064000,4.136583,-3.342952,10.169598,-0.050283,0.371102,0.021525,1.469092
0.066000,4.137830,-3.763129,10.432689,-0.044223,0.383901,0.021290,1.470388
0.068000,4.114620,-3.659552,10.246825,-0.034722,0.396771,0.020701,1.471732
0.070000,4.092542,-3.551450,10.076770,-0.026163,0.409518,0.020269,1.473122
0.072000,4.072010,-3.452686,9.931605,-0.018573,0.422148,0.019995,1.474558
0.074000,4.052848,-3.362672,9.808158,-0.011869,0.434670,0.019868,1.476038
0.076000,4.041741,-4.145522,10.394712,-0.005972,0.447093,0.019874,1.477561
0.078000,4.017631,-3.933711,10.155703,0.005968,0.459304,0.019183,1.479132
0.080000,0.042739,-0.482030,9.776114,0.016052,0.471352,0.018752,1.480748
0.082000,3.993062,-3.659782,9.798898,0.020923,0.471035,0.019256,1.482368
0.084000,3.974696,-3.508872,9.661293,0.028505,0.482961,0.019131,1.484032
0.086000,3.957865,-3.376304,9.548115,0.034777,0.494777,0.019198,1.485738
0.088000,3.942349,-3.260194,9.455706,0.039901,0.506497,0.019435,1.487485
0.090000,3.925345,-2.716287,9.030349,0.044024,0.518134,0.019823,1.489274
0.092000,3.935285,-2.018832,9.807600,0.043862,0.529775,0.020758,1.491102
0.094000,3.916123,-2.103118,9.662353,0.036524,0.541267,0.022540,1.492973
0.096000,3.898198,-2.174216,9.531814,0.029979,0.552662,0.024239,1.494887
0.098000,-0.093984,0.609441,8.542702,0.024110,0.563970,0.025865,1.496842
0.100000,3.873639,-2.799623,8.813691,0.019934,0.563042,0.027679,1.498793
0.102000,3.864447,-2.769367,8.821216,0.020432,0.574519,0.028536,1.500784
0.104000,3.855379,-2.743992,8.829362,0.020665,0.585986,0.029445,1.502814
0.106000,3.846497,-2.722826,8.839677,0.020675,0.597446,0.030399,1.504883
0.108000,3.837834,-2.705330,8.853082,0.020497,0.608900,0.031395,1.506993
0.110000,3.829429,-2.692106,8.870914,0.020162,0.620349,0.032427,1.509144
0.112000,-0.121996,1.401226,9.432938,0.019706,0.631796,0.033492,1.511336
0.114000,-0.122266,1.226624,9.318423,0.007464,0.630841,0.036298,1.513531
0.116000,-0.121422,1.062835,9.229006,-0.003227,0.629956,0.038870,1.515728
0.118000,-0.119672,0.909712,9.161123,-0.012471,0.629150,0.041224,1.517928
0.120000,-0.131456,0.266843,8.501724,-0.020369,0.628430,0.043375,1.520130
0.122000,-0.122027,0.213888,8.581432,-0.021830,0.627886,0.044811,1.522331
0.124000,-0.112867,0.164463,8.663780,-0.022880,0.627493,0.046164,1.524532
0.126000,-0.104011,0.118536,8.747551,-0.023550,0.627245,0.047442,1.526735
0.128000,-0.095495,0.075882,8.831501,-0.023874,0.627138,0.048648,1.528940
0.130000,-0.079638,-0.986494,9.801016,-0.023881,0.627169,0.049790,1.531149
0.132000,-0.079576,-0.868004,9.692334,-0.015579,0.627294,0.049807,1.533367
0.134000,-0.062472,-0.132342,10.289345,-0.008359,0.627458,0.049935,1.535596
0.136000,-0.068243,-0.143711,10.080352,-0.008549,0.627577,0.050855,1.537836
0.138000,-0.072597,-0.153879,9.901493,-0.008624,0.627691,0.051747,1.540088
0.140000,-0.088217,-0.664953,9.197665,-0.008600,0.627817,0.052613,1.542350
0.142000,-0.084868,-0.591148,9.170488,-0.003343,0.628042,0.052906,1.544619
0.144000,-0.083826,0.066237,8.637931,0.001225,0.628348,0.053265,1.546895
0.146000,-0.075855,0.052233,8.729803,0.000582,0.628773,0.054306,1.549175
0.148000,-0.053770,0.613351,9.510905,0.000013,0.629339,0.055318,1.551461
0.150000,-0.053462,0.497638,9.458022,-0.006454,0.629968,0.056870,1.553755
0.152000,-0.052700,0.391174,9.416007,-0.011893,0.630668,0.058279,1.556060
0.154000,-0.062172,-0.161838,8.838138,-0.016393,0.631445,0.059558,1.558374
0.156000,-0.055523,-0.174098,8.917570,-0.015295,0.632374,0.060285,1.560695
0.158000,-0.049285,-0.183329,8.991382,-0.014144,0.633431,0.060989,1.563025
0.160000,-0.043480,-0.189633,9.058473,-0.012969,0.634613,0.061672,1.565365
0.162000,-0.026682,0.321373,9.727819,-0.011795,0.635917,0.062340,1.567714
0.164000,-0.027570,0.230286,9.657750,-0.016014,0.637263,0.063473,1.570078
0.166000,-0.027463,-0.624326,10.202215,-0.019431,0.638669,0.064498,1.572457
0.168000,-0.041124,-0.997946,9.596112,-0.016088,0.640122,0.064717,1.574853
0.170000,-0.040851,-0.893407,9.520272,-0.008878,0.641594,0.064567,1.577265
0.172000,-0.040221,-0.797862,9.456256,-0.002617,0.643114,0.064518,1.579691
0.174000,-0.039234,-0.710990,9.402873,0.002774,0.644690,0.064560,1.582133
0.176000,-0.037620,-0.631921,9.359720,0.007370,0.646328,0.064681,1.584588
0.178000,-0.026915,0.431867,9.456191,0.011237,0.648044,0.064875,1.587059
0.180000,-0.027507,0.353361,9.395972,0.005568,0.649773,0.066069,1.589545
0.182000,-0.027669,0.280916,9.345886,0.000598,0.651568,0.067171,1.592046
0.184000,-0.027461,0.214254,9.304552,-0.003734,0.653433,0.068188,1.594562
0.186000,-0.034783,-0.211365,8.843052,-0.007483,0.655371,0.069129,1.597093
0.188000,-0.030552,-0.210756,8.891803,-0.006914,0.657400,0.069688,1.599638
0.190000,-0.025461,-0.842340,9.488711,-0.006402,0.659542,0.070247,1.602196
0.192000,-0.016521,-0.357004,9.865847,-0.001127,0.661837,0.070226,1.604774
0.194000,-0.019215,-0.348016,9.735604,-0.000763,0.664181,0.070660,1.607373
0.196000,-0.028406,-0.691921,9.239247,-0.000467,0.666555,0.071094,1.609993
0.198000,-0.026959,-0.632030,9.206744,0.003404,0.668972,0.071188,1.612632
0.200000,-0.017617,0.264061,9.241801,0.006717,0.671463,0.071337,1.615289
0.202000,-0.017340,0.199934,9.206153,0.002007,0.673988,0.072313,1.617965
0.204000,-0.016812,0.140762,9.176571,-0.002142,0.676592,0.073214,1.620659
0.206000,-0.022479,-0.233724,8.773678,-0.005779,0.679276,0.074045,1.623373
0.208000,-0.018720,-0.235965,8.817864,-0.005587,0.682045,0.074529,1.626104
0.210000,-0.008325,-0.469245,9.739844,-0.005424,0.684931,0.075014,1.628854
0.212000,-0.024733,0.960266,8.366539,-0.004534,0.687989,0.075295,1.631630
0.214000,-0.104904,-0.104330,6.983690,-0.016529,0.690977,0.076803,1.634421
0.216000,-0.366553,-0.502040,4.309767,-0.017534,0.693212,0.077158,1.637217
0.218000,0.025487,-0.064366,9.220671,-0.012958,0.692377,0.076322,1.639988
0.220000,0.024427,-0.008179,9.107080,-0.013803,0.695961,0.076912,1.642784
0.222000,0.023107,0.044376,9.004251,-0.015093,0.699653,0.077520,1.645605
0.224000,0.093189,-0.239067,9.952952,-0.016803,0.703440,0.078144,1.648450
0.226000,0.090415,-0.205113,9.810359,-0.017173,0.708197,0.078661,1.651331
0.228000,0.099657,0.405415,10.407530,-0.017805,0.713038,0.079192,1.654247
0.230000,0.049998,-1.331733,9.276568,-0.024923,0.717940,0.080366,1.657202
0.232000,0.025166,-2.200412,9.969193,-0.017016,0.722490,0.079690,1.660189
0.234000,-0.151180,-1.539888,7.028372,-0.002686,0.726920,0.078300,1.663213
0.236000,0.005941,-0.495110,8.282721,0.007305,0.729144,0.077213,1.666245
0.238000,-0.149538,0.641963,6.944921,0.006112,0.733401,0.077525,1.669301
0.240000,-0.658175,0.009982,9.178899,-0.003360,0.735682,0.078363,1.672364
0.242000,-1.201960,0.932276,11.893257,-0.009207,0.742238,0.076026,1.675469
0.244000,-1.211871,-1.536094,12.700170,-0.023308,0.752797,0.077007,1.678650
0.246000,-1.211294,-1.102571,11.701757,-0.014124,0.761487,0.076509,1.681908
0.248000,-1.204474,-1.075169,11.161731,-0.007855,0.767701,0.076169,1.685226
0.250000,-1.205018,-0.334901,9.976860,-0.001669,0.771968,0.076008,1.688591
0.252000,-1.179914,-1.072764,10.311499,-0.000860,0.774012,0.076001,1.691986
0.254000,-1.164834,-1.066753,9.884433,0.005573,0.775314,0.076050,1.695410
0.256000,-1.135874,-0.394154,10.214685,0.012080,0.775442,0.076216,1.698854
0.258000,-1.121197,-0.413044,9.681194,0.012063,0.775173,0.076218,1.702320
0.260000,-1.105147,-0.407303,9.157939,0.012423,0.773996,0.076172,1.705799
0.262000,-1.087007,-0.334641,8.716540,0.012935,0.772049,0.076098,1.709284
0.264000,-1.066840,-0.254635,8.405335,0.012965,0.769490,0.076069,1.712769
0.266000,-1.045162,-0.204240,8.225688,0.012378,0.766483,0.076156,1.716250
0.268000,-1.023059,-0.173147,8.141863,0.011362,0.763175,0.076421,1.719725
0.270000,-1.037625,-2.596961,5.127554,0.010041,0.759681,0.076872,1.723190
0.272000,-1.033824,-0.009130,1.123058,0.031304,0.754661,0.076274,1.726621
0.274000,-1.006775,-0.013709,1.155200,0.031508,0.747766,0.075847,1.729980
0.276000,-0.980809,-0.018093,1.189767,0.031689,0.741046,0.075427,1.733266
0.278000,-0.883241,3.615636,7.898046,0.031846,0.734536,0.075015,1.736481
0.280000,-0.867100,-0.382424,12.005826,-0.003582,0.731749,0.077171,1.739684
0.282000,-0.838723,0.237276,12.516078,-0.005235,0.730498,0.077624,1.742913
0.284000,-0.825617,-0.563784,12.863859,-0.013258,0.729639,0.078449,1.746172
0.286000,-0.818359,-0.550066,12.451831,-0.014990,0.729192,0.078937,1.749468
0.288000,-0.811090,-0.580047,12.046406,-0.016691,0.728559,0.079541,1.752795
0.290000,-0.804240,-0.585941,11.628623,-0.017986,0.727752,0.080260,1.756152
0.292000,-0.797345,-0.591131,11.227037,-0.019059,0.726767,0.081057,1.759533
0.294000,-0.790362,-0.595095,10.848715,-0.019923,0.725620,0.081911,1.762937
0.296000,-0.781180,1.114547,12.627871,-0.020600,0.724330,0.082806,1.766359
0.298000,-0.780178,0.828839,11.888332,-0.039382,0.723206,0.084051,1.769812
0.300000,-0.807782,-1.851387,13.230704,-0.055104,0.721777,0.085078,1.773288
0.302000,-0.802940,-1.734025,12.321499,-0.049806,0.720841,0.084558,1.776802
0.304000,-0.796920,-1.624993,11.549643,-0.044882,0.719475,0.084157,1.780344
0.306000,-0.790133,-2.185858,10.271100,-0.040346,0.717768,0.083859,1.783909
0.308000,-0.803363,-3.342000,6.123949,-0.030393,0.715440,0.083827,1.787485
0.310000,-0.772684,-0.148062,1.431844,-0.006985,0.711806,0.082812,1.791037
0.312000,-0.755216,-0.149834,1.483938,-0.006753,0.706510,0.082639,1.794522
0.314000,-0.738603,-0.152222,1.537086,-0.006587,0.701506,0.082489,1.797940
0.316000,-0.753892,-4.226492,7.599869,-0.006485,0.696799,0.082367,1.801294
0.318000,-0.706322,-0.743690,14.710851,0.022769,0.694689,0.080963,1.804641
0.320000,-0.705950,-0.736828,13.752619,0.016367,0.695103,0.081242,1.808042
0.322000,-0.683901,0.524775,11.900958,0.010767,0.695123,0.081470,1.811487
0.324000,-0.681427,0.328366,11.382684,-0.003531,0.694477,0.082475,1.814960
0.326000,-0.678194,0.155101,10.917686,-0.015640,0.693685,0.083369,1.818456
0.328000,-0.667480,-0.692411,9.651102,-0.025819,0.692774,0.084162,1.821972
0.330000,-0.661029,-0.702900,9.466747,-0.026976,0.691606,0.084983,1.825499
0.332000,-0.654605,-0.712851,9.299298,-0.027928,0.690460,0.085846,1.829035
0.334000,-0.648223,-0.721867,9.150622,-0.028695,0.689339,0.086743,1.832580
0.336000,-0.641900,-0.729798,9.021589,-0.029304,0.688249,0.087667,1.836132
0.338000,-0.635651,-0.736667,8.912129,-0.029782,0.687197,0.088614,1.839690
0.340000,-0.629517,-0.749192,8.813231,-0.030154,0.686188,0.089580,1.843255
0.342000,-0.623450,-0.754011,8.740617,-0.030375,0.685228,0.090571,1.846826
0.344000,-0.617504,-0.758281,8.683582,-0.030541,0.684324,0.091576,1.850403
0.346000,-0.615875,-1.010074,8.326777,-0.030672,0.683478,0.092595,1.853985
0.348000,-0.601489,1.956761,5.211230,-0.028071,0.682624,0.093705,1.857571
0.350000,-0.603436,-1.306731,8.751858,-0.048935,0.680909,0.095003,1.861130
0.352000,-0.624686,-3.494995,6.057917,-0.044148,0.680384,0.095949,1.864698
0.354000,-0.617632,-3.500330,6.111698,-0.018066,0.678929,0.095317,1.868251
0.356000,-0.577744,-0.777572,9.425363,0.007911,0.677628,0.094743,1.871791
0.358000,-0.565363,-0.463519,9.750347,0.007134,0.677636,0.096143,1.875347
0.360000,-0.562491,-0.480788,9.625946,0.002911,0.677833,0.097700,1.878921
0.362000,-0.591499,-2.298311,11.228554,-0.001073,0.678050,0.099223,1.882513
0.364000,-0.586240,-2.068169,10.818534,0.007965,0.678858,0.099622,1.886140
0.366000,-0.581075,-1.872343,10.447445,0.015344,0.679497,0.100149,1.889798
0.368000,-0.566703,-0.498636,8.880338,0.021347,0.679989,0.100783,1.893483
0.370000,-0.537961,2.375940,6.019068,0.016378,0.679858,0.101998,1.897180
0.372000,-0.531473,2.373715,6.066622,-0.009827,0.679029,0.103478,1.900860
0.374000,-0.543870,-1.095746,9.586474,-0.036042,0.678326,0.104935,1.904526
0.376000,-0.552778,0.042188,10.869251,-0.035054,0.678765,0.105834,1.908212
0.378000,-0.551104,-0.128559,10.493981,-0.046221,0.679374,0.106511,1.911928
0.380000,-0.560619,-1.754979,11.335690,-0.055531,0.679874,0.107084,1.915670
0.382000,-0.543173,-0.358865,9.757177,-0.052649,0.680670,0.107947,1.919449
0.384000,-0.537985,-0.480965,9.503509,-0.059360,0.680929,0.108681,1.923249
0.386000,-0.524960,-1.249764,8.464298,-0.064795,0.681139,0.109515,1.927067
0.388000,-0.538331,-3.284999,5.949795,-0.061995,0.681199,0.110474,1.930897
0.390000,-0.512080,-1.000746,8.798017,-0.038861,0.680526,0.109981,1.934716
0.392000,-0.508250,-0.992929,8.749904,-0.038790,0.680846,0.111151,1.938550
0.394000,-0.531648,-2.400294,10.067801,-0.038782,0.681214,0.112318,1.942398
0.396000,-0.525761,-2.212104,9.788057,-0.028969,0.682076,0.112656,1.946276
0.398000,-0.514481,-3.098350,5.690642,-0.020539,0.682841,0.113102,1.950181
0.400000,-0.488723,-0.645968,8.795709,0.000870,0.682308,0.112721,1.954074
0.402000,-0.513466,-1.188134,11.002571,-0.002630,0.682835,0.114140,1.957983
0.404000,-0.505383,-0.976309,8.223017,-0.005430,0.683991,0.115384,1.961930
0.406000,-0.504413,-0.999995,8.202471,-0.008316,0.684030,0.116510,1.965886
0.408000,-0.599603,-0.513805,5.961960,-0.011126,0.684098,0.117639,1.969852
0.410000,-0.603569,-0.513199,5.892224,-0.012744,0.680147,0.116099,1.973782
0.412000,-0.502452,-3.404887,11.665792,-0.014281,0.676001,0.114515,1.977675
0.414000,-0.468896,-1.010807,12.049125,0.000183,0.678217,0.114862,1.981620
0.416000,-0.470611,-1.237499,11.442118,-0.005028,0.680818,0.116626,1.985620
0.418000,-0.472474,-1.249750,10.209636,-0.007092,0.683415,0.118232,1.989672
0.420000,-0.471059,-1.266478,9.909428,-0.006621,0.685445,0.119739,1.993764
0.422000,-0.469468,-1.274167,9.628924,-0.005660,0.687371,0.121190,1.997892
0.424000,-0.467715,-1.265136,9.377209,-0.004316,0.689202,0.122598,2.002055
0.426000,-0.457954,-0.769613,9.777403,-0.002776,0.690949,0.123985,2.006250
0.428000,-0.459547,-1.282234,9.999312,-0.006555,0.693082,0.125689,2.010483
0.430000,-0.454283,-0.956779,10.160951,-0.006562,0.695413,0.127131,2.014758
0.432000,-0.477558,-2.168597,10.951764,-0.010018,0.697839,0.128750,2.019076
0.434000,-0.461749,0.211993,9.919782,-0.004986,0.700652,0.129648,2.023448
0.436000,-0.456488,-0.987485,8.289431,-0.020725,0.702684,0.131508,2.027859
0.438000,-0.509124,0.277985,6.908512,-0.024742,0.703892,0.132721,2.032292
0.440000,-0.451779,-1.304765,8.200736,-0.036452,0.703502,0.132347,2.036723
0.442000,-0.485388,-2.032793,7.067098,-0.037864,0.704721,0.133484,2.041176
0.444000,-0.483790,-2.031901,6.911097,-0.030464,0.703794,0.133788,2.045626
0.446000,-0.492947,1.316160,8.703535,-0.022999,0.702771,0.134131,2.050072
0.448000,-0.438330,-0.747232,10.305518,-0.045028,0.703992,0.134146,2.054542
0.450000,-0.439366,-0.879757,9.581900,-0.050783,0.706663,0.135975,2.059061
0.452000,-0.438351,-0.793707,9.239742,-0.054033,0.709163,0.137675,2.063623
0.454000,-0.435933,-0.969649,9.170188,-0.057585,0.711532,0.139346,2.068225
0.456000,-0.435224,-0.905176,8.906509,-0.059722,0.713958,0.140952,2.072868
0.458000,-0.434642,-0.848682,8.677868,-0.062085,0.716284,0.142539,2.077548
0.460000,-0.434150,-0.800780,8.481840,-0.064657,0.718523,0.144109,2.082265
0.462000,-0.428809,-1.365765,9.433953,-0.067412,0.720688,0.145667,2.087015
0.464000,-0.430062,-1.975336,9.785218,-0.067536,0.723478,0.147174,2.091814
0.466000,-0.429838,-1.891932,9.528218,-0.063403,0.726561,0.148473,2.096665
0.468000,-0.464004,-3.041434,11.274884,-0.059697,0.729551,0.149793,2.101569
0.470000,-0.436968,-2.253342,8.469184,-0.050656,0.733268,0.150493,2.106545
0.472000,-0.434999,-2.114279,8.201999,-0.045513,0.735665,0.151184,2.111560
0.474000,-0.433082,-2.010823,7.947771,-0.041331,0.737895,0.151969,2.116612
0.476000,-0.496394,-1.085707,5.376878,-0.037766,0.739967,0.152819,2.121697
0.478000,-0.424788,-1.983732,8.165354,-0.035859,0.737705,0.152788,2.126760
0.480000,-0.422563,-1.895449,7.922762,-0.033239,0.740066,0.153858,2.131860
0.482000,-0.426172,-0.333509,9.350418,-0.031112,0.742289,0.154966,2.136996
0.484000,-0.419628,-0.569970,8.753689,-0.043943,0.745072,0.156861,2.142182
0.486000,-0.477288,-0.001495,7.068890,-0.053650,0.747658,0.158598,2.147412
0.488000,-0.417532,-2.260707,9.012445,-0.062905,0.748686,0.158342,2.152662
0.490000,-0.417759,-1.865871,8.409858,-0.055150,0.751461,0.159244,2.157963
0.492000,-0.415364,-1.720993,8.099236,-0.049644,0.753868,0.160197,2.163308
0.494000,-0.409945,-1.835827,8.082941,-0.044919,0.756129,0.161105,2.168693
0.496000,-0.406861,-1.596056,8.022949,-0.039402,0.758481,0.161885,2.174120
0.498000,-0.401593,-1.119658,8.338201,-0.036019,0.760931,0.162730,2.179589
0.500000,-0.396128,-1.610243,9.195142,-0.037743,0.763685,0.163757,2.185106
0.502000,-0.403161,-1.004856,9.599650,-0.037589,0.767023,0.164751,2.190683
0.504000,-0.391755,-2.541410,8.788914,-0.044076,0.770259,0.166013,2.196324
0.506000,-0.419185,-4.162134,10.077605,-0.036754,0.773252,0.166605,2.202022
0.508000,-0.396095,-2.347416,8.047189,-0.018997,0.777285,0.166465,2.207799
0.510000,-0.408126,-2.822109,7.045827,-0.014304,0.780221,0.166843,2.213627
0.512000,-0.391245,-1.934892,7.764934,-0.003050,0.781119,0.166757,2.219480
0.514000,-0.433665,0.455658,7.589415,-0.001716,0.783949,0.167476,2.225383
0.516000,-0.391481,-1.220610,8.457362,-0.018230,0.785682,0.168206,2.231321
0.518000,-0.391835,-1.447337,7.828617,-0.023166,0.788900,0.169412,2.237319
0.520000,-0.390659,-1.390278,7.602957,-0.024676,0.791792,0.170498,2.243368
0.522000,-0.434427,-0.293997,6.458522,-0.026332,0.794522,0.171602,2.249467
0.524000,-0.388475,-2.249124,8.415357,-0.033576,0.795751,0.171737,2.255590
0.526000,-0.389144,-1.531591,8.348270,-0.027037,0.798734,0.172819,2.261775
0.528000,-0.385967,-1.416072,8.567708,-0.026809,0.801695,0.174174,2.268019
0.530000,-0.394248,-0.855231,8.913036,-0.028561,0.804779,0.175640,2.274327
0.532000,-0.377963,-1.672922,7.470970,-0.036440,0.807755,0.177291,2.280702
0.534000,-0.377830,-1.603836,7.264835,-0.034999,0.810051,0.178486,2.287125
0.536000,-0.389407,-2.123086,6.238215,-0.033853,0.812270,0.179700,2.293594
0.538000,-0.376202,-1.333008,8.843697,-0.025383,0.812420,0.180321,2.300083
0.540000,-0.371454,-2.041546,8.887099,-0.029599,0.815921,0.182198,2.306645
0.542000,-0.368324,-1.984468,8.636068,-0.027972,0.819754,0.184004,2.313287
0.544000,-0.372500,-3.669313,9.952910,-0.026426,0.823463,0.185875,2.320006
0.546000,-0.363174,-1.985043,8.106660,-0.014627,0.828337,0.187265,2.326828
0.548000,-0.361431,-1.832196,7.828833,-0.014102,0.832094,0.188886,2.333726
0.550000,-0.359878,-1.738787,7.619117,-0.014375,0.835597,0.190575,2.340696
0.552000,-0.404209,-0.304306,6.259180,-0.015147,0.838902,0.192315,2.347734
0.554000,-0.350009,-1.631711,7.723357,-0.023963,0.840401,0.193524,2.354810
0.556000,-0.349624,-1.515440,7.513540,-0.026338,0.843527,0.195463,2.361956
0.558000,-0.353484,-1.047875,7.745111,-0.029353,0.846487,0.197423,2.369169
0.560000,-0.391201,0.041602,6.763594,-0.037283,0.849283,0.199659,2.376450
0.562000,-0.341041,-4.535643,9.025125,-0.051036,0.850857,0.201032,2.383777
0.564000,-0.338045,-3.044586,7.540324,-0.031453,0.855107,0.202244,2.391205
0.566000,-0.360655,-2.700867,6.141678,-0.020703,0.858084,0.203819,2.398705
0.568000,-0.344160,-1.425977,7.567355,-0.008627,0.858675,0.204676,2.406240
0.570000,-0.349412,-1.533541,7.056267,-0.010776,0.861637,0.207168,2.413848
0.572000,-0.350360,-1.453048,6.879212,-0.010455,0.864392,0.209467,2.421525
0.574000,-0.351183,-1.384959,6.726073,-0.010474,0.867028,0.211751,2.429268
0.576000,-0.340966,-1.972110,7.223938,-0.010783,0.869559,0.214023,2.437076
0.578000,-0.338347,-1.676434,7.394782,-0.007781,0.872547,0.216357,2.444960
0.580000,-0.332341,-2.121192,7.715440,-0.008180,0.875607,0.218904,2.452923
0.582000,-0.333493,-3.601431,8.947388,-0.005982,0.878995,0.221434,2.460973
0.584000,-0.325650,-3.205278,9.015450,0.004686,0.883637,0.223440,2.469141
0.586000,-0.331385,-1.119578,6.657519,0.014742,0.888783,0.224906,2.477433
0.588000,-0.326875,-0.279314,7.339622,0.009298,0.891447,0.227337,2.485799
0.590000,-0.325510,-0.360027,7.210843,-0.003631,0.893371,0.229614,2.494237
0.592000,-0.326959,-0.020091,6.980422,-0.016029,0.895325,0.231890,2.502748
0.594000,-0.321979,-2.525866,10.195113,-0.028351,0.896270,0.233339,2.511318
0.596000,-0.307588,-3.047945,10.529921,-0.026602,0.902173,0.235164,2.520042
0.598000,-0.308958,-2.927845,10.611197,-0.019692,0.908135,0.237459,2.528926
0.600000,-0.309104,-2.774182,10.120314,-0.013404,0.914170,0.239979,2.537976
0.602000,-0.309154,-2.635506,9.674656,-0.007756,0.919868,0.242507,2.547185
0.604000,-0.323900,-2.103520,9.674903,-0.002680,0.925252,0.245040,2.556549
0.606000,-0.322165,-2.049809,9.227190,-0.002328,0.930378,0.247777,2.566065
0.608000,-0.320192,-2.751190,9.470417,-0.001775,0.935198,0.250481,2.575728
0.610000,-0.318927,-2.585166,8.986102,0.004121,0.940332,0.253028,2.585549
0.612000,-0.317771,-2.438874,8.561128,0.009353,0.945098,0.255579,2.595520
0.614000,-0.316698,-2.310183,8.188975,0.013995,0.949538,0.258135,2.605636
0.616000,-0.315576,-2.196388,7.863883,0.018112,0.953688,0.260697,2.615891
0.618000,-0.314530,-2.095603,7.581224,0.021754,0.957581,0.263267,2.626282
0.620000,-0.313584,-2.006327,7.336261,0.024961,0.961249,0.265844,2.636805
0.622000,-0.312713,-1.927399,7.124400,0.027765,0.964719,0.268432,2.647457
0.624000,-0.311945,-1.857856,6.941588,0.030198,0.968017,0.271031,2.658236
0.626000,-0.311262,-1.796709,6.783997,0.032288,0.971166,0.273643,2.669141
0.628000,-0.300844,-1.738964,6.647624,0.034060,0.974185,0.276269,2.680170
0.630000,-0.286400,-1.680850,6.525952,0.035513,0.977211,0.278902,2.691325
0.632000,-0.282457,-1.624028,6.414111,0.036618,0.980301,0.281540,2.702608
0.634000,-0.282463,-1.568542,6.312222,0.037365,0.983336,0.284194,2.714019
0.636000,-0.282508,-1.512634,6.218196,0.037746,0.986276,0.286867,2.725558
0.638000,-0.282553,-1.457859,6.131897,0.037747,0.989126,0.289558,2.737226
0.640000,-0.282570,-1.405783,6.053413,0.037363,0.991893,0.292269,2.749023
0.642000,-0.251490,-1.024096,6.061238,0.036603,0.994583,0.294998,2.760949
0.644000,-0.254286,-1.018213,5.991770,0.035142,0.997265,0.299516,2.773007
0.646000,-0.256744,-1.014373,5.930554,0.033423,0.999881,0.303883,2.785198
0.648000,-0.258864,-1.015106,5.878616,0.031472,1.002442,0.308114,2.797523
0.650000,-0.260646,-1.020695,5.834705,0.029332,1.004956,0.312222,2.809983
0.652000,-0.262106,-1.032086,5.798863,0.027046,1.007433,0.316218,2.822580
0.654000,-0.263265,-1.048807,5.769788,0.024664,1.009882,0.320110,2.835317
0.656000,-0.248668,-1.346477,5.472104,0.022232,1.012312,0.323910,2.848194
0.658000,-0.249837,-1.351034,5.491334,0.022783,1.014766,0.327456,2.861214
0.660000,-0.251059,-1.366738,5.509048,0.023095,1.017234,0.330943,2.874378
0.662000,-0.251635,-1.377939,5.527274,0.023224,1.019716,0.334348,2.887691
0.664000,-0.251970,-1.391233,5.543409,0.023199,1.022217,0.337709,2.901156
0.666000,-0.252134,-1.406174,5.556746,0.023055,1.024734,0.341033,2.914776
0.668000,-0.252123,-1.422217,5.566793,0.022819,1.027267,0.344324,2.928556
0.670000,-0.251960,-1.438903,5.573253,0.022515,1.029816,0.347588,2.942499
0.672000,-0.251667,-1.455875,5.575957,0.022165,1.032378,0.350829,2.956610
0.674000,-0.251262,-1.472855,5.574829,0.021786,1.034950,0.354050,2.970891
0.676000,-0.250762,-1.489631,5.569865,0.021394,1.037530,0.357256,2.985347
0.678000,-0.250182,-1.506044,5.561116,0.021002,1.040116,0.360449,2.999982
0.680000,-0.249534,-1.521978,5.548677,0.020620,1.042705,0.363632,3.014799
0.682000,-0.248845,-1.537377,5.532699,0.020260,1.045294,0.366809,3.029803
0.684000,-0.248115,-1.552164,5.513311,0.019930,1.047880,0.369982,3.044997
0.686000,-0.247344,-1.566279,5.490658,0.019637,1.050462,0.373153,3.060386
0.688000,-0.246540,-1.579696,5.464918,0.019387,1.053035,0.376325,3.075973
0.690000,-0.245710,-1.592400,5.436276,0.019188,1.055598,0.379500,3.091762
0.692000,-0.244862,-1.604385,5.404921,0.019043,1.058148,0.382679,3.107758
0.694000,-0.244001,-1.615648,5.371042,0.018958,1.060682,0.385864,3.123964
0.696000,-0.243137,-1.626179,5.334828,0.018935,1.063199,0.389057,3.140385
0.698000,-0.242273,-1.635995,5.296463,0.018978,1.065695,0.392259,3.157024
0.700000,-0.241412,-1.645103,5.256127,0.019089,1.068170,0.395472,3.173886
0.702000,-0.253621,-1.146101,4.703296,0.019271,1.070622,0.398696,3.190975
0.704000,-0.251946,-1.189869,4.717202,0.016603,1.072525,0.401852,3.208278
0.706000,-0.250183,-1.232398,4.725334,0.014178,1.074456,0.405009,3.225801
0.708000,-0.248367,-1.273535,4.728015,0.011997,1.076413,0.408170,3.243550
0.710000,-0.246529,-1.313162,4.725575,0.010062,1.078392,0.411339,3.261530
0.712000,-0.244692,-1.351180,4.718336,0.008374,1.080388,0.414518,3.279747
0.714000,-0.242879,-1.387498,4.706602,0.006932,1.082399,0.417710,3.298208
0.716000,-0.241110,-1.422026,4.690650,0.005733,1.084421,0.420915,3.316918
0.718000,-0.239401,-1.454673,4.670733,0.004776,1.086449,0.424137,3.335883
0.720000,-0.199999,-2.347466,3.596221,0.004054,1.088480,0.427376,3.355109
0.722000,-0.236749,-1.462467,4.764300,0.014157,1.091295,0.429759,3.374609
0.724000,-0.194448,-2.390394,3.627143,0.012952,1.093257,0.433165,3.394384
0.726000,-0.234593,-1.464822,4.826486,0.023115,1.096085,0.435656,3.414447
0.728000,-0.233404,-1.491546,4.765912,0.021475,1.097973,0.439212,3.434797
0.730000,-0.232316,-1.516041,4.703099,0.020156,1.099862,0.442765,3.455439
0.732000,-0.231344,-1.538197,4.638253,0.019147,1.101743,0.446318,3.476381
0.734000,-0.167224,-2.321355,3.628996,0.018437,1.103611,0.449876,3.497628
0.736000,-0.182555,-2.363003,3.641200,0.027596,1.104519,0.452021,3.519151
0.738000,-0.179161,-2.381929,3.635900,0.036763,1.107423,0.454844,3.541011
0.740000,-0.232551,-1.449367,4.764431,0.046010,1.110290,0.457729,3.563216
0.742000,-0.232401,-1.466855,4.655045,0.043616,1.112068,0.461758,3.585758
0.744000,-0.231993,-1.482485,4.546308,0.041646,1.113805,0.465759,3.608642
0.746000,-0.231594,-1.495922,4.438570,0.040077,1.115491,0.469730,3.631875
0.748000,-0.178792,-2.301452,3.380002,0.038888,1.117121,0.473677,3.655464
0.750000,-0.176534,-2.303059,3.359652,0.047923,1.119655,0.476668,3.679431
0.752000,0.325863,-6.920202,4.653753,0.056939,1.122135,0.479722,3.703787
0.754000,1.777823,-10.461131,12.708786,0.154450,1.144386,0.482713,3.729172
0.756000,1.693777,-9.573972,12.802640,0.281012,1.173318,0.476205,3.756004
0.758000,1.753933,-8.841789,13.420086,0.393629,1.200148,0.470189,3.784280
0.760000,1.736166,-8.222012,14.148833,0.494200,1.228478,0.462860,3.814138
0.762000,1.619908,-7.292290,14.881560,0.583843,1.256073,0.455778,3.845643
0.764000,1.509643,-6.531890,14.208824,0.661383,1.283007,0.449817,3.878861
0.766000,1.394247,-5.836939,12.774313,0.729142,1.307910,0.444534,3.913797
0.768000,1.285280,-5.181146,12.025958,0.789235,1.329882,0.439756,3.950410
0.770000,0.978882,-4.746238,7.358562,0.841382,1.350043,0.435692,3.988708
0.772000,1.108814,-4.016233,11.104893,0.893855,1.363142,0.433579,4.028422
0.774000,0.940270,-4.010268,10.841904,0.931469,1.380348,0.430709,4.069857
0.776000,0.854311,-3.569041,10.081991,0.963759,1.392720,0.431049,4.112875
0.778000,0.777384,-3.179631,9.368015,0.991798,1.404011,0.431654,4.157501
0.780000,0.760820,-2.485329,8.746946,1.016148,1.414293,0.432533,4.203764
0.782000,0.701238,-2.204804,8.121633,1.036612,1.426653,0.431952,4.251850
0.784000,0.654780,-1.991412,7.162006,1.054245,1.437928,0.431784,4.301798
0.786000,0.454405,-1.876982,3.931986,1.070365,1.447638,0.431844,4.353621
0.788000,0.414899,-1.650671,3.681532,1.089475,1.452561,0.432866,4.407132
0.790000,0.560248,-1.288725,6.729026,1.106141,1.456701,0.434146,4.462377
0.792000,0.474097,-1.662240,6.226154,1.114022,1.464979,0.434858,4.519710
0.794000,0.434779,-1.481091,5.817074,1.121733,1.468472,0.438130,4.578951
0.796000,0.399324,-1.321964,5.434454,1.128369,1.471896,0.441397,4.640188
0.798000,0.368691,-1.183602,5.073609,1.134090,1.475211,0.444687,4.703513
0.800000,0.363096,-0.736913,4.768578,1.139042,1.478426,0.448007,4.769027
0.802000,0.340176,-0.657962,4.445537,1.142654,1.484223,0.450013,4.837023
0.804000,0.319218,-0.588432,4.142927,1.145728,1.489687,0.452258,4.907615
0.806000,0.300225,-0.527814,3.859899,1.148360,1.494837,0.454721,4.980927
0.808000,0.295422,-0.901027,3.555641,1.150637,1.499693,0.457389,5.000000
0.810000,0.276446,-0.810058,3.312129,1.153479,1.501128,0.461996,5.000000
0.812000,0.260722,-0.731834,3.086635,1.156076,1.502660,0.466603,5.000000
0.814000,0.252702,-0.354951,2.912691,1.158483,1.504267,0.471223,5.000000
0.816000,0.245517,-0.323914,2.719213,1.160061,1.508413,0.474621,5.000000
0.818000,0.237226,-0.296171,2.526193,1.161548,1.512415,0.478152,5.000000
0.820000,0.230829,-0.657045,2.285203,1.162992,1.516265,0.481810,5.000000
0.822000,0.217901,-0.594250,2.088794,1.165310,1.516896,0.487076,5.000000
0.824000,0.206434,-0.539621,1.897452,1.167624,1.517674,0.492323,5.000000
0.826000,0.196650,-0.492442,1.715434,1.169959,1.518569,0.497571,5.000000
0.828000,0.182424,-0.196767,1.575208,1.172337,1.519560,0.502833,5.000000
0.830000,0.178287,-0.182447,1.419609,1.174202,1.522676,0.507150,5.000000
0.832000,0.173458,-0.466210,1.246490,1.176147,1.525719,0.511566,5.000000
0.834000,0.168149,-0.430899,1.131545,1.178855,1.526271,0.516893,5.000000
0.836000,0.162344,-0.541047,-0.381473,1.181660,1.527005,0.522159,5.000000
0.838000,0.178768,-0.143382,1.156988,1.188380,1.525329,0.526150,5.000000
0.840000,0.182741,-0.389552,1.044740,1.190408,1.528683,0.531002,5.000000
0.842000,0.187983,-0.381154,0.980838,1.193175,1.529983,0.536435,5.000000
0.844000,0.195020,-0.376685,0.923783,1.196145,1.531477,0.541864,5.000000
0.846000,0.199748,-0.167642,0.874739,1.199321,1.533157,0.547301,5.000000
0.848000,0.216646,-0.415977,0.827317,1.202225,1.536617,0.552247,5.000000
0.850000,0.226448,-0.415241,0.779472,1.205874,1.538386,0.557770,5.000000
0.852000,0.236789,-0.415437,0.731369,1.209733,1.540367,0.563297,5.000000
0.854000,0.035719,-0.264230,-0.512327,1.213801,1.542541,0.568838,5.000000
0.856000,0.031217,-0.047704,-0.639055,1.218010,1.543371,0.574647,5.000000
0.858000,0.063801,-0.307120,-0.522559,1.222040,1.545572,0.579953,5.000000
0.860000,0.075058,-0.305136,-0.536979,1.226526,1.546426,0.586001,5.000000
0.862000,0.086738,-0.304390,-0.550808,1.231135,1.547450,0.592106,5.000000
0.864000,0.072995,-0.074323,-0.701600,1.235871,1.548638,0.598273,5.000000
0.866000,0.430066,-0.758933,-0.257418,1.240401,1.551102,0.603913,5.000000
0.868000,0.448027,-0.569267,1.012577,1.249692,1.552293,0.608530,5.000000
0.870000,0.450404,-0.560312,0.910388,1.255233,1.556345,0.614689,5.000000
0.872000,0.453135,-0.554681,0.810945,1.261010,1.560528,0.620844,5.000000
0.874000,0.439392,-0.332439,0.650223,1.267021,1.564838,0.627000,5.000000
0.876000,0.461074,-0.577871,0.608128,1.272700,1.570421,0.632821,5.000000
0.878000,0.205341,-0.371416,-0.585760,1.279217,1.574656,0.639091,5.000000
0.880000,0.201428,-0.131580,-0.753674,1.285255,1.577205,0.645708,5.000000
0.882000,0.231000,-0.408094,-0.625899,1.290968,1.581126,0.652003,5.000000
0.884000,0.240375,-0.401253,-0.656621,1.297335,1.583617,0.658830,5.000000
0.886000,0.249298,-0.395177,-0.685444,1.303830,1.586230,0.665710,5.000000
0.888000,0.567341,-0.649598,0.327717,1.310456,1.588958,0.672634,5.000000
0.890000,0.549387,-0.411371,0.154236,1.318635,1.593929,0.679203,5.000000
0.892000,0.290590,-0.415678,-0.755734,1.326321,1.600214,0.685596,5.000000
0.894000,0.042236,0.140084,-1.624270,1.333399,1.603124,0.692774,5.000000
0.896000,0.650035,-0.758840,0.086374,1.335960,1.600678,0.698240,5.000000
0.898000,0.624276,-0.740965,-0.027247,1.345824,1.606872,0.705291,5.000000
0.900000,0.372291,-0.466577,-0.762947,1.355761,1.612596,0.712667,5.000000
0.902000,0.379399,-0.453828,-0.812118,1.363921,1.616473,0.720606,5.000000
0.904000,0.387287,-0.443251,-0.859178,1.372161,1.620367,0.728604,5.000000
0.906000,0.396055,-0.434357,-0.904210,1.380496,1.624291,0.736650,5.000000
0.908000,0.405702,-0.427133,-0.947494,1.388934,1.628253,0.744745,5.000000
0.910000,0.412734,-0.249287,-1.064606,1.397486,1.632263,0.752892,5.000000
0.912000,0.430405,-0.447185,-1.016349,1.405703,1.637724,0.760750,5.000000
0.914000,0.440414,-0.440222,-1.054725,1.414575,1.641603,0.769048,5.000000
0.916000,0.444690,-0.260770,-1.150426,1.423568,1.645593,0.777389,-1.000000
0.918000,0.465549,-0.461451,-1.116924,1.432195,1.651224,0.785408,-1.000000
0.920000,0.476282,-0.454693,-1.153494,1.441521,1.655164,0.793885,-1.000000
0.922000,0.487698,-0.449383,-1.189931,1.450982,1.659256,0.802399,-1.000000
0.924000,0.499723,-0.445337,-1.226325,1.460584,1.663494,0.810954,-1.000000
0.926000,0.506262,-0.287086,-1.291279,1.470334,1.667871,0.819551,-1.000000
0.928000,0.519428,-0.295341,-1.316628,1.479754,1.673936,0.827863,-1.000000
0.930000,0.546613,-0.494809,-1.322777,1.489342,1.680077,0.836211,-1.000000
0.932000,0.125341,0.249152,-2.075127,1.499704,1.684308,0.845036,-1.000000
0.934000,0.642572,-0.586599,-1.280032,1.503400,1.681375,0.851711,-1.000000
0.936000,0.647227,-0.568595,-1.332354,1.514891,1.687330,0.860883,-1.000000
0.938000,0.653544,-0.553363,-1.384052,1.526462,1.693290,0.870055,-1.000000
0.940000,0.661180,-0.540300,-1.435457,1.538127,1.699268,0.879237,-1.000000
0.942000,0.669898,-0.528976,-1.486764,1.549897,1.705274,0.888432,-1.000000
0.944000,0.673658,-0.401771,-1.504575,1.561780,1.711316,0.897646,-1.000000
0.946000,0.684218,-0.402672,-1.544064,1.573325,1.718988,0.906611,-1.000000
0.948000,0.710483,-0.545686,-1.642620,1.584994,1.726656,0.915596,-1.000000
0.950000,0.719889,-0.532584,-1.690718,1.597343,1.732296,0.924980,-1.000000
0.952000,0.730250,-0.520846,-1.739648,1.609804,1.738067,0.934369,-1.000000
0.954000,0.731883,-0.520057,-1.794170,1.622381,1.743962,0.943770,-1.000000
0.956000,0.740001,-0.514789,-1.846486,1.635235,1.749802,0.953202,-1.000000
0.958000,0.743651,-0.412971,-1.811475,1.648280,1.755685,0.962661,-1.000000
0.960000,4.262425,-3.897263,-0.136154,1.660994,1.763366,0.971867,-1.000000
0.962000,4.059756,-3.628247,-0.493390,1.712706,1.805915,1.009325,-1.000000
0.964000,3.798957,-3.308455,-0.697632,1.761311,1.844339,1.044573,-1.000000
0.966000,3.483314,-2.943700,-0.761248,1.806670,1.880421,1.077383,-1.000000
0.968000,3.252646,-2.675900,-0.961447,1.848572,1.915620,1.107473,-1.000000
0.970000,4.184376,-2.475395,2.538967,1.887694,1.948406,1.135595,-1.000000
0.972000,3.974727,-2.243864,2.241580,1.918624,1.989127,1.167569,-1.000000
0.974000,3.689099,-1.947565,2.103751,1.947425,2.027909,1.197797,-1.000000
0.976000,3.499982,-1.758757,1.795825,1.973736,2.066423,1.225715,-1.000000
0.978000,3.318546,-1.585198,1.484127,1.998298,2.102860,1.252180,-1.000000
0.980000,3.137743,-1.422685,1.152751,2.021303,2.137247,1.277298,-1.000000
0.982000,3.023016,-1.327058,0.860457,2.042922,2.169535,1.301128,-1.000000
0.984000,2.971315,-1.315095,0.189030,2.064104,2.200493,1.323813,-1.000000
0.986000,2.762667,-1.152880,-0.207188,2.085046,2.226343,1.346604,-1.000000
0.988000,2.440267,-0.886935,-0.390716,2.104919,2.250108,1.368094,-1.000000
0.990000,2.244337,-0.754825,-0.827122,2.123087,2.273942,1.387196,-1.000000
0.992000,2.062897,-0.635858,-1.280216,2.140394,2.295334,1.405145,-1.000000
0.994000,1.884420,-0.524013,-1.691706,2.157068,2.314349,1.422056,-1.000000
0.996000,1.918619,-0.599432,-2.321318,2.173078,2.331123,1.437946,-1.000000
0.998000,1.611169,-0.356783,-2.365081,2.189701,2.343411,1.454774,-1.000000
1.000000,1.463265,-0.269079,-2.714585,2.204901,2.356753,1.469212,-1.000000
1.002000,1.326351,-0.189435,-3.039783,2.219622,2.368206,1.482825,-1.000000
1.004000,1.366034,-0.260492,-3.691328,2.233919,2.377902,1.495678,-1.000000
1.006000,1.100987,-0.063841,-3.610078,2.248768,2.382776,1.509507,-1.000000
1.008000,1.004097,-0.016279,-3.868547,2.262577,2.389569,1.521148,-1.000000
1.010000,0.914153,0.027770,-4.101983,2.276226,2.395104,1.532254,-1.000000
1.012000,0.861953,0.067747,-4.217339,2.289725,2.399459,1.542873,-1.000000
1.014000,0.994885,-0.052153,-4.783763,2.302971,2.403042,1.553172,-1.000000
1.016000,0.941337,-0.003736,-4.830595,2.317154,2.402406,1.564969,-1.000000
1.018000,-0.041272,1.134123,-4.384525,2.331174,2.401737,1.576346,-1.000000
1.020000,-0.049530,1.152062,-4.383819,2.332524,2.394006,1.582579,-1.000000
1.022000,-0.055571,1.167734,-4.381624,2.333592,2.386235,1.588618,-1.000000
1.024000,1.171917,-0.296846,-4.566736,2.334424,2.378446,1.594470,-1.000000
1.026000,1.123473,-0.234472,-4.619030,2.352721,2.385504,1.605212,-1.000000
1.028000,1.082808,-0.180549,-4.670152,2.370503,2.391776,1.615701,-1.000000
1.030000,1.048844,-0.133874,-4.720256,2.387852,2.397369,1.625968,-1.000000
1.032000,-0.046233,1.189469,-4.560874,2.404839,2.402376,1.636037,-1.000000
1.034000,-0.048359,1.210892,-4.554473,2.406147,2.394011,1.641732,-1.000000
1.036000,1.299996,-0.404197,-4.848960,2.407229,2.385675,1.647302,-1.000000
1.038000,1.443440,-0.446502,-5.669563,2.427657,2.393624,1.657861,-1.000000
1.040000,0.079636,1.199345,-5.318767,2.448410,2.395686,1.670299,-1.000000
1.042000,1.500379,-0.503905,-5.618379,2.449926,2.382266,1.677413,-1.000000
1.044000,1.287231,-0.329891,-5.094462,2.472068,2.386738,1.689613,-1.000000
1.046000,-0.022105,1.258963,-4.795368,2.492837,2.393967,1.699996,-1.000000
1.048000,-0.002301,1.279840,-4.784087,2.494597,2.385223,1.705544,-1.000000
1.050000,1.530924,-0.577071,-5.252945,2.495996,2.376802,1.711059,-1.000000
1.052000,1.449579,-0.471313,-5.302780,2.519972,2.386863,1.721911,-1.000000
1.054000,0.020413,1.287420,-4.895255,2.542925,2.395703,1.732460,-1.000000
