t,acc_x,acc_y,acc_z,gyro_x,gyro_y,gyro_z,tof
0.002000,0.000200,0.000012,0.017692,0.000000,0.000000,0.000000,1.456662
0.004000,-5.801282,-3.798615,-0.603713,-0.000000,0.000002,0.000000,1.456606
0.006000,-5.775818,-3.788719,-0.597844,0.009213,-0.017322,0.000162,1.456440
0.008000,-5.750997,-3.778975,-0.592299,0.018387,-0.034450,0.000314,1.456163
0.010000,-5.726790,-3.769376,-0.587064,0.027524,-0.051392,0.000458,1.455776
0.012000,-5.702435,-3.761422,-0.582105,0.036623,-0.068153,0.000595,1.455281
0.014000,-5.678501,-3.753900,-0.577425,0.045684,-0.084740,0.000795,1.454677
0.016000,-5.655138,-3.746447,-0.573015,0.054707,-0.101157,0.001073,1.453965
0.018000,0.264440,0.116404,0.060414,0.063693,-0.117413,0.001428,1.453146
0.020000,-5.501122,-1.329682,3.811055,0.063032,-0.115696,0.001696,1.452278
0.022000,-5.421956,-3.324176,7.230696,0.051989,-0.132497,0.005553,1.451324
0.024000,-4.015847,-2.962596,24.359587,0.060592,-0.150624,0.007528,1.450303
0.026000,-4.170733,-0.552302,20.749296,0.066091,-0.158090,0.008439,1.449342
0.028000,-4.168798,-1.976262,20.415545,0.051371,-0.166287,0.011791,1.448418
0.030000,-4.209024,-2.762699,19.615087,0.048588,-0.174178,0.013751,1.447531
0.032000,-4.199002,-2.824251,20.062363,0.052148,-0.182171,0.014966,1.446676
0.034000,1.524701,0.408544,19.056539,0.054334,-0.190367,0.016382,1.445856
0.036000,-4.371610,-2.656084,17.208000,0.051900,-0.181361,0.016955,1.445115
0.038000,-4.381806,-1.323314,17.401423,0.052566,-0.190553,0.018506,1.444389
0.040000,-4.450025,-1.515673,16.090089,0.039732,-0.200270,0.021746,1.443676
0.042000,-4.622506,-3.689581,13.066737,0.028727,-0.210400,0.024738,1.442969
0.044000,-4.659199,-3.726076,12.266669,0.036332,-0.221401,0.025408,1.442249
0.046000,-4.689708,-3.762165,11.572628,0.044222,-0.232595,0.026096,1.441510
0.048000,-4.714149,-3.790616,10.979636,0.052481,-0.243950,0.026786,1.440749
0.050000,-4.972472,-5.450789,8.715744,0.061035,-0.255433,0.027483,1.439962
0.052000,0.901703,-2.024992,9.184466,0.085875,-0.269206,0.026454,1.439131
0.054000,-4.721674,-3.139106,10.491167,0.104292,-0.265010,0.025547,1.438312
0.056000,-4.736982,-3.244206,10.055698,0.106965,-0.276737,0.026976,1.437462
0.058000,-4.748640,-3.336918,9.685275,0.110634,-0.288497,0.028323,1.436582
0.060000,-4.554224,0.082631,12.665597,0.115183,-0.300285,0.029599,1.435667
0.062000,-4.591097,-0.457386,11.806806,0.090888,-0.311304,0.034366,1.434737
0.064000,-4.614719,-0.883572,11.100370,0.071843,-0.322426,0.038496,1.433785
0.066000,-4.680825,-1.621586,9.868221,0.057250,-0.333522,0.042062,1.432809
0.068000,1.155740,1.579755,9.977219,0.050165,-0.344875,0.044713,1.431801
0.070000,-4.784102,-1.866102,8.528598,0.039103,-0.338178,0.045829,1.430815
0.072000,-4.898490,-0.774964,6.971816,0.035077,-0.350157,0.047992,1.429789
0.074000,-4.785178,-2.128006,8.177647,0.021022,-0.363122,0.051267,1.428711
0.076000,-4.708409,-2.541374,9.057270,0.019507,-0.375093,0.053071,1.427591
0.078000,-4.549073,-0.587660,11.730502,0.021189,-0.386478,0.054509,1.426436
0.080000,-4.688379,-3.207721,9.563163,0.003120,-0.397320,0.058313,1.425262
0.082000,-5.024890,-4.060818,5.776204,0.007293,-0.408870,0.059312,1.424056
0.084000,0.980988,2.376570,7.771090,0.019594,-0.422922,0.059823,1.422791
0.086000,-4.533492,-1.307763,12.145564,-0.001688,-0.418220,0.061872,1.421530
0.088000,-4.576764,-1.709517,10.972489,-0.013560,-0.429275,0.064894,1.420252
0.090000,-4.592200,-1.646977,10.490812,-0.020912,-0.440309,0.067338,1.418952
0.092000,-4.602839,-1.758434,10.205700,-0.028561,-0.451358,0.069801,1.417627
0.094000,-4.611476,-1.858995,9.957929,-0.035181,-0.462444,0.072116,1.416276
0.096000,-4.611851,-2.185806,9.933223,-0.040876,-0.473562,0.074296,1.414897
0.098000,1.170457,2.192909,9.788803,-0.043873,-0.484682,0.076131,1.413491
0.100000,-4.931147,-2.087450,5.977698,-0.063275,-0.478665,0.078155,1.412105
0.102000,-5.187191,-3.310413,4.014294,-0.068682,-0.492047,0.080097,1.410663
0.104000,-4.570113,-1.880999,10.501006,-0.061622,-0.507877,0.080732,1.409150
0.106000,-4.570897,-2.751062,10.317513,-0.066989,-0.519058,0.082840,1.407613
0.108000,-4.633662,-3.405350,9.284212,-0.064492,-0.530102,0.083962,1.406053
0.110000,-4.582360,-2.725682,9.863902,-0.055533,-0.541428,0.084263,1.404463
0.112000,-4.589588,-2.739538,9.639920,-0.053210,-0.552479,0.085404,1.402849
0.114000,1.278208,0.810129,10.335578,-0.050746,-0.563555,0.086523,1.401208
0.116000,1.229290,0.753664,10.952002,-0.056174,-0.556591,0.086845,1.399595
0.118000,1.098146,-1.452542,9.639087,-0.062337,-0.550371,0.088077,1.398010
0.120000,0.900216,-2.575986,8.180220,-0.050002,-0.544944,0.086997,1.396445
0.122000,0.990780,0.137074,7.989330,-0.026530,-0.541231,0.084571,1.394888
0.124000,1.094705,1.951500,10.038187,-0.029350,-0.536441,0.085341,1.393340
0.126000,0.919178,2.655696,8.518668,-0.047658,-0.531397,0.088017,1.391810
0.128000,1.009132,1.017366,9.197438,-0.070600,-0.527824,0.091023,1.390286
0.130000,0.971312,0.971697,9.030731,-0.079941,-0.523231,0.092435,1.388775
0.132000,1.023904,-0.903225,10.664286,-0.088940,-0.518968,0.093769,1.387275
0.134000,0.956833,0.149234,9.551972,-0.080250,-0.514541,0.092922,1.385797
0.136000,0.929877,0.218217,9.351987,-0.079857,-0.510489,0.093038,1.384334
0.138000,0.928203,0.576294,9.585956,-0.080090,-0.506606,0.093205,1.382882
0.140000,0.918622,0.986318,9.929038,-0.083972,-0.502820,0.093806,1.381444
0.142000,0.811764,-0.683245,8.324760,-0.092246,-0.499364,0.094940,1.380020
0.144000,0.839219,-1.477537,9.045182,-0.086054,-0.496260,0.094275,1.378600
0.146000,0.712538,-2.829393,8.387387,-0.073357,-0.492990,0.092839,1.377190
0.148000,0.932257,-0.955486,11.528706,-0.047817,-0.490863,0.089784,1.375784
0.150000,0.838118,0.370637,9.559383,-0.040593,-0.487556,0.089059,1.374400
0.152000,0.813504,0.412280,9.346515,-0.045251,-0.484546,0.089763,1.373027
0.154000,0.791080,0.446695,9.167312,-0.050303,-0.481704,0.090493,1.371662
0.156000,0.770550,0.474372,9.016932,-0.055694,-0.479017,0.091244,1.370304
0.158000,0.630512,1.760064,7.811275,-0.061371,-0.476470,0.092008,1.368953
0.160000,0.821971,-1.559034,10.838791,-0.076779,-0.475070,0.093805,1.367596
0.162000,0.817935,-0.783329,10.697625,-0.063546,-0.472502,0.092169,1.366257
0.164000,0.768205,-0.008763,9.887650,-0.057175,-0.469990,0.091438,1.364933
0.166000,0.763712,0.493809,10.267182,-0.057090,-0.467751,0.091445,1.363620
0.168000,0.736647,0.483325,9.999578,-0.062329,-0.465832,0.092118,1.362316
0.170000,0.744024,-0.332105,10.420083,-0.067431,-0.464085,0.092742,1.361022
0.172000,0.720089,-0.317529,10.191475,-0.065799,-0.462317,0.092523,1.359739
0.174000,0.688678,-0.599100,9.634647,-0.064280,-0.460706,0.092296,1.358466
0.176000,0.688759,-1.052814,9.982602,-0.059675,-0.459080,0.091631,1.357200
0.178000,0.672933,-0.971357,9.871416,-0.051566,-0.457505,0.090522,1.355943
0.180000,0.657843,-0.884601,9.765965,-0.044238,-0.456050,0.089512,1.354693
0.182000,0.637751,-1.591445,10.316150,-0.037726,-0.454711,0.088607,1.353451
0.184000,0.618680,-1.398760,10.103688,-0.026017,-0.453747,0.086940,1.352219
0.186000,0.601598,-1.229408,9.925618,-0.016009,-0.452955,0.085492,1.350994
0.188000,0.586201,-1.080885,9.777076,-0.007501,-0.452316,0.084237,1.349775
0.190000,0.572224,-0.950982,9.653799,-0.000313,-0.451817,0.083152,1.348561
0.192000,0.559385,-0.838710,9.551119,0.005715,-0.451446,0.082216,1.347351
0.194000,0.553320,-0.286615,9.097921,0.010736,-0.451192,0.081408,1.346144
0.196000,0.558433,0.131068,9.577759,0.011442,-0.450853,0.081222,1.344938
0.198000,0.543927,0.069872,9.489102,0.007601,-0.450791,0.081665,1.343733
0.200000,0.519832,-0.326380,9.010926,0.004304,-0.450841,0.082033,1.342530
0.202000,0.513068,-0.313621,9.029405,0.005194,-0.450808,0.081816,1.341326
0.204000,0.506210,-0.302860,9.047388,0.005915,-0.450835,0.081616,1.340121
0.206000,0.499282,-0.293666,9.065040,0.006484,-0.450926,0.081430,1.338915
0.208000,0.492296,-0.285721,9.082425,0.006914,-0.451084,0.081256,1.337708
0.210000,0.485261,-0.278782,9.099516,0.007216,-0.451311,0.081093,1.336501
0.212000,0.478177,-0.271947,9.115575,0.007398,-0.451609,0.080939,1.335292
0.214000,0.485033,0.173867,9.647485,0.007461,-0.451981,0.080795,1.334082
0.216000,0.457992,-0.304604,9.079692,0.002641,-0.452667,0.081323,1.332872
0.218000,0.451406,-0.296127,9.098465,0.002871,-0.453252,0.081150,1.331661
0.220000,0.444748,-0.288120,9.116219,0.002965,-0.453909,0.080988,1.330448
0.222000,0.440629,-0.494667,10.169987,0.002926,-0.454641,0.080837,1.329232
0.224000,0.410810,-0.891247,9.527698,0.002911,-0.455934,0.080615,1.328019
0.226000,0.411870,-0.235728,8.983995,0.007229,-0.457173,0.079770,1.326805
0.228000,0.406484,-0.233806,9.015105,0.006502,-0.458293,0.079683,1.325587
0.230000,0.400893,-0.232415,9.044044,0.005696,-0.459477,0.079598,1.324366
0.232000,0.395109,-0.231826,9.070907,0.004816,-0.460729,0.079511,1.323141
0.234000,0.389143,-0.232208,9.095718,0.003869,-0.462051,0.079425,1.321913
0.236000,0.399658,0.246261,9.691293,0.002862,-0.463447,0.079337,1.320681
0.238000,0.355866,-0.959541,9.631383,-0.003433,-0.465147,0.079981,1.319447
0.240000,0.347017,-0.876627,9.547253,0.000936,-0.467046,0.079040,1.318212
0.242000,0.351667,-0.206015,8.983035,0.004495,-0.469057,0.078204,1.316975
0.244000,0.346516,-0.213321,9.014641,0.002978,-0.470920,0.078146,1.315732
0.246000,0.357233,0.256398,9.618758,0.001463,-0.472850,0.078081,1.314485
0.248000,0.329162,-0.289761,8.997546,-0.005284,-0.475091,0.078747,1.313234
0.250000,0.323918,-0.296885,9.026917,-0.006244,-0.477227,0.078598,1.311977
0.252000,0.318427,-0.304489,9.053589,-0.007207,-0.479435,0.078441,1.310715
0.254000,0.312706,-0.312505,9.077434,-0.008168,-0.481717,0.078275,1.309448
0.256000,0.306772,-0.320857,9.098347,-0.009124,-0.484078,0.078101,1.308175
0.258000,0.300644,-0.329462,9.116263,-0.010072,-0.486522,0.077918,1.306896
0.260000,0.294343,-0.338238,9.131157,-0.011008,-0.489050,0.077726,1.305612
0.262000,0.303885,0.162775,9.749333,-0.011931,-0.491667,0.077524,1.304322
0.264000,0.251454,-1.153815,9.713574,-0.018451,-0.494649,0.078102,1.303029
0.266000,0.243057,-1.051996,9.594475,-0.013410,-0.497890,0.076929,1.301731
0.268000,0.255945,-0.326916,8.949877,-0.009285,-0.501250,0.075878,1.300430
0.270000,0.250802,-0.336946,8.969623,-0.010573,-0.504382,0.075681,1.299121
0.272000,0.245425,-0.347283,8.986878,-0.011836,-0.507589,0.075475,1.297804
0.274000,0.254847,0.148022,9.607260,-0.013072,-0.510874,0.075259,1.296480
0.276000,0.227813,-0.420332,8.937822,-0.019877,-0.514535,0.075816,1.295151
0.278000,0.222521,-0.428790,8.953277,-0.020584,-0.518045,0.075520,1.293813
0.280000,0.217039,-0.436846,8.966165,-0.021283,-0.521635,0.075215,1.292467
0.282000,0.211388,-0.444474,8.976420,-0.021976,-0.525306,0.074900,1.291113
0.284000,0.205587,-0.451659,8.984006,-0.022669,-0.529064,0.074577,1.289750
0.286000,0.199656,-0.458400,8.988923,-0.023363,-0.532909,0.074245,1.288379
0.288000,0.161455,-1.228124,9.650465,-0.024062,-0.536846,0.073906,1.287000
0.290000,0.184045,-0.418510,8.907452,-0.019271,-0.541340,0.072636,1.285616
0.292000,0.192392,0.095028,9.541433,-0.020452,-0.545518,0.072333,1.284222
0.294000,0.166441,-0.487175,8.834202,-0.027447,-0.550125,0.072830,1.282821
0.296000,0.161309,-0.492538,8.839973,-0.028131,-0.554540,0.072453,1.281410
0.298000,0.156028,-0.497533,8.843645,-0.028833,-0.559037,0.072070,1.279989
0.300000,0.114286,-1.256780,9.502334,-0.029557,-0.563619,0.071681,1.278558
0.302000,0.141966,-0.454491,8.761253,-0.024911,-0.568795,0.070367,1.277120
0.304000,0.149401,0.046546,9.383484,-0.026142,-0.573608,0.070015,1.275671
0.306000,0.125729,-0.518548,8.688773,-0.033082,-0.578865,0.070443,1.274214
0.308000,0.121118,-0.522504,8.694295,-0.033856,-0.583906,0.070023,1.272745
0.310000,0.116332,-0.526162,8.697791,-0.034663,-0.589027,0.069598,1.271265
0.312000,0.111390,-0.529519,8.699143,-0.035504,-0.594232,0.069169,1.269773
0.314000,0.106311,-0.532582,8.698256,-0.036382,-0.599524,0.068735,1.268271
0.316000,0.101114,-0.535363,8.695066,-0.037299,-0.604906,0.068296,1.266757
0.318000,0.095818,-0.537877,8.689539,-0.038256,-0.610380,0.067853,1.265231
0.320000,0.044160,-1.327331,9.367970,-0.039255,-0.615949,0.067406,1.263694
0.322000,0.082341,-0.486775,8.584445,-0.034732,-0.622219,0.065982,1.262147
0.324000,0.077553,-0.490660,8.578531,-0.036299,-0.628034,0.065574,1.260589
0.326000,0.082636,0.017633,9.209350,-0.037894,-0.633937,0.065162,1.259018
0.328000,0.070668,-0.089304,9.064696,-0.045359,-0.640361,0.065537,1.257436
0.330000,0.051488,-0.603739,8.399816,-0.051868,-0.646897,0.065786,1.255843
0.332000,0.047610,-0.603693,8.398027,-0.052602,-0.653181,0.065253,1.254236
0.334000,0.043577,-0.603085,8.394435,-0.053404,-0.659545,0.064717,1.252615
0.336000,0.039409,-0.601948,8.388894,-0.054280,-0.665992,0.064178,1.250981
0.338000,-0.019047,-1.375160,9.069114,-0.055233,-0.672526,0.063636,1.249334
0.340000,0.028624,-0.542434,8.283622,-0.050870,-0.679833,0.062122,1.247675
0.342000,0.024905,-0.541917,8.277704,-0.052463,-0.686595,0.061622,1.246002
0.344000,0.021010,-0.541732,8.269848,-0.054125,-0.693441,0.061121,1.244314
0.346000,0.016962,-0.541854,8.259901,-0.055854,-0.700372,0.060618,1.242612
0.348000,0.012787,-0.542244,8.247739,-0.057644,-0.707394,0.060113,1.240895
0.350000,0.008508,-0.542852,8.233274,-0.059494,-0.714507,0.059605,1.239164
0.352000,0.004151,-0.543625,8.216455,-0.061401,-0.721716,0.059094,1.237419
0.354000,-0.000261,-0.544506,8.197266,-0.063361,-0.729021,0.058578,1.235659
0.356000,-0.004703,-0.545439,8.175724,-0.065372,-0.736423,0.058058,1.233884
0.358000,-0.009154,-0.546370,8.151875,-0.067434,-0.743926,0.057532,1.232094
0.360000,-0.013593,-0.547249,8.125791,-0.069544,-0.751527,0.057001,1.230289
0.362000,-0.018000,-0.548033,8.097559,-0.071703,-0.759230,0.056464,1.228469
0.364000,-0.022359,-0.548685,8.067285,-0.073908,-0.767033,0.055921,1.226634
0.366000,-0.094074,-1.296342,8.715756,-0.076162,-0.774936,0.055372,1.224784
0.368000,-0.032057,-0.492782,7.913003,-0.073409,-0.783756,0.053855,1.222920
0.370000,-0.033070,-0.038705,8.487847,-0.076231,-0.791899,0.053332,1.221040
0.372000,-0.044111,-0.544768,7.774704,-0.084500,-0.800679,0.053503,1.219146
0.374000,-0.046764,-0.545069,7.748293,-0.086930,-0.809046,0.052926,1.217235
0.376000,-0.049494,-0.545323,7.720916,-0.089412,-0.817491,0.052343,1.215307
0.378000,-0.052278,-0.545473,7.692418,-0.091947,-0.826014,0.051754,1.213362
0.380000,-0.055096,-0.545472,7.662659,-0.094534,-0.834619,0.051159,1.211401
0.382000,-0.057926,-0.545277,7.631517,-0.097175,-0.843308,0.050557,1.209423
0.384000,-0.060748,-0.544858,7.598897,-0.099870,-0.852081,0.049948,1.207428
0.386000,-0.063541,-0.544191,7.564726,-0.102621,-0.860941,0.049332,1.205416
0.388000,-0.066285,-0.543261,7.528957,-0.105428,-0.869888,0.048710,1.203387
0.390000,-0.068963,-0.542063,7.491566,-0.108294,-0.878922,0.048081,1.201340
0.392000,-0.071557,-0.540597,7.452551,-0.111218,-0.888043,0.047445,1.199277
0.394000,-0.074053,-0.538869,7.411933,-0.114202,-0.897251,0.046802,1.197197
0.396000,-0.076439,-0.536920,7.369775,-0.117248,-0.906547,0.046153,1.195099
0.398000,-0.078704,-0.534789,7.326151,-0.120355,-0.915928,0.045498,1.192984
0.400000,-0.084706,-0.139225,7.833091,-0.123524,-0.925394,0.044836,1.190851
0.402000,-0.169879,-0.844698,8.184649,-0.131595,-0.935571,0.044754,1.188702
0.404000,-0.171109,-0.803460,7.861072,-0.134620,-0.946654,0.043710,1.186538
0.406000,-0.170680,-0.759595,7.576311,-0.137693,-0.957714,0.042672,1.184357
0.408000,-0.169195,-0.720339,7.330355,-0.140839,-0.968737,0.041646,1.182158
0.410000,-0.166985,-0.685226,7.115875,-0.144085,-0.979712,0.040632,1.179941
0.412000,-0.109033,-0.135264,6.373760,-0.147421,-0.990633,0.039630,1.177706
0.414000,-0.104066,-0.128392,6.237076,-0.155179,-1.000735,0.039334,1.175449
0.416000,-0.113000,-0.658687,5.404752,-0.162890,-1.010738,0.039058,1.173171
0.418000,-0.105777,-0.644730,5.342584,-0.165506,-1.020162,0.038096,1.170869
0.420000,-0.099201,-0.633090,5.291811,-0.168298,-1.029451,0.037149,1.168544
0.422000,-0.093265,-0.623507,5.250353,-0.171260,-1.038620,0.036214,1.166196
0.424000,-0.087953,-0.615741,5.216415,-0.174384,-1.047685,0.035289,1.163825
0.426000,-0.083241,-0.609571,5.188455,-0.177662,-1.056658,0.034374,1.161432
0.428000,-0.070386,0.314390,4.252091,-0.181088,-1.065554,0.033465,1.159016
0.430000,-0.161612,-0.199975,3.056653,-0.189784,-1.073806,0.032829,1.156574
0.432000,-0.251348,-2.012991,7.295610,-0.191050,-1.082868,0.031200,1.154101
0.434000,-0.165463,-0.582586,8.103516,-0.184482,-1.094144,0.028487,1.151614
0.436000,-0.161790,-0.556427,7.624160,-0.188966,-1.105900,0.027562,1.149115
0.438000,-0.156762,-0.533301,7.207277,-0.193017,-1.117524,0.026589,1.146602
0.440000,-0.150711,-0.512652,6.844849,-0.196696,-1.129008,0.025572,1.144075
0.442000,-0.143878,-0.494156,6.529847,-0.200060,-1.140343,0.024514,1.141532
0.444000,-0.136506,-0.477590,6.256201,-0.203158,-1.151528,0.023419,1.138972
0.446000,-0.128795,-0.462751,6.018545,-0.206033,-1.162564,0.022290,1.136395
0.448000,-0.120912,-0.449456,5.812142,-0.208721,-1.173452,0.021131,1.133801
0.450000,-0.112988,-0.437539,5.632813,-0.211256,-1.184197,0.019944,1.131188
0.452000,-0.105150,-0.427022,5.477063,-0.213666,-1.194806,0.018731,1.128557
0.454000,-0.097346,-0.416905,5.340651,-0.215973,-1.205285,0.017496,1.125907
0.456000,-0.089341,-0.403486,5.225619,-0.218204,-1.215643,0.016239,1.123238
0.458000,-0.075009,-0.267629,5.338374,-0.220426,-1.225884,0.014970,1.120551
0.460000,-0.107848,-0.317691,6.167150,-0.224231,-1.236043,0.013907,1.117846
0.462000,-0.106012,-0.159109,6.253582,-0.230024,-1.246877,0.013069,1.115126
0.464000,-0.132590,-0.355374,6.233864,-0.237820,-1.257859,0.012483,1.112391
0.466000,-0.144994,-0.186802,6.304189,-0.244248,-1.269137,0.011644,1.109643
0.468000,-0.141549,-0.231086,6.038768,-0.252911,-1.280941,0.010950,1.106879
0.470000,-0.178976,-0.755255,5.569274,-0.260821,-1.292689,0.010183,1.104100
0.472000,-0.166874,-0.740681,5.334031,-0.264207,-1.304380,0.008725,1.101305
0.474000,-0.154632,-0.716759,5.149619,-0.267440,-1.315914,0.007246,1.098493
0.476000,-0.085730,-0.424617,4.615937,-0.270735,-1.327309,0.005764,1.095663
0.478000,-0.075500,-0.446654,4.496028,-0.276231,-1.337887,0.004668,1.092815
0.480000,-0.062733,-0.448008,4.374605,-0.281521,-1.348294,0.003551,1.089949
0.482000,-0.116023,-1.086528,3.104143,-0.286725,-1.358519,0.002434,1.087064
0.484000,-0.031060,-0.309202,4.417491,-0.283101,-1.369083,0.000135,1.084156
0.486000,-0.020711,-0.328744,4.293408,-0.289912,-1.378968,-0.000794,1.081231
0.488000,0.053311,0.947609,4.184040,-0.296461,-1.388695,-0.001742,1.078289
0.490000,-0.138390,-0.571520,5.506392,-0.310936,-1.398195,-0.002034,1.075329
0.492000,-0.099647,-0.505501,5.186406,-0.315224,-1.409881,-0.003621,1.072356
0.494000,-0.075721,-0.430213,4.888286,-0.319008,-1.421381,-0.005021,1.069369
0.496000,-0.060780,-0.419038,4.683166,-0.322710,-1.432607,-0.006422,1.066368
0.498000,-0.045684,-0.407733,4.501476,-0.326158,-1.443666,-0.007848,1.063351
0.500000,-0.030476,-0.395816,4.339488,-0.329402,-1.454551,-0.009295,1.060320
0.502000,-0.015672,-0.386262,4.197364,-0.332482,-1.465258,-0.010762,1.057273
0.504000,-0.000804,-0.375386,4.068371,-0.335422,-1.475790,-0.012249,1.054211
0.506000,0.014692,-0.294567,4.096402,-0.338250,-1.486143,-0.013753,1.051134
0.508000,0.015284,-0.369282,4.062770,-0.342055,-1.496376,-0.015159,1.048042
0.510000,0.021590,-0.211985,4.277805,-0.345412,-1.506613,-0.016615,1.044936
0.512000,0.022799,-0.159314,4.292490,-0.351157,-1.516913,-0.017808,1.041816
0.514000,0.017229,-0.107621,4.295400,-0.357807,-1.527303,-0.018908,1.038682
0.516000,-0.008625,-0.316777,4.309444,-0.365304,-1.538008,-0.019999,1.035536
0.518000,0.000159,-0.344118,4.153372,-0.371511,-1.548977,-0.021287,1.032376
0.520000,-0.008952,-0.428736,4.074713,-0.377217,-1.559859,-0.022624,1.029204
0.522000,0.012054,-0.637342,3.622307,-0.382308,-1.570798,-0.024115,1.026018
0.524000,0.023886,-0.641761,3.516962,-0.385159,-1.581066,-0.025806,1.022818
0.526000,0.000135,-0.464254,3.861597,-0.387861,-1.591191,-0.027553,1.019604
0.528000,0.013966,-0.458446,3.726143,-0.392572,-1.602168,-0.029236,1.016377
0.530000,0.027859,-0.453435,3.605304,-0.397096,-1.613021,-0.030938,1.013136
0.532000,0.041507,-0.449028,3.497633,-0.401455,-1.623745,-0.032672,1.009883
0.534000,0.054983,-0.443912,3.403930,-0.405674,-1.634344,-0.034437,1.006616
0.536000,0.078951,-0.418142,3.336498,-0.409785,-1.644825,-0.036239,1.003337
0.538000,0.096343,-0.450123,3.200952,-0.413792,-1.654983,-0.038054,1.000044
0.540000,0.106655,-0.479994,3.083719,-0.416941,-1.664875,-0.039916,0.996738
0.542000,0.121154,-0.500596,3.047410,-0.419509,-1.674632,-0.041837,0.993420
0.544000,0.132679,-0.498662,2.992563,-0.421772,-1.684318,-0.043745,0.990089
0.546000,0.158459,-0.459182,2.905596,-0.423968,-1.693895,-0.045698,0.986746
0.548000,0.396216,0.045429,2.175536,-0.426027,-1.703278,-0.047604,0.983390
0.550000,0.173753,-0.525202,2.927177,-0.431224,-1.709981,-0.048334,0.980022
0.552000,0.211033,-0.435619,2.906714,-0.432742,-1.719061,-0.050378,0.976642
0.554000,0.222354,-0.421155,2.847727,-0.434947,-1.727777,-0.052371,0.973251
0.556000,0.223600,-0.355518,2.936705,-0.437191,-1.736415,-0.054382,0.969849
0.558000,0.222518,-0.341016,2.911567,-0.440753,-1.745162,-0.056319,0.966436
0.560000,0.221734,-0.309892,2.903098,-0.444757,-1.754025,-0.058236,0.963013
0.562000,0.231617,-0.317727,2.821500,-0.449241,-1.763107,-0.060167,0.959579
0.564000,0.241703,-0.325235,2.745767,-0.453500,-1.772137,-0.062112,0.956135
0.566000,0.251913,-0.332308,2.675456,-0.457553,-1.781108,-0.064074,0.952680
0.568000,0.408088,-0.077488,2.200628,-0.461417,-1.790014,-0.066054,0.949215
0.570000,0.250090,-0.418561,2.646930,-0.466735,-1.797267,-0.067137,0.945739
0.572000,0.283952,-0.371513,2.559184,-0.469714,-1.806148,-0.069325,0.942252
0.574000,0.429850,0.212897,1.744212,-0.472770,-1.814723,-0.071421,0.938756
0.576000,0.254135,-0.605355,2.648029,-0.478975,-1.821811,-0.072975,0.935247
0.578000,0.266331,-0.582378,2.569327,-0.480739,-1.830608,-0.075307,0.931730
0.580000,0.278522,-0.561474,2.496065,-0.482557,-1.839354,-0.077677,0.928202
0.582000,0.491046,-0.150779,1.831896,-0.484421,-1.848045,-0.080085,0.924666
0.584000,0.228396,-0.619018,2.651906,-0.488898,-1.854800,-0.081042,0.921118
0.586000,0.243588,-0.587945,2.548635,-0.489228,-1.864197,-0.083991,0.917562
0.588000,0.217377,-0.699331,2.632988,-0.489849,-1.873531,-0.086968,0.913997
0.590000,0.214212,-0.711588,2.596840,-0.489821,-1.883492,-0.089954,0.910422
0.592000,0.278040,-1.011124,1.877799,-0.489684,-1.893711,-0.092963,0.906839
0.594000,0.192981,-0.947812,1.729160,-0.485613,-1.900886,-0.095506,0.903246
0.596000,0.202734,-0.137659,3.164155,-0.481698,-1.911110,-0.098485,0.899642
0.598000,0.212219,-0.105032,3.033771,-0.487208,-1.922647,-0.101036,0.896030
0.600000,0.232019,-0.124732,2.838546,-0.492877,-1.934496,-0.103641,0.892412
0.602000,0.252668,-0.143799,2.662269,-0.498141,-1.946214,-0.106245,0.888786
0.604000,0.419233,0.030762,2.179333,-0.503030,-1.957768,-0.108849,0.885152
0.606000,0.439648,-0.015133,2.070777,-0.508987,-1.967496,-0.110493,0.881509
0.608000,0.284927,-0.275178,2.358234,-0.514477,-1.976966,-0.112088,0.877859
0.610000,0.308317,-0.278962,2.220871,-0.517831,-1.988041,-0.114893,0.874200
0.612000,0.341552,-0.271495,2.076865,-0.520986,-1.998903,-0.117698,0.870534
0.614000,0.362628,-0.279824,1.971886,-0.524038,-2.009434,-0.120438,0.866859
0.616000,0.540804,0.211746,1.204157,-0.526893,-2.019749,-0.123193,0.863176
0.618000,0.387414,-0.392245,1.859847,-0.532020,-2.028105,-0.125423,0.859483
0.620000,0.575449,-0.566478,1.124944,-0.533962,-2.037908,-0.128198,0.855782
0.622000,0.539590,-0.248109,1.560324,-0.534037,-2.043326,-0.129584,0.852072
0.624000,0.426007,-0.385457,1.779944,-0.537275,-2.051748,-0.131514,0.848354
0.626000,0.446152,-0.375314,1.693861,-0.539056,-2.061260,-0.134610,0.844628
0.628000,0.466203,-0.366430,1.614940,-0.540796,-2.070606,-0.137715,0.840894
0.630000,0.642563,0.106224,0.910253,-0.542492,-2.079779,-0.140831,0.837152
0.632000,0.481565,-0.838696,0.751842,-0.546306,-2.087050,-0.143423,0.833401
0.634000,0.507949,-0.351824,1.613976,-0.542387,-2.095389,-0.146836,0.829639
0.636000,0.571697,-0.620815,1.189821,-0.544437,-2.104192,-0.150033,0.825870
0.638000,0.626729,-0.262154,1.342148,-0.544021,-2.109724,-0.152647,0.822093
0.640000,0.643067,-0.277623,1.280619,-0.547025,-2.117681,-0.155043,0.818308
0.642000,0.658705,-0.292723,1.224632,-0.549806,-2.125429,-0.157408,0.814516
0.644000,0.569051,-0.351928,1.385859,-0.552376,-2.132978,-0.159745,0.810715
0.646000,0.587476,-0.344512,1.310447,-0.553674,-2.141277,-0.163359,0.806907
0.648000,0.748297,-0.329494,-0.101280,-0.554915,-2.149441,-0.166972,0.803092
0.650000,0.606105,-0.342407,1.372112,-0.552952,-2.155174,-0.170228,0.799264
0.652000,0.624651,-0.337552,1.284003,-0.554521,-2.163209,-0.173901,0.795429
0.654000,0.643100,-0.333138,1.204075,-0.555981,-2.171114,-0.177574,0.791587
0.656000,0.661360,-0.329184,1.131241,-0.557335,-2.178882,-0.181255,0.787737
0.658000,0.679361,-0.325648,1.064676,-0.558586,-2.186509,-0.184949,0.783879
0.660000,0.775160,-0.573000,0.656977,-0.559737,-2.193994,-0.188659,0.780013
0.662000,0.879049,0.095450,0.380505,-0.559961,-2.197799,-0.190699,0.776139
0.664000,0.696294,-0.362123,1.052177,-0.563084,-2.203330,-0.192157,0.772256
0.666000,0.703878,-0.710255,0.294673,-0.563700,-2.210853,-0.196423,0.768364
0.668000,0.732316,-0.299141,1.017275,-0.559910,-2.217634,-0.200761,0.764462
0.670000,0.748736,-0.297940,0.943881,-0.561027,-2.224890,-0.204998,0.760552
0.672000,0.765338,-0.296472,0.876520,-0.562008,-2.232030,-0.209225,0.756634
0.674000,0.781982,-0.294881,0.814556,-0.562859,-2.239048,-0.213450,0.752708
0.676000,0.798563,-0.293217,0.757490,-0.563587,-2.245940,-0.217680,0.748774
0.678000,0.951207,0.044283,0.246490,-0.564197,-2.252706,-0.221924,0.744831
0.680000,0.835487,-0.394209,0.640526,-0.565911,-2.257847,-0.225733,0.740878
0.682000,0.865895,-0.780539,-0.139065,-0.566795,-2.264445,-0.229096,0.736917
0.684000,0.864268,-0.353221,0.660602,-0.561861,-2.265790,-0.232008,0.732944
0.686000,0.847213,-0.273931,0.709200,-0.563303,-2.272669,-0.235536,0.728962
0.688000,0.862856,-0.269311,0.646255,-0.563638,-2.279473,-0.240356,0.724972
0.690000,1.007241,0.032546,0.147564,-0.563854,-2.286150,-0.245170,0.720972
0.692000,0.875884,-0.309970,0.593709,-0.565138,-2.291268,-0.249490,0.716963
0.694000,0.892848,-0.303123,0.532676,-0.564967,-2.297842,-0.254354,0.712944
0.696000,0.912475,-0.391037,0.402283,-0.564718,-2.304278,-0.259226,0.708916
0.698000,-1.154865,-3.925643,1.600283,-0.565164,-2.310707,-0.263020,0.704878
0.700000,0.028876,-1.968189,0.681112,-0.498285,-2.354536,-0.271795,0.700837
0.702000,-0.629647,-2.924717,0.968698,-0.455690,-2.380524,-0.278625,0.696788
0.704000,-0.565571,-2.949300,1.089293,-0.403870,-2.415013,-0.287956,0.692734
0.706000,0.174184,-2.159717,0.856820,-0.358624,-2.446897,-0.297210,0.688676
0.708000,0.344090,-1.889880,0.735488,-0.324358,-2.467837,-0.307506,0.684613
0.710000,0.490034,-1.655027,0.629578,-0.295098,-2.485341,-0.317536,0.680545
0.712000,0.608364,-1.538809,0.509064,-0.270120,-2.499896,-0.327327,0.676472
0.714000,0.766616,-1.122166,0.150774,-0.249007,-2.512018,-0.336161,0.672393
0.716000,0.795989,-1.142798,0.435816,-0.231033,-2.521377,-0.343206,0.668306
0.718000,0.872786,-1.009998,0.368897,-0.215287,-2.529468,-0.352822,0.664213
0.720000,0.937390,-0.895886,0.310244,-0.201777,-2.536041,-0.362232,0.660114
0.722000,0.991336,-0.798060,0.258706,-0.190142,-2.541340,-0.371467,0.656007
0.724000,1.036000,-0.714340,0.213288,-0.180074,-2.545581,-0.380557,0.651892
0.726000,1.072614,-0.642764,0.173118,-0.171310,-2.548950,-0.389525,0.647769
0.728000,1.102301,-0.580605,0.137566,-0.163625,-2.551610,-0.398394,0.643638
0.730000,0.976353,-0.346849,-0.473613,-0.156829,-2.553700,-0.407172,0.639498
0.732000,1.024423,-0.228833,-0.812032,-0.151528,-2.558092,-0.413168,0.635347
0.734000,0.294698,-1.186981,-0.155556,-0.147569,-2.562227,-0.416900,0.631184
0.736000,0.286588,-1.177337,-0.217088,-0.135166,-2.576661,-0.424951,0.627013
0.738000,0.373465,-1.053662,-0.283895,-0.122926,-2.591632,-0.433180,0.622835
0.740000,0.512234,-0.871554,-0.353123,-0.111977,-2.605545,-0.441256,0.618647
0.742000,0.568554,-0.791926,-0.400427,-0.102892,-2.617452,-0.448979,0.614452
0.744000,1.062768,-0.337413,-0.221531,-0.094608,-2.628725,-0.456637,0.610246
0.746000,1.086099,-0.306384,-0.245546,-0.091203,-2.632851,-0.464902,0.606031
0.748000,1.190057,-0.113801,-0.560324,-0.087980,-2.636615,-0.473125,0.601806
0.750000,1.041801,-0.455993,-0.283581,-0.085186,-2.639146,-0.480937,0.597568
0.752000,1.041401,-0.441661,-0.292469,-0.082722,-2.643162,-0.488106,0.593320
0.754000,1.125952,-0.218240,-0.290654,-0.080204,-2.647170,-0.495296,0.589059
0.756000,1.136042,-0.202641,-0.316801,-0.076997,-2.650276,-0.503767,0.584787
0.758000,0.651422,-0.478046,-1.037236,-0.073821,-2.653291,-0.512237,0.580503
0.760000,0.604445,-0.591906,-0.752336,-0.066002,-2.664685,-0.519434,0.576207
0.762000,0.557889,-0.738658,-0.821842,-0.058400,-2.676787,-0.527099,0.571900
0.764000,1.158179,-0.057738,-1.087740,-0.052062,-2.689424,-0.533542,0.567581
0.766000,1.177816,-0.042797,-1.124128,-0.048795,-2.695353,-0.541102,0.563249
0.768000,0.704749,-0.402057,-0.817553,-0.045675,-2.701383,-0.548794,0.558902
0.770000,0.813516,-0.231114,-1.137106,-0.039664,-2.713267,-0.556865,0.554544
0.772000,0.700792,-0.391295,-1.082186,-0.034252,-2.723996,-0.564520,0.550173
0.774000,0.817580,-0.270617,-0.904287,-0.029578,-2.735764,-0.569689,0.545788
0.776000,0.805982,-0.268694,-0.976858,-0.024245,-2.746815,-0.578313,0.541391
0.778000,0.900567,-0.177910,-0.999424,-0.018906,-2.758173,-0.586801,0.536981
0.780000,-1.942083,-0.355370,-1.114219,-0.014352,-2.768685,-0.595341,0.532559
0.782000,-1.423755,-0.046331,-1.194667,0.023765,-2.838051,-0.682797,0.528175
0.784000,-0.951648,0.235955,-1.272835,0.057066,-2.900357,-0.764194,0.523828
0.786000,-0.583161,0.430619,-1.354386,0.086116,-2.956314,-0.840239,0.519518
0.788000,-0.304120,0.553792,-1.432421,0.112016,-3.007168,-0.911620,0.515246
0.790000,-0.055290,0.665855,-1.513850,0.135677,-3.054031,-0.978985,0.511011
0.792000,0.171042,0.773210,-1.595582,0.157439,-3.097416,-1.042815,0.506814
0.794000,0.360209,0.858881,-1.674109,0.177587,-3.137754,-1.103589,0.502656
0.796000,0.488984,0.914000,-1.764932,0.196428,-3.175574,-1.161762,0.498537
0.798000,0.485346,0.754930,-2.296708,0.214485,-3.211712,-1.217783,0.494459
0.800000,0.646798,0.726576,-2.357984,0.234749,-3.246523,-1.270173,0.490419
0.802000,0.749597,0.773799,-2.442372,0.254106,-3.279279,-1.321364,0.486420
0.804000,0.844931,0.818989,-2.523952,0.272966,-3.310664,-1.370753,0.482461
0.806000,1.025284,1.235626,-2.045615,0.291395,-3.340797,-1.418494,0.478543
0.808000,1.095879,1.256407,-2.149232,0.306073,-3.370373,-1.466186,0.474668
0.810000,1.085248,0.957352,-2.734062,0.320613,-3.399029,-1.512495,0.470837
0.812000,1.154197,0.997649,-2.810701,0.337944,-3.426316,-1.556308,0.467047
0.814000,1.217253,1.038328,-2.887588,0.355127,-3.452892,-1.599115,0.463299
0.816000,1.351966,1.443253,-2.408262,0.372223,-3.478918,-1.641096,0.459593
0.818000,1.326410,1.128768,-3.029975,0.386104,-3.505424,-1.683895,0.455933
0.820000,1.290652,1.217843,-3.097674,0.403071,-3.530838,-1.724719,0.452315
0.822000,1.547148,1.388103,-3.204944,0.420365,-3.557046,-1.764488,0.448740
0.824000,1.589264,1.432233,-3.281539,0.437882,-3.581096,-1.804935,0.445210
0.826000,1.630770,1.479276,-3.360836,0.455497,-3.605192,-1.845171,0.441724
0.828000,1.671961,1.529125,-3.442653,0.473239,-3.629417,-1.885300,0.438285
0.830000,1.713154,1.581737,-3.526855,0.491133,-3.653844,-1.925413,0.434892
0.832000,1.754680,1.637116,-3.613344,0.509201,-3.678537,-1.965593,0.431549
0.834000,1.832450,2.067383,-3.106769,0.527464,-3.703557,-2.005916,0.428255
0.836000,1.836308,1.766461,-3.775159,0.542900,-3.730955,-2.048220,0.425018
0.838000,1.880737,1.828607,-3.871254,0.561445,-3.756865,-2.089058,0.421835
0.840000,1.927035,1.893664,-3.969549,0.580258,-3.783245,-2.130212,0.418709
0.842000,1.975220,1.961966,-4.069730,0.599350,-3.810133,-2.171735,0.415641
0.844000,2.044049,2.053243,-4.200373,0.618729,-3.837562,-2.213677,0.412633
0.846000,2.094725,2.122938,-4.299520,0.638473,-3.865358,-2.256057,0.409689
0.848000,11.719579,1.081442,9.277003,0.658519,-3.893777,-2.298953,0.406812
0.850000,11.697207,0.953303,8.179991,0.537565,-4.015211,-2.284413,0.404031
0.852000,16.217246,2.201182,19.051438,0.430634,-4.124779,-2.273784,0.401342
0.854000,17.683376,2.656935,19.462281,0.238458,-4.309110,-2.248164,0.398817
0.856000,17.728129,2.273882,18.039597,0.044000,-4.488322,-2.223111,0.396462
0.858000,17.629865,1.878285,16.415286,-0.135032,-4.653944,-2.200553,0.394278
0.860000,17.438853,1.491641,14.724454,-0.297531,-4.804691,-2.180422,0.392261
0.862000,17.139081,1.114868,12.939086,-0.443426,-4.940293,-2.162589,0.390406
0.864000,16.387550,0.645954,10.304439,-0.572211,-5.060058,-2.147003,0.388709
0.866000,13.175745,-0.272562,3.004287,-0.676284,-5.155852,-2.134585,0.387155
0.868000,12.843182,-0.330445,2.148901,-0.709264,-5.195182,-2.133162,0.385704
0.870000,12.524479,-0.365146,1.391773,-0.733627,-5.227480,-2.133541,0.384352
0.872000,12.219462,-0.378968,0.724748,-0.750379,-5.253291,-2.135580,0.383100
0.874000,11.331842,-0.869850,0.216362,-0.760426,-5.273125,-2.139154,0.381945
0.876000,11.031330,-0.829407,-0.318078,-0.763658,-5.294859,-2.142503,0.380887
0.878000,11.509812,-0.131246,-0.901350,-0.761570,-5.311673,-2.147230,0.379924
0.880000,14.340968,0.146404,3.984339,-0.756278,-5.314550,-2.155247,0.379055
0.882000,10.577746,-0.771555,-1.294172,-0.813614,-5.364370,-2.158094,0.347530
0.884000,11.070039,-0.027361,-1.797547,-0.801085,-5.368629,-2.164628,0.342267
0.886000,10.793619,-0.005367,-2.086233,-0.786887,-5.359876,-2.174238,0.337306
0.888000,9.853779,-0.579298,-2.212384,-0.769830,-5.348340,-2.184682,0.332636
0.890000,9.607010,-0.499702,-2.464289,-0.748559,-5.342715,-2.194219,0.328243
0.892000,10.191287,0.329075,-2.851154,-0.725134,-5.334747,-2.204625,0.324112
0.894000,9.941614,0.352089,-3.003100,-0.702272,-5.314607,-2.217826,0.320572
0.896000,9.012226,-0.240838,-2.987423,-0.677947,-5.293160,-2.231589,0.317798
0.898000,8.803964,-0.136754,-3.143993,-0.650270,-5.279169,-2.244300,0.315505
0.900000,8.605303,-0.031968,-3.285600,-0.621611,-5.263925,-2.257715,0.313404
0.902000,9.305373,0.896454,-3.624867,-0.592178,-5.247623,-2.271789,0.311412
0.904000,9.073888,0.898486,-3.688183,-0.565182,-5.219463,-2.288434,0.309521
0.906000,8.851651,0.911727,-3.751305,-0.537627,-5.191321,-2.305402,0.307728
0.908000,8.102283,0.315618,-3.554640,-0.509649,-5.163300,-2.322688,0.306027
0.910000,7.924273,0.417356,-3.664622,-0.479979,-5.144808,-2.338718,0.304414
0.912000,7.752018,0.516970,-3.770488,-0.450052,-5.125903,-2.355247,0.302889
0.914000,7.586033,0.614515,-3.870805,-0.419968,-5.106704,-2.372214,0.301445
0.916000,7.425580,0.710313,-3.966531,-0.389803,-5.087295,-2.389579,0.300080
0.918000,8.197078,1.661164,-4.311539,-0.359620,-5.067748,-2.407306,0.298790
0.920000,7.969987,1.623418,-4.332895,-0.333241,-5.036696,-2.426843,0.297568
0.922000,7.037091,0.907947,-4.157581,-0.306624,-5.006667,-2.446419,0.296411
0.924000,6.884995,1.003121,-4.238542,-0.276765,-4.986484,-2.464665,0.295321
0.926000,6.734787,1.098603,-4.315678,-0.247037,-4.966402,-2.483181,0.294296
0.928000,6.590267,1.187536,-4.397758,-0.217469,-4.946447,-2.501929,0.293332
0.930000,6.447606,1.274953,-4.478819,-0.188032,-4.926607,-2.520883,0.292427
0.932000,6.306252,1.361042,-4.558850,-0.158730,-4.906888,-2.540017,0.291578
0.934000,7.111213,2.382886,-4.933483,-0.129558,-4.887293,-2.559301,0.290783
0.936000,6.869165,2.307449,-4.932501,-0.104935,-4.855927,-2.580402,0.290033
0.002000,0.000200,0.000012,0.017692,0.000000,0.000000,0.000000,1.456662
0.004000,1.052587,-0.425594,0.103585,-0.000000,0.000002,0.000000,1.456606
0.006000,1.049117,-0.424937,0.103710,0.000920,0.002915,0.000014,1.456505
0.008000,1.045791,-0.424306,0.103819,0.001836,0.005803,0.000028,1.456358
0.010000,-0.063381,0.023332,0.005306,0.002751,0.008666,0.000040,1.456164
0.012000,1.044163,-0.423931,0.105115,0.002677,0.008252,0.000059,1.455914
0.014000,1.041224,-0.423337,0.105194,0.003590,0.011103,0.000067,1.455617
0.016000,1.038397,-0.422761,0.105283,0.004502,0.013930,0.000075,1.455274
0.018000,1.035670,-0.422202,0.105384,0.005411,0.016733,0.000083,1.454885
0.020000,1.033036,-0.421657,0.105498,0.006318,0.019514,0.000091,1.454449
0.022000,2.190560,-0.027920,17.948723,0.007223,0.022274,0.000099,1.453967
0.024000,2.513837,-0.025485,23.341691,0.008840,0.032201,0.000702,1.453561
0.026000,1.019528,-0.111692,18.133211,0.007584,0.044026,0.000883,1.453268
0.028000,1.354808,-0.365879,10.269091,0.004067,0.049945,0.000967,1.453039
0.030000,2.441088,-0.169793,22.541801,0.004521,0.051894,0.000864,1.452819
0.032000,2.278120,-0.116607,19.627533,0.004231,0.062795,0.000865,1.452703
0.034000,2.189401,-0.113297,18.281558,0.004680,0.072875,0.001176,1.452674
0.036000,2.109724,-0.110685,17.091306,0.005080,0.082472,0.001423,1.452722
0.038000,2.108428,-0.138386,17.356185,0.005437,0.091634,0.001623,1.452839
0.040000,2.036305,-0.143825,16.301787,0.005041,0.100782,0.001479,1.453027
0.042000,1.970206,-0.148205,15.342695,0.004661,0.109511,0.001352,1.453278
0.044000,0.802295,1.094662,15.422158,0.004316,0.117855,0.001254,1.453586
0.046000,1.890063,-0.480489,15.297693,-0.005359,0.122191,0.001985,1.453939
0.048000,1.822499,-0.469165,14.305039,-0.004910,0.129516,0.001727,1.454346
0.050000,1.702603,0.968884,12.233148,-0.004478,0.136388,0.001496,1.454799
0.052000,1.656922,0.889226,11.616523,-0.017627,0.142579,0.002473,1.455285
0.054000,1.617009,0.819584,11.090491,-0.030010,0.148473,0.003343,1.455799
0.056000,1.582105,0.759024,10.643079,-0.041727,0.154112,0.004117,1.456337
0.058000,1.551572,0.706317,10.264178,-0.052869,0.159532,0.004809,1.456896
0.060000,0.387174,1.055346,9.845276,-0.063513,0.164764,0.005430,1.457474
0.062000,1.491453,0.253543,9.201866,-0.074329,0.166326,0.006189,1.458057
0.064000,1.476939,0.284285,9.070114,-0.080347,0.171388,0.006188,1.458652
0.066000,1.583064,-2.276659,11.287181,-0.086643,0.176379,0.006224,1.459259
0.068000,1.524052,-0.946489,10.073138,-0.068931,0.181929,0.004793,1.459892
0.070000,1.502633,-0.740922,9.814309,-0.061677,0.187198,0.004135,1.460545
0.072000,1.483591,-0.556627,9.597933,-0.056262,0.192363,0.003655,1.461215
0.074000,1.466216,-0.394421,9.418393,-0.052489,0.197436,0.003321,1.461900
0.076000,1.450614,-0.250293,9.270691,-0.050173,0.202430,0.003090,1.462599
0.078000,0.294789,0.270700,9.053577,-0.049154,0.207353,0.002937,1.463312
0.080000,1.450877,-0.296766,9.299913,-0.049913,0.208695,0.002867,1.464025
0.082000,1.452900,0.297990,9.862383,-0.048562,0.213718,0.002752,1.464752
0.084000,1.490067,-0.589008,10.390708,-0.053315,0.218593,0.002848,1.465495
0.086000,1.471875,-0.545099,10.176732,-0.050403,0.223804,0.002609,1.466258
0.088000,1.484549,-1.138852,10.490515,-0.047883,0.228918,0.002454,1.467041
0.090000,1.458949,-1.425882,9.850953,-0.040459,0.234163,0.002023,1.467846
0.092000,1.455674,-2.308138,10.564404,-0.029982,0.239411,0.001607,1.468669
0.094000,1.437571,-2.032514,10.314948,-0.012984,0.244467,0.000417,1.469514
0.096000,0.282517,-1.412147,10.033712,0.001568,0.249395,-0.000432,1.470379
0.098000,1.412849,-1.576758,9.937288,0.013533,0.250698,-0.000800,1.471252
0.100000,1.400242,-1.386097,9.793803,0.024054,0.255471,-0.001108,1.472142
0.102000,1.388920,-1.220166,9.674574,0.032902,0.260168,-0.001191,1.473049
0.104000,1.387164,-0.539082,10.140185,0.040299,0.264801,-0.001083,1.473972
0.106000,1.370685,-0.494808,9.965014,0.041081,0.269265,-0.000822,1.474912
0.108000,1.356160,-0.458210,9.819545,0.041526,0.273629,-0.000599,1.475868
0.110000,1.329670,-0.379899,8.813023,0.041699,0.277909,-0.000406,1.476839
0.112000,0.186089,0.033130,8.788548,0.042392,0.282317,-0.000176,1.477821
0.114000,0.189065,0.050561,8.845507,0.042401,0.283239,0.000137,1.478801
0.116000,0.191808,0.067778,8.902101,0.042286,0.284238,0.000429,1.479781
0.118000,0.207570,0.649797,9.601565,0.042050,0.285310,0.000701,1.480760
0.120000,0.202810,0.578019,9.541956,0.036132,0.286332,0.001285,1.481744
0.122000,0.187618,0.007090,8.919391,0.030894,0.287357,0.001767,1.482730
0.124000,0.190407,0.030024,8.980995,0.031306,0.288502,0.001908,1.483717
0.126000,0.208626,-0.076804,10.198085,0.031539,0.289716,0.002053,1.484705
0.128000,0.189463,-0.585667,9.483399,0.031236,0.290771,0.001937,1.485700
0.130000,0.196932,0.078632,10.036747,0.036058,0.291875,0.001688,1.486699
0.132000,0.179549,-0.443951,9.354063,0.034415,0.292877,0.001652,1.487704
0.134000,0.178238,-0.354831,9.344209,0.038011,0.293945,0.001464,1.488712
0.136000,0.185438,0.807261,9.565994,0.040847,0.295035,0.001315,1.489723
0.138000,0.181690,0.730783,9.525238,0.033357,0.296122,0.001861,1.490738
0.140000,0.168989,0.166750,8.918134,0.026589,0.297226,0.002291,1.491756
0.142000,0.172546,0.181373,9.002075,0.025561,0.298462,0.002395,1.492775
0.144000,0.175814,0.194895,9.083821,0.024413,0.299778,0.002497,1.493795
0.146000,0.189319,0.757497,9.818308,0.023158,0.301169,0.002596,1.494818
0.148000,0.189296,-0.002649,10.293198,0.016155,0.302512,0.002941,1.495847
0.150000,0.174204,-0.488283,9.628360,0.015390,0.303768,0.002665,1.496884
0.152000,0.172087,-0.401930,9.603120,0.019368,0.305082,0.002341,1.497927
0.154000,0.177710,0.209328,10.158343,0.022607,0.306411,0.002071,1.498976
0.156000,0.163973,-0.309586,9.505004,0.019949,0.307644,0.001970,1.500032
0.158000,0.159135,0.270369,9.066962,0.022425,0.308956,0.001762,1.501094
0.160000,0.171823,0.795618,9.780081,0.020376,0.310377,0.001917,1.502157
0.162000,0.168080,0.700214,9.737785,0.012975,0.311761,0.002307,1.503227
0.164000,0.158476,0.151421,9.155207,0.006473,0.313164,0.002579,1.504303
0.166000,0.161550,0.144560,9.232919,0.005513,0.314698,0.002652,1.505382
0.168000,0.170700,0.633980,9.901626,0.004639,0.316309,0.002729,1.506466
0.170000,0.171008,-0.120418,10.371185,-0.001255,0.317877,0.002854,1.507557
0.172000,0.159058,-0.558483,9.753358,-0.000960,0.319370,0.002562,1.508659
0.174000,0.156638,-0.481283,9.718733,0.003717,0.320927,0.002257,1.509768
0.176000,0.154434,-0.411433,9.691615,0.007728,0.322499,0.002003,1.510884
0.178000,0.152499,-0.347896,9.670913,0.011133,0.324091,0.001790,1.512008
0.180000,0.154689,0.711376,9.856579,0.013989,0.325706,0.001613,1.513139
0.182000,0.151577,0.615487,9.805351,0.007234,0.327311,0.001804,1.514277
0.184000,0.149016,0.528071,9.763826,0.001360,0.328936,0.001958,1.515423
0.186000,0.146906,0.448733,9.730660,-0.003705,0.330586,0.002088,1.516577
0.188000,0.141749,-0.026890,9.225237,-0.008028,0.332263,0.002204,1.517738
0.190000,0.144063,-0.029678,9.289717,-0.007496,0.334073,0.002320,1.518904
0.192000,0.147821,-0.652750,9.882415,-0.006924,0.335959,0.002434,1.520077
0.194000,0.144865,-0.567318,9.833562,-0.001406,0.337827,0.002181,1.521259
0.196000,0.142208,-0.489608,9.791718,0.003338,0.339707,0.001979,1.522450
0.198000,0.143729,0.083121,10.310970,0.007414,0.341604,0.001819,1.523651
0.200000,0.137088,0.062299,10.182355,0.005816,0.343412,0.001739,1.524864
0.202000,0.129171,0.509108,9.708174,0.004427,0.345197,0.001663,1.526088
0.204000,0.127068,0.438470,9.675981,-0.000547,0.346995,0.001822,1.527319
0.206000,0.122024,-0.031696,9.173993,-0.004852,0.348823,0.001967,1.528559
0.208000,0.125042,-0.032241,9.239888,-0.004348,0.350755,0.002139,1.529805
0.210000,0.127645,-0.028001,9.301430,-0.003828,0.352787,0.002318,1.531057
0.212000,0.129770,-0.606074,9.858382,-0.003332,0.354915,0.002492,1.532317
0.214000,0.130803,-0.040080,10.347866,0.001785,0.357040,0.002328,1.533588
0.216000,0.124382,-0.046608,10.213617,0.001250,0.359100,0.002229,1.534872
0.218000,0.118801,-0.052364,10.097904,0.000796,0.361139,0.002139,1.536168
0.220000,0.113962,-0.057361,9.998615,0.000415,0.363166,0.002060,1.537477
0.222000,0.108545,0.389861,9.560751,0.000098,0.365191,0.001992,1.538797
0.224000,0.104785,-0.040745,9.102334,-0.003809,0.367242,0.002156,1.540125
0.226000,0.106963,-0.035544,9.168713,-0.003296,0.369386,0.002361,1.541461
0.228000,0.108852,-0.029781,9.230899,-0.002807,0.371612,0.002565,1.542804
0.230000,0.111590,-0.574753,9.764369,-0.002348,0.373917,0.002763,1.544154
0.232000,0.112964,-0.039581,10.240704,0.002481,0.376267,0.002666,1.545517
0.234000,0.107737,-0.044986,10.122637,0.001922,0.378596,0.002598,1.546894
0.236000,0.103191,-0.049928,10.020435,0.001435,0.380917,0.002539,1.548284
0.238000,0.099249,-0.054346,9.932451,0.001013,0.383240,0.002490,1.549688
0.240000,0.093125,0.005035,9.071986,0.000650,0.385572,0.002450,1.551104
0.242000,0.095302,0.008821,9.137984,0.000702,0.387978,0.002671,1.552529
0.244000,0.097263,0.012597,9.199493,0.000745,0.390471,0.002885,1.553962
0.246000,0.101070,0.452943,9.783507,0.000777,0.393050,0.003091,1.555404
0.248000,0.100262,-0.150763,10.165344,-0.003731,0.395660,0.003227,1.556859
0.250000,0.056508,1.202610,8.867526,-0.003291,0.398294,0.003162,1.558330
0.252000,0.053507,1.171970,8.840531,-0.015651,0.400559,0.003665,1.559807
0.254000,-0.037361,2.051504,8.111723,-0.027757,0.402831,0.004145,1.561290
0.256000,0.101347,-0.494974,9.634869,-0.046665,0.403965,0.005374,1.562769
0.258000,0.078139,0.155405,9.099422,-0.041787,0.406811,0.005001,1.564262
0.260000,0.081598,0.238775,9.090704,-0.042391,0.409479,0.004865,1.565765
0.262000,0.081722,-1.316711,8.665919,-0.043703,0.412280,0.004781,1.567278
0.264000,-0.025376,-2.089789,7.629699,-0.032434,0.415331,0.003836,1.568800
0.266000,0.134383,-0.982307,9.772225,-0.013299,0.417236,0.002488,1.570322
0.268000,0.158548,-1.200220,10.953353,-0.003683,0.420897,0.002532,1.571861
0.270000,0.099859,0.336263,9.338958,0.006436,0.424845,0.002414,1.573428
0.272000,0.097830,0.399709,9.219520,0.002560,0.428311,0.002380,1.575009
0.274000,0.110938,0.814663,9.595376,-0.001876,0.431843,0.002274,1.576604
0.276000,0.018728,2.444263,9.407720,-0.010417,0.435513,0.002398,1.578217
0.278000,0.114593,1.081017,10.221000,-0.033249,0.437849,0.004039,1.579838
0.280000,0.021622,-0.327903,8.296293,-0.045099,0.441492,0.004481,1.581481
0.282000,0.113135,-1.774095,9.922671,-0.044785,0.444209,0.003883,1.583130
0.284000,-0.053174,-1.729005,7.637303,-0.029874,0.448034,0.003010,1.584799
0.286000,0.073075,-0.539635,8.962112,-0.013556,0.449966,0.002062,1.586469
0.288000,0.136806,0.998397,10.584842,-0.009156,0.453347,0.001945,1.588152
0.290000,0.122158,0.747790,9.959069,-0.017406,0.457489,0.002511,1.589861
0.292000,0.203011,-1.576964,11.891805,-0.023011,0.461597,0.003127,1.591592
0.294000,0.144793,0.187380,9.904736,-0.009749,0.466953,0.002669,1.593362
0.296000,0.147015,0.558897,10.070130,-0.012579,0.471736,0.002824,1.595158
0.298000,-0.077704,0.819843,7.322061,-0.019050,0.476573,0.002993,1.596979
0.300000,0.013922,-2.848618,9.344278,-0.028051,0.478591,0.003066,1.598799
0.302000,0.209228,0.413398,11.831455,-0.003063,0.481876,0.001209,1.600635
0.304000,0.190276,-0.253453,10.599187,-0.007246,0.487360,0.001948,1.602512
0.306000,0.192355,-0.638650,10.725404,-0.004471,0.492799,0.002717,1.604422
0.308000,0.184936,-0.576195,10.458668,0.001421,0.498435,0.003159,1.606367
0.310000,0.143176,0.540028,9.853032,0.006799,0.504089,0.003653,1.608345
0.312000,0.079108,-0.296778,8.612724,0.000473,0.509388,0.003989,1.610352
0.314000,-0.248661,-0.129267,5.667073,0.000293,0.514012,0.003515,1.612376
0.316000,0.087913,-0.295781,8.932495,0.001137,0.514342,0.003287,1.614383
0.318000,0.146338,1.081999,10.323324,0.000571,0.518988,0.003011,1.616411
0.320000,0.198945,-0.979684,11.996499,-0.010887,0.524390,0.003556,1.618471
0.322000,0.159726,0.486046,10.357462,-0.003173,0.530593,0.003718,1.620577
0.324000,0.149050,0.559247,10.062452,-0.006988,0.536269,0.004410,1.622718
0.326000,0.082782,-0.587204,8.828210,-0.011427,0.541932,0.005018,1.624891
0.328000,-1.185428,-1.899421,8.632701,-0.006608,0.546949,0.004576,1.627087
0.330000,-1.114061,0.052860,12.596747,0.011140,0.554762,0.004064,1.629318
0.332000,-1.115799,0.063373,12.063543,0.011003,0.565221,0.004584,1.631619
0.334000,-1.108960,-0.492012,12.101621,0.010837,0.573293,0.004957,1.633978
0.336000,-1.102688,-0.447004,11.625917,0.015276,0.579676,0.005209,1.636389
0.338000,-1.093515,-0.406383,11.204408,0.019349,0.584300,0.005457,1.638841
0.340000,-1.081892,-0.368214,10.832752,0.023081,0.587437,0.005693,1.641325
0.342000,-1.068686,-0.332866,10.504926,0.026490,0.589324,0.005921,1.643835
0.344000,-1.054670,-0.312850,10.202481,0.029607,0.590167,0.006114,1.646363
0.346000,-1.039207,-0.330854,9.900460,0.032578,0.590138,0.006216,1.648905
0.348000,-1.022800,-0.356135,9.582444,0.035734,0.589374,0.006265,1.651454
0.350000,-1.005780,-0.357327,9.235982,0.039132,0.587990,0.006279,1.654007
0.352000,-0.987913,-0.337323,8.887349,0.042551,0.586075,0.006266,1.656559
0.354000,-0.969908,-0.265352,8.595921,0.045789,0.583719,0.006268,1.659106
0.356000,-0.951692,-0.202986,8.414530,0.048313,0.581027,0.006281,1.661643
0.358000,-0.933744,-0.150473,8.318507,0.050250,0.578119,0.006303,1.664170
0.360000,-0.916034,-0.115415,8.294311,0.051717,0.575082,0.006337,1.666684
0.362000,-0.898497,0.519088,9.056759,0.052872,0.571994,0.006394,1.669185
0.364000,-0.887922,-2.329947,5.760710,0.048162,0.569368,0.005692,1.671679
0.366000,-0.868140,0.143931,1.893604,0.068466,0.565411,0.004589,1.674141
0.368000,-0.826409,3.509959,7.822651,0.066587,0.559831,0.003754,1.676536
0.370000,-0.811997,3.475515,7.793529,0.034931,0.557155,0.004968,1.678915
0.372000,-0.815972,0.089489,11.155375,0.003646,0.554564,0.006134,1.681276
0.374000,-0.807439,0.082039,10.962491,0.002861,0.553280,0.005398,1.683649
0.376000,-0.798986,0.072977,10.789227,0.002150,0.551947,0.004644,1.686033
0.378000,-0.809771,-1.952015,12.533444,0.001529,0.550579,0.003880,1.688427
0.380000,-0.814402,0.260016,14.058416,0.016812,0.549700,0.003201,1.690845
0.382000,-0.809069,0.190348,13.159611,0.011042,0.548749,0.003081,1.693295
0.384000,-0.802631,0.127897,12.385141,0.006104,0.547387,0.002887,1.695770
0.386000,-0.795327,0.072416,11.722769,0.001907,0.545694,0.002624,1.698263
0.388000,-0.786959,0.022416,11.161416,-0.001631,0.543743,0.002302,1.700769
0.390000,-0.751794,2.574130,6.232827,-0.004583,0.541598,0.001967,1.703284
0.392000,-0.739020,2.444343,6.062432,-0.030148,0.537637,0.002908,1.705764
0.394000,-0.724719,-0.094228,1.618150,-0.054514,0.533784,0.003819,1.708209
0.396000,-0.723256,-3.441076,6.979284,-0.054439,0.528847,0.003271,1.710587
0.398000,-0.703224,-0.274802,10.697477,-0.024673,0.526466,0.002094,1.712946
0.400000,-0.696656,-0.286981,10.557724,-0.022897,0.525415,0.002057,1.715314
0.402000,-0.727889,-0.670799,13.224500,-0.021003,0.524411,0.002063,1.717692
0.404000,-0.726179,-0.663422,12.779851,-0.018134,0.524026,0.001825,1.720100
0.406000,-0.719876,0.895224,11.062508,-0.015137,0.523531,0.001646,1.722534
0.408000,-0.716488,0.954771,10.785320,-0.026284,0.522282,0.001813,1.724979
0.410000,-0.712837,0.984510,10.521511,-0.037853,0.520998,0.002025,1.727432
0.412000,-0.714158,-0.587437,8.407868,-0.049609,0.519683,0.002266,1.729892
0.414000,-0.756791,0.412093,7.286159,-0.047982,0.517389,0.001634,1.732341
0.416000,-0.752396,0.482991,7.139028,-0.053578,0.513111,0.000812,1.734761
0.418000,-0.687764,-1.111279,8.718867,-0.059829,0.508762,0.000051,1.737150
0.420000,-0.681131,-1.031554,8.545584,-0.053973,0.507183,-0.000196,1.739533
0.422000,-0.715672,-1.427820,7.708064,-0.048899,0.505629,-0.000224,1.741909
0.424000,-0.713193,-1.426896,7.511888,-0.038926,0.502099,-0.000235,1.744262
0.426000,-0.688341,-3.460334,12.347011,-0.029003,0.498525,-0.000215,1.746592
0.428000,-0.663772,0.445083,13.566113,-0.001573,0.499780,-0.001439,1.748955
0.430000,-0.657776,-0.464985,12.255649,-0.005993,0.501680,-0.001081,1.751361
0.432000,-0.655406,-0.322627,11.551682,-0.001039,0.503320,-0.000446,1.753800
0.434000,-0.656990,-0.390079,10.699673,0.002761,0.504616,0.000265,1.756268
0.436000,-0.647142,-0.030008,9.903166,0.007464,0.505396,0.000847,1.758754
0.438000,-0.646233,-0.002531,9.529323,0.009027,0.505755,0.001660,1.761252
0.440000,-0.641934,0.254005,9.517619,0.010398,0.505959,0.002452,1.763759
0.442000,-0.642259,0.277637,9.241384,0.009362,0.506342,0.003316,1.766275
0.444000,-0.642716,0.297424,9.006988,0.008180,0.506621,0.004040,1.768797
0.446000,-0.642058,0.796782,10.125204,0.006878,0.506819,0.004612,1.771324
0.448000,-0.629422,-0.164093,10.751547,0.000589,0.508115,0.004486,1.773869
0.450000,-0.663819,-1.460699,12.675020,0.002259,0.510205,0.005176,1.776441
0.452000,-0.677907,-0.349787,13.046700,0.013152,0.513324,0.005073,1.779059
0.454000,-0.664346,-0.280724,9.904706,0.013355,0.516200,0.005317,1.781724
0.456000,-0.662820,-0.274575,9.486563,0.012084,0.517160,0.004888,1.784405
0.458000,-0.661358,-0.270402,9.132779,0.010796,0.517873,0.004526,1.787097
0.460000,-0.660187,-0.267500,8.835715,0.009489,0.518383,0.004224,1.789797
0.462000,-0.688250,-1.309069,7.243170,0.008162,0.518732,0.003957,1.792503
0.464000,-0.735455,-0.153292,5.638775,0.016955,0.516818,0.004146,1.795191
0.466000,-0.651039,-0.043039,9.282119,0.017610,0.511957,0.003565,1.797835
0.468000,-0.662630,2.014526,11.468022,0.013941,0.512989,0.003277,1.800490
0.470000,-0.675637,-0.879339,12.659234,-0.007107,0.515413,0.003870,1.803179
0.472000,-0.663987,-0.164118,11.652016,-0.001327,0.518951,0.004163,1.805917
0.474000,-0.663217,0.633192,10.588585,-0.000738,0.521963,0.004110,1.808694
0.476000,-0.655522,0.415279,9.878940,-0.006364,0.524121,0.003800,1.811500
0.478000,-0.656374,0.471533,9.599725,-0.009651,0.525965,0.003825,1.814326
0.480000,-0.657279,0.519499,9.362879,-0.013354,0.527665,0.003744,1.817171
0.482000,-0.660844,0.875959,9.608845,-0.017414,0.529246,0.003562,1.820033
0.484000,-0.661699,0.648573,9.649672,-0.025037,0.530963,0.003369,1.822913
0.486000,-0.658954,-0.713606,10.644862,-0.030696,0.532883,0.003025,1.825814
0.488000,-0.698799,-1.049051,11.768606,-0.025287,0.535899,0.003482,1.828749
0.490000,-0.687802,0.502861,10.070014,-0.018767,0.539199,0.003787,1.831729
0.492000,-0.663452,-0.806089,8.224844,-0.026141,0.541281,0.003543,1.834734
0.494000,-0.663129,-0.748868,8.051449,-0.022606,0.542093,0.003746,1.837745
0.496000,-0.699741,0.568157,6.625648,-0.019610,0.542786,0.003935,1.840759
0.498000,-0.689828,-1.667579,7.147680,-0.026639,0.540896,0.003275,1.843752
0.500000,-0.723797,-3.655737,9.622129,-0.014637,0.539820,0.003370,1.846733
0.502000,-0.685715,-0.279954,11.593030,0.015313,0.540819,0.002998,1.849732
0.504000,-0.673715,-0.169889,10.631994,0.016119,0.544626,0.003609,1.852777
0.506000,-0.672837,-0.139052,10.332226,0.016887,0.547958,0.004280,1.855861
0.508000,-0.669750,0.482026,9.532599,0.017472,0.551109,0.004978,1.858979
0.510000,-0.672312,-0.128723,9.916390,0.013160,0.553521,0.005566,1.862122
0.512000,-0.672742,-0.105930,9.720747,0.013795,0.556463,0.006281,1.865297
0.514000,-0.704610,-1.276069,10.600054,0.014278,0.559291,0.006998,1.868500
0.516000,-0.692235,0.719200,9.323729,0.023700,0.562695,0.007226,1.871744
0.518000,-0.713069,1.959214,8.158033,0.015179,0.565041,0.006834,1.875011
0.520000,-0.709045,1.159979,10.095829,-0.002992,0.565202,0.006555,1.878280
0.522000,-0.714621,-2.005697,10.221889,-0.016434,0.567873,0.006630,1.881581
0.524000,-0.695378,-1.416811,9.398965,-0.002099,0.570768,0.006741,1.884916
0.526000,-0.710323,-2.005870,7.701955,0.007833,0.573130,0.007059,1.888279
0.528000,-0.687488,-0.825430,9.011007,0.024441,0.573168,0.007465,1.891642
0.530000,-0.694803,-1.211760,9.241572,0.029425,0.575379,0.007972,1.895027
0.532000,-0.719066,-1.874061,9.766473,0.037446,0.577857,0.008407,1.898440
0.534000,-0.686794,-0.293967,7.847007,0.050406,0.580662,0.008328,1.901885
0.536000,-0.726915,-0.080222,5.058512,0.048903,0.581878,0.008871,1.905338
0.538000,-0.705032,-0.396060,10.698780,0.049275,0.577838,0.009408,1.908747
0.540000,-0.696826,-0.096723,9.990131,0.052274,0.581966,0.009392,1.912204
0.542000,-0.680233,0.068821,9.967563,0.053177,0.585537,0.009472,1.915700
0.544000,-0.674585,0.013553,9.708904,0.052454,0.589224,0.009787,1.919236
0.546000,-0.675884,-0.447086,9.891197,0.052262,0.592720,0.010236,1.922809
0.548000,-0.697292,-0.451406,11.140511,0.055772,0.596438,0.010712,1.926423
0.550000,-0.697411,-0.408138,10.784973,0.057780,0.601188,0.011269,1.930094
0.552000,-0.688273,1.451195,9.791835,0.059514,0.605626,0.011859,1.933818
0.554000,-0.688752,1.398496,9.568559,0.044422,0.609119,0.011623,1.937581
0.556000,-0.719349,2.174889,10.455709,0.029831,0.612430,0.011480,1.941380
0.558000,-0.720308,1.522022,7.533850,0.007279,0.616014,0.011497,1.945223
0.560000,-0.692266,0.270771,8.543316,-0.008682,0.615845,0.010926,1.949066
0.562000,-0.709939,-1.614047,7.755343,-0.014927,0.617909,0.010538,1.952931
0.564000,-0.701840,-0.242363,9.307756,-0.001288,0.618178,0.011261,1.956801
0.566000,-0.699989,-0.258362,9.035307,-0.001061,0.621106,0.010971,1.960706
0.568000,-0.699149,-0.279952,8.805516,-0.000660,0.623843,0.010823,1.964643
0.570000,-0.701069,-1.013469,9.363614,-0.000041,0.626425,0.010769,1.968608
0.572000,-0.735328,-2.276828,8.711301,0.006354,0.629830,0.011343,1.972613
0.574000,-0.767085,1.608076,11.628305,0.024850,0.631239,0.011976,1.976641
0.576000,-0.760935,2.365927,9.242046,0.007110,0.636523,0.011678,1.980737
0.578000,-0.738999,0.212586,9.741346,-0.014826,0.638542,0.011251,1.984861
0.580000,-0.737064,0.196566,9.400605,-0.018682,0.642565,0.010816,1.989033
0.582000,-0.766836,-1.725071,11.096673,-0.022330,0.646237,0.010380,1.993248
0.584000,-0.764976,-1.624902,10.671521,-0.008916,0.651539,0.010821,1.997532
0.586000,-0.744131,-1.021319,9.824232,0.003717,0.656419,0.011281,2.001880
0.588000,-0.750600,-0.336182,10.339089,0.011885,0.660556,0.011876,2.006280
0.590000,-0.762156,0.099303,10.566634,0.013534,0.665283,0.012568,2.010741
0.592000,-0.764172,0.077878,10.326432,0.011057,0.670178,0.012861,2.015266
0.594000,-0.780562,-1.087775,10.142791,0.008825,0.674860,0.013113,2.019853
0.596000,-0.773746,1.409229,7.107662,0.014677,0.678913,0.013576,2.024496
0.598000,-0.767958,-1.763815,7.811945,-0.000273,0.678643,0.012675,2.029141
0.600000,-0.754932,-0.466979,9.275100,0.014000,0.679531,0.013531,2.033803
0.602000,-0.754776,-0.530411,9.055234,0.015380,0.683071,0.014145,2.038512
0.604000,-0.763411,-0.986235,9.295924,0.017375,0.686450,0.014759,2.043266
0.606000,-0.764289,-1.021765,9.114714,0.022909,0.690160,0.015399,2.048071
0.608000,-0.820232,-2.588002,8.894372,0.028780,0.693732,0.016050,2.052924
0.610000,-0.791763,0.969337,9.445668,0.048732,0.695555,0.016529,2.057812
0.612000,-0.791668,0.875812,9.139154,0.038265,0.699613,0.016416,2.062754
0.614000,-0.810097,1.830262,7.872580,0.028720,0.703345,0.016119,2.067748
0.616000,-0.790484,0.491350,8.917757,0.012315,0.704511,0.015404,2.072762
0.618000,-0.822340,-1.357478,10.576481,0.006147,0.708071,0.015049,2.077824
0.620000,-0.809436,-0.133534,10.566037,0.016293,0.713446,0.015631,2.082965
0.622000,-0.828677,0.306733,10.791194,0.015884,0.718933,0.016404,2.088183
0.624000,-0.855120,1.316445,11.175515,0.011410,0.724600,0.016104,2.093484
0.626000,-0.853240,1.140746,10.762699,-0.002594,0.730222,0.015677,2.098871
0.628000,-0.807780,-0.425107,8.874113,-0.014963,0.735449,0.015248,2.104337
0.630000,-0.812134,-0.858466,9.060606,-0.013809,0.738816,0.015423,2.109857
0.632000,-0.827247,1.024419,6.760913,-0.009276,0.742471,0.016023,2.115433
0.634000,-0.816620,-1.303158,9.161126,-0.020907,0.742060,0.015061,2.121016
0.636000,-0.833578,-2.090710,8.054477,-0.012579,0.746022,0.015714,2.126660
0.638000,-0.833994,-2.119803,7.914376,0.004026,0.747510,0.016612,2.132340
0.640000,-0.882067,0.100184,11.562563,0.020823,0.748855,0.017616,2.138051
0.642000,-0.872314,-0.209443,10.832193,0.016713,0.755619,0.018161,2.143868
0.644000,-0.850605,1.090104,9.207459,0.015900,0.761770,0.018738,2.149781
0.646000,-0.849767,1.024492,8.990122,0.003856,0.766048,0.018097,2.155763
0.648000,-0.849418,0.963187,8.806586,-0.007553,0.770091,0.017434,2.161809
0.650000,-0.873068,1.805369,7.863641,-0.018379,0.773939,0.016750,2.167918
0.652000,-0.880681,-1.224320,10.556719,-0.035130,0.775585,0.015641,2.174064
0.654000,-0.853856,-0.404505,9.594058,-0.026871,0.781606,0.016388,2.180310
0.656000,-0.868672,0.567921,9.398814,-0.024653,0.786595,0.017182,2.186638
0.658000,-0.869697,0.571865,9.211630,-0.030590,0.791137,0.016502,2.193045
0.660000,-0.901497,1.259068,9.971908,-0.036491,0.795507,0.015806,2.199528
0.662000,-0.859411,-0.745621,8.837589,-0.049514,0.800351,0.015315,2.206098
0.664000,-0.868592,-1.213202,9.090510,-0.045749,0.804240,0.015892,2.212740
0.666000,-0.877830,-2.172839,7.832500,-0.038314,0.808543,0.016578,2.219462
0.668000,-0.869900,-0.590219,8.406764,-0.021265,0.810394,0.017734,2.226233
0.670000,-0.868243,-0.579487,8.192706,-0.020867,0.813849,0.018248,2.233071
0.672000,-0.895716,0.654012,6.803179,-0.020561,0.817051,0.018766,2.239973
0.674000,-0.884849,-1.575354,7.173819,-0.029199,0.816973,0.017665,2.246899
0.676000,-0.939759,1.495638,10.675489,-0.018904,0.817609,0.018404,2.253858
0.678000,-0.913525,0.847668,9.575029,-0.036313,0.823832,0.017819,2.260932
0.680000,-0.924735,-1.378702,10.518521,-0.046966,0.829124,0.017136,2.268104
0.682000,-0.911773,-0.563627,9.413678,-0.036964,0.835813,0.017954,2.275399
0.684000,-0.908298,-0.454680,9.060483,-0.032661,0.840905,0.018790,2.282794
0.686000,-0.920063,0.177375,9.461080,-0.029182,0.845550,0.019613,2.290282
0.688000,-0.916976,0.495116,8.967238,-0.031721,0.850733,0.020014,2.297874
0.690000,-0.914095,0.256977,9.006814,-0.036747,0.855285,0.019554,2.305561
0.692000,-0.972114,-1.614689,11.253336,-0.039888,0.860079,0.019598,2.313347
0.694000,-0.999481,-0.776764,11.549019,-0.029589,0.867924,0.020365,2.321285
0.696000,-0.961160,-1.939717,9.945871,-0.027349,0.875699,0.020981,2.329377
0.698000,-0.959281,-1.872348,9.606036,-0.015196,0.881501,0.021855,2.337594
0.700000,-0.958551,-1.807540,9.313295,-0.003576,0.886873,0.022735,2.345932
0.702000,-0.968869,-2.585176,8.180818,0.007561,0.891870,0.023544,2.354384
0.704000,-0.967610,-2.542581,7.991421,0.026603,0.894377,0.024703,2.362919
0.706000,-1.006589,0.519658,10.784380,0.045210,0.896585,0.025964,2.371532
0.708000,-0.984960,0.006250,9.971256,0.036295,0.903458,0.026449,2.380297
0.710000,-0.984159,-0.022052,9.725140,0.032639,0.909523,0.027002,2.389201
0.712000,-0.976329,-0.321877,9.223237,0.029368,0.915300,0.027541,2.398240
0.714000,-0.976471,-0.336870,9.065127,0.029205,0.920586,0.028176,2.407409
0.716000,-0.959206,0.092357,8.545401,0.029256,0.925682,0.028802,2.416705
0.718000,-0.970187,0.354772,8.857645,0.026287,0.930116,0.029412,2.426119
0.720000,-0.971957,0.291859,8.790475,0.020665,0.934910,0.029860,2.435660
0.722000,-0.994096,-0.277167,9.159894,0.015629,0.939666,0.030341,2.445329
0.724000,-1.033915,0.383654,9.716455,0.014870,0.944971,0.030844,2.455138
0.726000,-1.032066,0.276186,9.504200,0.007752,0.950660,0.030271,2.465099
0.728000,-1.030805,0.180027,9.318375,0.001567,0.956086,0.029840,2.475209
0.730000,-0.983466,-1.197088,7.974495,-0.003721,0.961283,0.029521,2.485468
0.732000,-0.965145,-0.787976,7.484260,0.002607,0.964780,0.030314,2.495847
0.734000,-0.987623,-1.335836,7.979113,0.006001,0.967640,0.031048,2.506336
0.736000,-0.978166,-1.577699,6.639872,0.013404,0.971292,0.031931,2.516950
0.738000,-0.988861,0.989949,5.889462,0.024878,0.971845,0.033099,2.527645
0.740000,-1.046957,1.091002,9.826640,0.013318,0.971297,0.031585,2.538397
0.742000,-1.028113,0.672997,9.226479,0.000719,0.977669,0.030604,2.549330
0.744000,-0.994266,-0.017601,8.335858,-0.007612,0.983422,0.029726,2.560434
0.746000,-0.993985,-0.090565,8.224435,-0.009088,0.988229,0.030546,2.571692
0.748000,-1.000864,-0.500775,8.481393,-0.009855,0.992921,0.031378,2.583106
0.750000,-1.001892,-0.560977,8.393297,-0.007473,0.998087,0.032400,2.594687
0.752000,-1.036074,-1.397347,9.069484,-0.004537,1.003167,0.033446,2.606436
0.754000,-1.039808,0.797720,8.705085,0.004568,1.009266,0.034480,2.618378
0.756000,-1.022163,0.075604,7.843156,-0.006062,1.014593,0.033485,2.630500
0.758000,-1.041560,0.981439,6.718762,-0.011762,1.018372,0.032751,2.642779
0.760000,-1.014977,-1.192294,6.659279,-0.023723,1.019096,0.031268,2.655166
0.762000,-1.020455,-0.095391,7.980371,-0.017286,1.019978,0.032290,2.667666
0.764000,-1.117054,0.184078,11.274607,-0.021923,1.024326,0.031861,2.680339
0.766000,-1.075057,0.508962,9.707174,-0.027944,1.033744,0.031109,2.693291
0.768000,-1.063379,0.459582,8.944938,-0.034881,1.040849,0.030339,2.706481
0.770000,-1.062592,0.470318,8.715886,-0.040557,1.046891,0.029630,2.719891
0.772000,-1.060838,0.260050,8.712840,-0.046193,1.052614,0.028893,2.733520
0.774000,-1.067851,-0.128942,9.471242,-0.050158,1.058518,0.028480,2.747376
0.776000,-1.116220,0.523904,9.724231,-0.051975,1.065777,0.029093,2.761491
0.778000,-1.047193,-0.875723,7.846955,-0.061722,1.073015,0.028176,2.775872
0.780000,-1.078705,-0.456436,5.336762,-0.059745,1.077474,0.028873,2.790468
0.782000,-1.147627,-1.203098,11.516188,-0.057768,1.074546,0.028661,2.805145
0.784000,-1.089138,-1.042330,9.750841,-0.053134,1.085216,0.029631,2.820176
0.786000,-1.080114,-0.620822,9.148324,-0.047695,1.093386,0.030794,2.835511
0.788000,-1.079846,-0.584133,8.936762,-0.045267,1.100572,0.031861,2.851136
0.790000,-1.088051,-0.951856,9.114916,-0.043052,1.107440,0.032912,2.867053
0.792000,-1.099754,-0.637760,9.275269,-0.038087,1.114684,0.034048,2.883275
0.794000,-1.130627,-1.467066,9.821290,-0.036193,1.122093,0.034895,2.899815
0.796000,-1.159865,-0.778049,10.129997,-0.028265,1.130444,0.036071,2.916702
0.798000,-1.078629,-0.556049,7.223235,-0.026944,1.138903,0.036888,2.933951
0.800000,-1.076750,-0.556273,7.100549,-0.027625,1.142443,0.037524,2.951456
0.802000,-1.104362,-0.333736,4.981102,-0.028323,1.145820,0.038162,2.969220
0.804000,-1.123331,-2.304787,9.400467,-0.027581,1.142438,0.038397,2.987112
0.806000,-1.160921,-0.072056,10.154859,-0.013765,1.150364,0.040082,3.005376
0.808000,-1.131928,-0.124330,9.161961,-0.018136,1.159226,0.040641,3.024048
0.810000,-1.120962,-0.311801,8.683324,-0.020839,1.166610,0.041212,3.043099
0.812000,-1.119884,-0.300900,8.506195,-0.021386,1.173397,0.042107,3.062526
0.814000,-1.119495,-0.291314,8.353153,-0.021923,1.179914,0.043037,3.082332
0.816000,-1.126861,-0.651906,8.553189,-0.022448,1.186203,0.043977,3.102520
0.818000,-1.138112,-0.393136,8.731214,-0.020267,1.192952,0.045001,3.123113
0.820000,-1.175755,0.590739,8.709620,-0.020674,1.199916,0.045728,3.144127
0.822000,-1.111221,-0.693565,7.048981,-0.031246,1.206366,0.045170,3.165565
0.824000,-1.137026,-0.414408,4.919335,-0.030973,1.210096,0.045879,3.187365
0.826000,-1.187132,0.757989,9.049385,-0.029740,1.206825,0.046185,3.209374
0.828000,-1.153649,0.305811,8.262818,-0.042002,1.214204,0.045070,3.231858
0.830000,-1.157188,-1.293065,9.217213,-0.049705,1.220457,0.044637,3.254798
0.832000,-1.140960,-0.208088,8.076393,-0.042808,1.228926,0.045942,3.278266
0.834000,-1.140765,-0.127600,7.893617,-0.043640,1.234971,0.046807,3.302213
0.836000,-1.150616,0.176249,8.078446,-0.045043,1.240722,0.047596,3.326644
0.838000,-1.151841,0.024096,8.118822,-0.049430,1.246717,0.048100,3.351583
0.840000,-1.193646,-0.487648,9.540439,-0.052663,1.252997,0.048681,3.377050
0.842000,-1.145819,-1.166796,7.510194,-0.053643,1.261977,0.049636,3.403140
0.844000,-1.143382,-1.099920,7.311899,-0.049991,1.267259,0.050625,3.429765
0.846000,-1.172110,-0.596579,5.098448,-0.046876,1.272173,0.051597,3.456929
0.848000,-1.183425,-2.759605,9.478914,-0.044448,1.269422,0.051972,3.484440
0.850000,-1.197594,-0.769100,9.555198,-0.027726,1.279127,0.054240,3.512661
0.852000,-1.191525,-0.365415,8.943162,-0.026301,1.288716,0.055254,3.541613
0.854000,-1.181094,-0.512913,8.457084,-0.027598,1.297138,0.055989,3.571286
0.856000,-1.186614,-0.851897,8.594118,-0.027070,1.304837,0.057031,3.601679
0.858000,-1.186623,-0.819197,8.404649,-0.024042,1.312898,0.058189,3.632828
0.860000,-1.213760,-1.631705,8.999077,-0.021197,1.320619,0.059343,3.664749
0.862000,-1.221355,-1.259991,8.975042,-0.012653,1.329601,0.061002,3.697510
0.864000,-1.171045,-0.556375,6.772581,-0.007494,1.338368,0.062377,3.731137
0.866000,-1.171794,-1.240819,5.764545,-0.008896,1.342395,0.063153,3.765498
0.868000,-1.280884,1.835380,7.779709,-0.003006,1.343288,0.064530,3.800517
0.870000,-1.200239,0.321512,7.786553,-0.023163,1.347921,0.062126,3.836349
0.872000,-1.214906,-0.914722,8.860583,-0.031565,1.354246,0.062539,3.873074
0.874000,-1.194558,-0.282439,7.691750,-0.028882,1.363097,0.063695,3.910814
0.876000,-1.203045,-0.014253,7.821638,-0.029824,1.369556,0.064707,3.949520
0.878000,-1.203411,0.037289,7.673157,-0.033402,1.376166,0.065429,3.989236
0.880000,-1.203654,0.075893,7.538442,-0.037313,1.382532,0.066086,4.029989
0.882000,-1.238190,0.039039,8.526509,-0.041451,1.388685,0.066690,4.071813
0.884000,-1.217625,-2.358341,8.376008,-0.046840,1.396837,0.067341,4.114829
0.886000,-1.189432,-0.980765,6.696443,-0.033544,1.405226,0.069565,4.159093
0.888000,-1.192876,-1.547649,5.778228,-0.031626,1.409838,0.070661,4.204499
0.890000,-1.217039,0.199416,5.797968,-0.023452,1.411413,0.072217,4.250972
0.892000,-1.258810,-1.353711,9.601789,-0.029939,1.412512,0.072279,4.298532
0.894000,-1.231224,-0.803875,8.491429,-0.025143,1.423793,0.073819,4.347662
0.896000,-1.212294,-0.766248,7.565337,-0.023390,1.432807,0.075113,4.398327
0.898000,-1.209982,-0.729578,7.384948,-0.020636,1.439947,0.076602,4.450511
0.900000,-1.221533,-0.359893,7.684174,-0.018075,1.446736,0.078117,4.504262
0.902000,-1.223557,-0.671963,7.833110,-0.019200,1.454149,0.079258,4.559683
0.904000,-1.233854,-0.423394,7.975113,-0.018088,1.462011,0.080682,4.616872
0.906000,-1.238823,-1.786299,8.090407,-0.019461,1.470077,0.081757,4.675924
0.908000,-1.215802,-1.298579,5.610471,-0.011369,1.478461,0.083730,4.736943
0.910000,-1.279725,0.877605,8.063345,-0.005477,1.480011,0.085257,4.799671
0.912000,-1.292728,1.209917,6.568121,-0.019797,1.487859,0.085168,4.864525
0.914000,-1.239007,0.174038,7.291169,-0.034019,1.491450,0.083156,4.931379
0.916000,-1.236867,0.184468,7.129324,-0.041491,1.498147,0.083637,5.000000
0.918000,-1.239182,-0.795324,8.026639,-0.048938,1.504545,0.084068,5.000000
0.920000,-1.237745,-0.131189,7.298842,-0.047308,1.513323,0.085439,5.000000
0.922000,-1.272853,0.395527,7.767111,-0.050168,1.520148,0.086258,5.000000
0.924000,-1.269985,0.385690,7.511325,-0.058350,1.527727,0.086563,5.000000
0.926000,-1.206700,-0.618429,6.048175,-0.066245,1.534794,0.086830,5.000000
0.928000,-1.204427,-0.771301,6.128954,-0.065213,1.538827,0.087958,5.000000
0.930000,-1.205376,-1.685528,6.984084,-0.063107,1.543333,0.089161,5.000000
0.932000,-1.221141,-1.910682,5.940937,-0.054672,1.550355,0.091187,5.000000
0.934000,-1.261250,-0.139174,7.723436,-0.044321,1.553748,0.093187,5.000000
0.936000,-1.296557,0.769741,6.412755,-0.050148,1.562262,0.093919,5.000000
0.938000,-1.235650,-0.686211,6.934193,-0.060901,1.566341,0.093173,5.000000
0.940000,-1.252861,-2.189863,8.367041,-0.060896,1.573587,0.094497,5.000000
0.942000,-1.231631,-1.396173,7.399072,-0.048759,1.584644,0.097087,5.000000
0.944000,-1.229827,-1.308697,7.180887,-0.041894,1.593186,0.099274,5.000000
0.946000,-1.241047,-0.924330,7.401942,-0.035616,1.601247,0.101467,5.000000
0.948000,-1.248890,-0.667028,7.478990,-0.033089,1.609819,0.103248,5.000000
0.950000,-1.248498,-0.633519,7.305037,-0.033064,1.618463,0.104727,5.000000
0.952000,-1.300446,-0.756411,8.337249,-0.033203,1.626748,0.106180,5.000000
0.954000,-1.233185,-0.473336,5.854769,-0.034326,1.637319,0.107614,5.000000
0.956000,-1.263613,0.281164,5.020449,-0.037081,1.641780,0.108580,5.000000
0.958000,-1.223107,-2.001955,6.050685,-0.044415,1.642706,0.108701,5.000000
0.960000,-1.221255,-0.979915,6.494660,-0.032468,1.647181,0.111221,5.000000
0.962000,-1.286115,0.250356,7.717736,-0.030204,1.653893,0.112829,5.000000
0.964000,-1.256718,-0.104122,7.061980,-0.038554,1.663221,0.113430,5.000000
0.966000,-1.254573,-0.103311,6.889978,-0.043089,1.671248,0.114364,5.000000
0.968000,-1.245609,-0.528840,6.809625,-0.047463,1.678936,0.115285,5.000000
0.970000,-1.258061,-1.290084,7.346478,-0.048204,1.686818,0.116748,5.000000
0.972000,-1.247490,-0.160683,6.039863,-0.043815,1.696322,0.118901,5.000000
0.974000,-1.243423,-0.137251,5.910980,-0.048187,1.702218,0.119842,5.000000
0.976000,-1.287110,0.736266,5.421881,-0.052657,1.707835,0.120735,5.000000
0.978000,-1.274082,-1.034969,7.805089,-0.063081,1.710715,0.120272,5.000000
0.980000,-1.206896,-1.391891,6.069525,-0.061819,1.721318,0.122025,5.000000
0.982000,-1.204612,-1.597570,5.080917,-0.056207,1.727677,0.124121,5.000000
0.984000,-1.238909,-0.222680,6.566107,-0.046873,1.730419,0.126272,5.000000
0.986000,-1.230091,-0.340810,6.220858,-0.050422,1.738082,0.127387,5.000000
0.988000,-1.225833,-0.586334,6.325227,-0.052372,1.745178,0.128712,5.000000
0.990000,-1.222787,-0.579419,6.196611,-0.052646,1.752698,0.130310,5.000000
0.992000,-1.231505,-1.269539,6.715484,-0.052882,1.759960,0.131903,5.000000
0.994000,-1.223761,-0.188505,5.475201,-0.048567,1.768891,0.134170,5.000000
0.996000,-1.225124,-0.011008,5.589707,-0.052543,1.774215,0.135216,5.000000
0.998000,-1.306136,1.085846,5.641081,-0.058382,1.779697,0.135950,5.000000
1.000000,-1.195734,-1.835976,6.405797,-0.072637,1.783824,0.134690,5.000000
1.002000,-1.181347,-1.036802,5.479351,-0.064597,1.792170,0.137462,5.000000
1.004000,-1.178637,-1.473623,4.799978,-0.061653,1.797824,0.139453,5.000000
1.006000,-1.247342,0.476424,6.341652,-0.053541,1.800591,0.141580,5.000000
1.008000,-1.204190,-0.310270,5.876357,-0.063117,1.808177,0.141982,5.000000
1.010000,-1.200349,-0.297083,5.749743,-0.065524,1.815332,0.143346,5.000000
1.012000,-1.195000,-0.527184,5.856339,-0.067907,1.822233,0.144685,5.000000
1.014000,-1.191270,-0.519518,5.737001,-0.068755,1.829600,0.146294,5.000000
1.016000,-1.194248,-0.298909,5.316774,-0.069565,1.836724,0.147893,5.000000
1.018000,-1.233879,0.421265,4.584765,-0.072932,1.842691,0.149102,5.000000
1.020000,-1.179891,-1.447623,6.382930,-0.080426,1.845297,0.149183,5.000000
1.022000,-1.174583,-0.639647,5.786689,-0.074979,1.854864,0.151758,5.000000
1.024000,-1.206754,-0.201078,6.181770,-0.075318,1.862359,0.153389,5.000000
1.026000,-1.200315,-0.237347,5.970029,-0.080087,1.870670,0.154496,5.000000
1.028000,-1.193311,-0.268966,5.778207,-0.084345,1.878499,0.155639,5.000000
1.030000,-1.186134,-0.297527,5.603991,-0.088154,1.885893,0.156819,5.000000
1.032000,-1.123452,-1.535710,4.034840,-0.091559,1.892902,0.158032,5.000000
1.034000,-1.182440,-0.804653,6.107872,-0.082848,1.894927,0.160339,5.000000
1.036000,-1.154497,-1.033077,5.583272,-0.083309,1.903924,0.162228,-1.000000
1.038000,-1.147886,-1.028117,5.308733,-0.081177,1.911692,0.164392,-1.000000
1.040000,-1.142960,-0.956276,5.164800,-0.078544,1.918943,0.166663,-1.000000
1.042000,-1.137763,-0.889864,5.035261,-0.076348,1.925811,0.168867,-1.000000
1.044000,-1.132323,-0.828703,4.919085,-0.074560,1.932343,0.171011,-1.000000
1.046000,-1.170174,0.523866,3.468152,-0.073151,1.938585,0.173101,-1.000000
1.048000,-1.109651,-0.368222,4.456549,-0.080686,1.939346,0.173024,-1.000000
1.050000,-1.103044,-0.357349,4.418346,-0.081992,1.944315,0.174606,-1.000000
1.052000,-1.102711,-0.108474,4.160500,-0.083356,1.949299,0.176187,-1.000000
1.054000,-1.098052,-0.019135,4.275637,-0.086098,1.953486,0.177496,-1.000000
1.056000,-1.085177,-0.253797,4.474919,-0.089982,1.957909,0.178573,-1.000000
1.058000,-1.115625,0.124697,4.948988,-0.092559,1.963232,0.179928,-1.000000
1.060000,-1.107423,0.079143,4.822883,-0.099111,1.969720,0.180808,-1.000000
1.062000,-1.099020,0.036376,4.704869,-0.105148,1.975973,0.181733,-1.000000
1.064000,-1.086608,-0.187664,4.753252,-0.110702,1.982013,0.182702,-1.000000
1.066000,-1.017054,-1.295945,3.335488,-0.114729,1.988406,0.183944,-1.000000
1.068000,-1.054002,-0.998779,5.078584,-0.107732,1.989932,0.186237,-1.000000
1.070000,-1.049543,-0.977945,4.836139,-0.106106,1.998168,0.188635,-1.000000
1.072000,-1.044942,-0.913160,4.695829,-0.104104,2.005980,0.191126,-1.000000
1.074000,-1.088822,0.349894,3.296977,-0.102467,2.013405,0.193548,-1.000000
1.076000,-1.023399,-1.070417,4.531668,-0.108865,2.015253,0.193813,-1.000000
1.078000,-1.015158,-0.575037,3.938614,-0.105411,2.022591,0.196514,-1.000000
1.080000,-1.009684,-0.469742,4.063880,-0.104862,2.027975,0.198603,-1.000000
1.082000,-1.004510,-0.313624,3.865289,-0.105764,2.033692,0.200546,-1.000000
1.084000,-0.996693,-0.307353,3.817463,-0.107473,2.038873,0.202318,-1.000000
1.086000,-0.988887,-0.301022,3.769324,-0.109190,2.044017,0.204096,-1.000000
1.088000,-0.981071,-0.294864,3.721797,-0.110915,2.049121,0.205880,-1.000000
1.090000,-0.973233,-0.289040,3.674967,-0.112650,2.054185,0.207668,-1.000000
1.092000,-0.965600,-0.232163,3.740833,-0.114393,2.059211,0.209462,-1.000000
1.094000,-0.955066,-0.370046,3.830443,-0.116974,2.064324,0.211081,-1.000000
1.096000,-0.979184,-0.063532,4.189905,-0.118802,2.069883,0.212888,-1.000000
1.098000,-0.965522,-0.560850,4.457269,-0.123856,2.076368,0.214302,-1.000000
1.100000,-0.957003,-0.546209,4.258320,-0.125634,2.084058,0.216403,-1.000000
1.102000,-0.948001,-0.531330,4.075534,-0.127287,2.091212,0.218484,-1.000000
1.104000,-0.993007,0.502538,2.915188,-0.128832,2.097885,0.220551,-1.000000
1.106000,-0.907448,-0.364340,3.326022,-0.136763,2.099867,0.220467,-1.000000
1.108000,-0.908738,-0.237991,2.942821,-0.138102,2.104474,0.222364,-1.000000
1.110000,-0.898496,-0.228052,2.885846,-0.138932,2.108317,0.224294,-1.000000
1.112000,-0.888311,-0.217864,2.831704,-0.139787,2.112088,0.226230,-1.000000
1.114000,-0.878161,-0.207547,2.779813,-0.140670,2.115799,0.228174,-1.000000
1.116000,-0.868013,-0.197362,2.730087,-0.141587,2.119457,0.230124,-1.000000
1.118000,-0.847737,-0.365581,2.851586,-0.142536,2.123072,0.232080,-1.000000
1.120000,-0.837617,-0.359574,2.801616,-0.142700,2.127313,0.234277,-1.000000
1.122000,-0.827499,-0.352838,2.752312,-0.142867,2.131517,0.236499,-1.000000
1.124000,-0.817898,-0.271246,2.843954,-0.143047,2.135685,0.238745,-1.000000
1.126000,-0.808550,-0.259936,2.796444,-0.144446,2.140121,0.240921,-1.000000
1.128000,-0.792750,-0.343279,2.941118,-0.145894,2.144531,0.243101,-1.000000
1.130000,-0.783493,-0.336375,2.887145,-0.147378,2.149341,0.245298,-1.000000
1.132000,-0.774203,-0.327557,2.827358,-0.148888,2.154109,0.247500,-1.000000
1.134000,-0.684700,-1.265594,1.497188,-0.150420,2.158822,0.249710,-1.000000
1.136000,-0.669119,-1.610416,1.970555,-0.142902,2.160340,0.253063,-1.000000
1.138000,-0.748971,-0.472382,3.056003,-0.133689,2.163780,0.257066,-1.000000
1.140000,-0.737271,-0.483638,2.865412,-0.134114,2.170066,0.259853,-1.000000
1.142000,-0.754261,-0.042328,2.764723,-0.134076,2.175753,0.262501,-1.000000
1.144000,-0.743269,0.006595,2.555540,-0.137085,2.180901,0.264566,-1.000000
1.146000,-0.715796,-0.087861,2.088269,-0.140028,2.185501,0.266653,-1.000000
1.148000,-0.640920,-0.795836,1.005918,-0.141349,2.188826,0.268923,-1.000000
1.150000,-0.652324,-0.151587,-0.291309,-0.135874,2.189507,0.271774,-1.000000
1.152000,-0.689758,0.422730,0.920276,-0.134175,2.186304,0.273738,-1.000000
1.154000,-0.661284,-0.051851,2.816736,-0.138553,2.184270,0.274354,-1.000000
1.156000,-0.695098,0.687353,1.759833,-0.141581,2.190618,0.277138,-1.000000
1.158000,-0.634269,-0.074710,2.628462,-0.149038,2.192915,0.277603,-1.000000
1.160000,-0.670256,0.751207,1.468395,-0.151627,2.198935,0.280448,-1.000000
1.162000,-0.566746,-0.201626,-0.291064,-0.159714,2.201285,0.281765,-1.000000
1.164000,-0.597412,0.074653,2.328616,-0.158036,2.198928,0.283913,-1.000000
1.166000,-0.588375,0.079114,2.168772,-0.160772,2.204384,0.286507,-1.000000
1.168000,-0.578444,0.083603,2.017143,-0.163359,2.209458,0.289109,-1.000000
1.170000,-0.491431,-0.792344,0.705169,-0.165802,2.214172,0.291721,-1.000000
1.172000,-0.493514,-0.148686,-0.368408,-0.160005,2.215578,0.294966,-1.000000
1.174000,-0.551775,0.774298,1.230163,-0.158301,2.213977,0.296986,-1.000000
1.176000,-0.491258,0.129725,1.973333,-0.165601,2.216903,0.298449,-1.000000
1.178000,-0.470822,0.078016,1.778689,-0.168178,2.222215,0.301190,-1.000000
1.180000,-0.497690,0.595296,0.884916,-0.170105,2.226852,0.303734,-1.000000
1.182000,-0.505377,1.028365,0.225177,-0.175567,2.228909,0.305079,-1.000000
1.184000,-0.404779,-0.121514,-0.207515,-0.182774,2.228371,0.304330,-1.000000
1.186000,-0.334849,-0.731602,0.844209,-0.181547,2.227907,0.306074,-1.000000
1.188000,-0.301613,-1.101332,0.050778,-0.176144,2.230785,0.309278,-1.000000
1.190000,-0.313065,-0.587435,0.759727,-0.165918,2.230529,0.313343,-1.000000
1.192000,-0.354946,0.003983,-0.616007,-0.161813,2.233484,0.316539,-1.000000
1.194000,-0.332692,0.004047,-0.642464,-0.161399,2.232434,0.318779,-1.000000
1.196000,-0.248368,-0.617938,0.748500,-0.160879,2.231481,0.320990,-1.000000
1.198000,-0.238028,-0.566611,0.631637,-0.156272,2.234903,0.324315,-1.000000
1.200000,-0.227150,-0.512432,0.525609,-0.151958,2.238112,0.327623,-1.000000
1.202000,-0.281821,0.533388,1.045283,-0.147959,2.241122,0.330905,-1.000000
1.204000,-0.158390,-0.568644,2.388989,-0.152578,2.246321,0.332897,-1.000000
1.206000,-0.262670,0.398958,-1.101873,-0.149032,2.256149,0.337123,-1.000000
1.208000,-0.051035,-1.499322,2.038784,-0.149877,2.254154,0.337177,-1.000000
1.210000,-0.084452,-1.416992,0.628767,-0.139193,2.263973,0.342404,-1.000000
1.212000,-0.158061,-0.115131,-0.211595,-0.126722,2.268598,0.347643,-1.000000
1.214000,-0.054386,-0.845615,1.094523,-0.125702,2.270955,0.350385,-1.000000
1.216000,-0.125341,-0.088269,-0.349721,-0.119544,2.277558,0.354929,-1.000000
1.218000,-0.105281,-0.080227,-0.411845,-0.118572,2.279705,0.357737,-1.000000
1.220000,-0.012849,-0.683083,0.727462,-0.117559,2.281809,0.360520,-1.000000
1.222000,-0.006390,-0.598071,0.532170,-0.112129,2.287480,0.364968,-1.000000
1.224000,-0.056761,-0.026389,-0.580801,-0.107275,2.292647,0.369327,-1.000000
1.226000,-0.008841,-0.010582,-0.627419,-0.106521,2.294558,0.372281,-1.000000
1.228000,0.010942,-0.065543,-0.840145,-0.105806,2.296762,0.375245,-1.000000
1.230000,-0.076906,0.149196,-2.124419,-0.104455,2.298805,0.378669,-1.000000
1.232000,0.065626,-0.077195,-0.729224,-0.100831,2.295443,0.379960,-1.000000
1.234000,0.082826,-0.065764,-0.787094,-0.099829,2.298065,0.383606,-1.000000
1.236000,0.099699,-0.054787,-0.841111,-0.098737,2.300691,0.387167,-1.000000
1.238000,0.116292,-0.044190,-0.892021,-0.097568,2.303327,0.390654,-1.000000
1.240000,0.132654,-0.033922,-0.940335,-0.096334,2.305979,0.394077,-1.000000
1.242000,0.148581,-0.024838,-0.986547,-0.095045,2.308651,0.397443,-1.000000
1.244000,0.176215,-0.003417,-1.003349,-0.093707,2.311345,0.400741,-1.000000
1.246000,0.191017,0.002646,-1.048650,-0.092187,2.314049,0.403642,-1.000000
1.248000,0.115357,0.394447,-1.692412,-0.090660,2.316817,0.406487,-1.000000
1.250000,0.164677,-0.265074,-1.561668,-0.090476,2.317407,0.407547,-1.000000
1.252000,0.248479,0.002498,-1.020049,-0.085360,2.318336,0.410317,-1.000000
1.254000,0.262873,0.010076,-1.081741,-0.084219,2.321584,0.413228,-1.000000
1.256000,0.277299,0.018007,-1.140771,-0.083010,2.324864,0.416052,-1.000000
1.258000,0.291771,0.026217,-1.197629,-0.081741,2.328165,0.418801,-1.000000
1.260000,0.303490,0.032649,-1.250298,-0.080417,2.331483,0.421484,-1.000000
1.262000,0.321155,0.121470,-1.089687,-0.079038,2.334829,0.424130,-1.000000
1.264000,0.220012,0.471236,-1.672284,-0.078361,2.338409,0.426136,-1.000000
1.266000,0.351681,0.069351,-1.125452,-0.078745,2.340247,0.426774,-1.000000
1.268000,0.290480,-0.169642,-1.813023,-0.077774,2.343992,0.428918,-1.000000
1.270000,0.369881,0.119447,-1.158999,-0.072915,2.345764,0.431180,-1.000000
1.272000,0.649296,2.268646,3.631126,-0.072428,2.349597,0.433380,-1.000000
1.274000,0.689049,2.164081,3.270866,-0.101237,2.373925,0.431203,-1.000000
1.276000,0.617775,2.322621,2.575553,-0.128166,2.398208,0.428587,-1.000000
1.278000,0.744190,1.928544,2.577534,-0.153386,2.421865,0.423308,-1.000000
1.280000,0.766081,1.828822,2.225811,-0.176458,2.445432,0.418962,-1.000000
1.282000,-0.071531,2.434913,3.790243,-0.197746,2.468628,0.414347,-1.000000
1.284000,-0.071574,2.355155,3.471531,-0.228627,2.500499,0.402213,-1.000000
1.286000,-0.127636,2.408098,2.937528,-0.257959,2.530685,0.390142,-1.000000
1.288000,-0.034427,2.085600,2.681682,-0.284850,2.559886,0.377349,-1.000000
1.290000,-0.005020,1.928580,2.184147,-0.310107,2.585813,0.366196,-1.000000
1.292000,0.029106,1.759838,1.659483,-0.332648,2.609498,0.355481,-1.000000
1.294000,0.004975,1.709071,1.020195,-0.352298,2.630841,0.345270,-1.000000
1.296000,0.116818,1.388652,0.616327,-0.368193,2.651032,0.334611,-1.000000
1.298000,0.159185,1.228886,0.112616,-0.382105,2.667435,0.325714,-1.000000
1.300000,0.201223,1.082502,-0.349592,-0.393221,2.681726,0.317429,-1.000000
1.302000,0.182011,1.046220,-0.826816,-0.401767,2.694141,0.309724,-1.000000
1.304000,0.284891,0.819420,-1.130408,-0.407152,2.706266,0.301772,-1.000000
1.306000,0.319220,0.724180,-1.465026,-0.411515,2.715222,0.295245,-1.000000
1.308000,0.342650,0.738628,-1.824415,-0.414059,2.722955,0.289180,-1.000000
1.310000,0.373831,0.661847,-2.087522,-0.415959,2.728325,0.284264,-1.000000
1.312000,0.396825,0.162907,-3.403503,-0.416344,2.732918,0.279698,-1.000000
1.314000,0.392257,0.184512,-3.420638,-0.408273,2.732576,0.276016,-1.000000
1.316000,0.839199,-1.279698,-1.001603,-0.400269,2.732251,0.272387,-1.000000
1.318000,0.857136,-1.297785,-0.955697,-0.386576,2.744888,0.273157,-1.000000
1.320000,0.827499,-1.130840,-1.209479,-0.373026,2.758304,0.274509,-1.000000
1.322000,0.911982,-0.833801,-1.064415,-0.360322,2.770839,0.275877,-1.000000
1.324000,0.883685,-0.730819,-1.452468,-0.351362,2.783768,0.278868,-1.000000
1.326000,0.853504,-0.632539,-1.820193,-0.342227,2.795418,0.281815,-1.000000
1.328000,0.824194,-0.531527,-2.176777,-0.332927,2.805780,0.284722,-1.000000
1.330000,0.725461,-0.390865,-2.451659,-0.323495,2.814803,0.287558,-1.000000
1.332000,0.689672,-0.262163,-2.657601,-0.314192,2.822868,0.289641,-1.000000
1.334000,0.654399,-0.140015,-2.851857,-0.305500,2.829944,0.291502,-1.000000
1.336000,0.437944,0.422626,-3.735347,-0.297377,2.836056,0.293144,-1.000000
1.338000,0.521740,0.308530,-3.963448,-0.290882,2.838535,0.293000,-1.000000
1.340000,0.687962,-0.048581,-3.464641,-0.283501,2.839758,0.294273,-1.000000
1.342000,0.662412,0.055888,-3.630126,-0.275212,2.842304,0.296878,-1.000000
1.344000,0.636110,0.153276,-3.790104,-0.267219,2.844228,0.299159,-1.000000
1.346000,0.526803,0.369522,-3.716320,-0.259510,2.845528,0.301062,-1.000000
1.348000,0.435099,0.470781,-3.841545,-0.253450,2.847179,0.301800,-1.000000
1.350000,0.423223,0.475086,-3.839150,-0.247239,2.849251,0.302025,-1.000000
1.352000,0.411934,0.479302,-3.836469,-0.241085,2.851166,0.302274,-1.000000
1.354000,0.447880,0.622398,-4.093731,-0.234990,2.852936,0.302546,-1.000000
1.356000,0.441126,0.638480,-4.098971,-0.230264,2.851593,0.302994,-1.000000
1.358000,0.582768,0.423526,-4.590700,-0.225531,2.850386,0.303397,-1.000000
1.360000,0.586339,0.445634,-4.577487,-0.217937,2.847320,0.305402,-1.000000
1.362000,0.427844,0.532406,-3.899920,-0.210309,2.844667,0.307253,-1.000000
1.364000,0.419049,0.536927,-3.896515,-0.204399,2.846436,0.307850,-1.000000
1.366000,0.410546,0.541378,-3.892997,-0.198559,2.848118,0.308471,-1.000000
1.368000,0.564321,0.303537,-4.503867,-0.192788,2.849721,0.309116,-1.000000
1.370000,0.411588,0.564725,-3.905605,-0.183555,2.848702,0.311451,-1.000000
1.372000,0.403717,0.568881,-3.901619,-0.177984,2.850306,0.312282,-1.000000
1.374000,0.454617,0.854590,-4.383516,-0.172483,2.851846,0.313132,-1.000000
1.376000,0.455807,0.858282,-4.359807,-0.168738,2.849031,0.313560,-1.000000
1.378000,0.658157,0.512038,-5.165435,-0.164921,2.846722,0.313958,-1.000000
1.380000,0.620280,0.313376,-4.731241,-0.155854,2.841727,0.316256,-1.000000
1.382000,0.448056,0.628686,-3.979075,-0.145730,2.840573,0.318942,-1.000000
1.384000,-1.795249,5.663435,5.199303,-0.140442,2.842576,0.320117,-1.000000
1.386000,-4.449401,-5.279559,13.026197,-0.171549,2.859275,0.275540,-1.000000
0.002000,0.000200,0.000012,0.017692,0.000000,0.000000,0.000000,1.456662
0.004000,0.000171,0.000010,0.018553,-0.000000,0.000002,0.000000,1.456606
0.006000,3.858257,-4.064215,0.277632,-0.000000,0.000003,0.000000,1.456496
0.008000,3.843015,-4.055502,0.275788,0.009905,0.011477,-0.000339,1.456366
0.010000,3.828186,-4.046645,0.273910,0.019768,0.022825,-0.000596,1.456218
0.012000,3.813872,-4.037902,0.272001,0.029588,0.034053,-0.000787,1.456051
0.014000,3.800054,-4.029279,0.270060,0.039367,0.045165,-0.000915,1.455864
0.016000,3.786708,-4.020777,0.268087,0.049105,0.056168,-0.000982,1.455656
0.018000,3.773818,-4.012399,0.266083,0.058803,0.067064,-0.000991,1.455429
0.020000,4.478056,1.720096,10.717177,0.068461,0.077859,-0.000944,1.455181
0.022000,0.957566,1.784459,17.609799,0.029956,0.092855,0.003824,1.454981
0.024000,5.019915,-0.611957,19.866783,0.018627,0.098674,0.005672,1.454843
0.026000,4.884103,-4.091117,18.429403,0.002095,0.117156,0.007725,1.454817
0.028000,4.538866,-7.588282,15.373027,0.013085,0.134761,0.006492,1.454894
0.030000,5.023729,-2.087165,21.951644,0.056597,0.149453,0.002921,1.455049
0.032000,4.795664,-0.980770,17.665644,0.049390,0.167205,0.004135,1.455328
0.034000,4.711498,-1.074972,16.540647,0.032435,0.183927,0.006347,1.455701
0.036000,4.635980,-1.155832,15.562410,0.016380,0.200093,0.008465,1.456162
0.038000,4.567678,-1.235737,14.700543,0.001084,0.215765,0.010502,1.456703
0.040000,0.553922,2.153349,13.567971,-0.013462,0.231001,0.012458,1.457318
0.042000,4.331626,-0.305548,12.384105,-0.032674,0.233648,0.015173,1.457963
0.044000,4.533043,-3.640308,14.734105,-0.054000,0.246765,0.017704,1.458662
0.046000,4.444270,-2.869693,13.443856,-0.045048,0.261866,0.016949,1.459438
0.048000,4.393004,-2.788738,12.829078,-0.042497,0.276395,0.016969,1.460280
0.050000,4.377067,-2.002653,13.236329,-0.040696,0.290637,0.017099,1.461185
0.052000,4.322511,-2.080431,12.572880,-0.047072,0.304499,0.018231,1.462153
0.054000,4.273955,-2.145294,12.001702,-0.052717,0.318029,0.019281,1.463181
0.056000,4.269724,-2.947359,12.103589,-0.057747,0.331267,0.020267,1.464264
0.058000,4.228426,-2.954097,11.631077,-0.055910,0.344589,0.020477,1.465404
0.060000,4.191376,-2.954301,11.225241,-0.053990,0.357670,0.020707,1.466597
0.062000,0.192050,0.029313,10.070789,-0.052045,0.370536,0.020962,1.467841
0.064000,4.136583,-3.342952,10.169598,-0.050283,0.371102,0.021525,1.469092
0.066000,4.137830,-3.763129,10.432689,-0.044223,0.383901,0.021290,1.470388
0.068000,4.114620,-3.659552,10.246825,-0.034722,0.396771,0.020701,1.471732
0.070000,4.092542,-3.551450,10.076770,-0.026163,0.409518,0.020269,1.473122
0.072000,4.072010,-3.452686,9.931605,-0.018573,0.422148,0.019995,1.474558
0.074000,4.052848,-3.362672,9.808158,-0.011869,0.434670,0.019868,1.476038
0.076000,4.041741,-4.145522,10.394712,-0.005972,0.447093,0.019874,1.477561
0.078000,4.017631,-3.933711,10.155703,0.005968,0.459304,0.019183,1.479132
0.080000,0.042739,-0.482030,9.776114,0.016052,0.471352,0.018752,1.480748
0.082000,3.993062,-3.659782,9.798898,0.020923,0.471035,0.019256,1.482368
0.084000,3.974696,-3.508872,9.661293,0.028505,0.482961,0.019131,1.484032
0.086000,3.957865,-3.376304,9.548115,0.034777,0.494777,0.019198,1.485738
0.088000,3.942349,-3.260194,9.455706,0.039901,0.506497,0.019435,1.487485
0.090000,3.925345,-2.716287,9.030349,0.044024,0.518134,0.019823,1.489274
0.092000,3.935285,-2.018832,9.807600,0.043862,0.529775,0.020758,1.491102
0.094000,3.916123,-2.103118,9.662353,0.036524,0.541267,0.022540,1.492973
0.096000,3.898198,-2.174216,9.531814,0.029979,0.552662,0.024239,1.494887
0.098000,-0.093984,0.609441,8.542702,0.024110,0.563970,0.025865,1.496842
0.100000,3.873639,-2.799623,8.813691,0.019934,0.563042,0.027679,1.498793
0.102000,3.864447,-2.769367,8.821216,0.020432,0.574519,0.028536,1.500784
0.104000,3.855379,-2.743992,8.829362,0.020665,0.585986,0.029445,1.502814
0.106000,3.846497,-2.722826,8.839677,0.020675,0.597446,0.030399,1.504883
0.108000,3.837834,-2.705330,8.853082,0.020497,0.608900,0.031395,1.506993
0.110000,3.829429,-2.692106,8.870914,0.020162,0.620349,0.032427,1.509144
0.112000,-0.121996,1.401226,9.432938,0.019706,0.631796,0.033492,1.511336
0.114000,-0.122266,1.226624,9.318423,0.007464,0.630841,0.036298,1.513531
0.116000,-0.121422,1.062835,9.229006,-0.003227,0.629956,0.038870,1.515728
0.118000,-0.119672,0.909712,9.161123,-0.012471,0.629150,0.041224,1.517928
0.120000,-0.131456,0.266843,8.501724,-0.020369,0.628430,0.043375,1.520130
0.122000,-0.122027,0.213888,8.581432,-0.021830,0.627886,0.044811,1.522331
0.124000,-0.112867,0.164463,8.663780,-0.022880,0.627493,0.046164,1.524532
0.126000,-0.104011,0.118536,8.747551,-0.023550,0.627245,0.047442,1.526735
0.128000,-0.095495,0.075882,8.831501,-0.023874,0.627138,0.048648,1.528940
0.130000,-0.079638,-0.986494,9.801016,-0.023881,0.627169,0.049790,1.531149
0.132000,-0.079576,-0.868004,9.692334,-0.015579,0.627294,0.049807,1.533367
0.134000,-0.062472,-0.132342,10.289345,-0.008359,0.627458,0.049935,1.535596
0.136000,-0.068243,-0.143711,10.080352,-0.008549,0.627577,0.050855,1.537836
0.138000,-0.072597,-0.153879,9.901493,-0.008624,0.627691,0.051747,1.540088
0.140000,-0.088217,-0.664953,9.197665,-0.008600,0.627817,0.052613,1.542350
0.142000,-0.084868,-0.591148,9.170488,-0.003343,0.628042,0.052906,1.544619
0.144000,-0.083826,0.066237,8.637931,0.001225,0.628348,0.053265,1.546895
0.146000,-0.075855,0.052233,8.729803,0.000582,0.628773,0.054306,1.549175
0.148000,-0.053770,0.613351,9.510905,0.000013,0.629339,0.055318,1.551461
0.150000,-0.053462,0.497638,9.458022,-0.006454,0.629968,0.056870,1.553755
0.152000,-0.052700,0.391174,9.416007,-0.011893,0.630668,0.058279,1.556060
0.154000,-0.062172,-0.161838,8.838138,-0.016393,0.631445,0.059558,1.558374
0.156000,-0.055523,-0.174098,8.917570,-0.015295,0.632374,0.060285,1.560695
0.158000,-0.049285,-0.183329,8.991382,-0.014144,0.633431,0.060989,1.563025
0.160000,-0.043480,-0.189633,9.058473,-0.012969,0.634613,0.061672,1.565365
0.162000,-0.026682,0.321373,9.727819,-0.011795,0.635917,0.062340,1.567714
0.164000,-0.027570,0.230286,9.657750,-0.016014,0.637263,0.063473,1.570078
0.166000,-0.027463,-0.624326,10.202215,-0.019431,0.638669,0.064498,1.572457
0.168000,-0.041124,-0.997946,9.596112,-0.016088,0.640122,0.064717,1.574853
0.170000,-0.040851,-0.893407,9.520272,-0.008878,0.641594,0.064567,1.577265
0.172000,-0.040221,-0.797862,9.456256,-0.002617,0.643114,0.064518,1.579691
0.174000,-0.039234,-0.710990,9.402873,0.002774,0.644690,0.064560,1.582133
0.176000,-0.037620,-0.631921,9.359720,0.007370,0.646328,0.064681,1.584588
0.178000,-0.026915,0.431867,9.456191,0.011237,0.648044,0.064875,1.587059
0.180000,-0.027507,0.353361,9.395972,0.005568,0.649773,0.066069,1.589545
0.182000,-0.027669,0.280916,9.345886,0.000598,0.651568,0.067171,1.592046
0.184000,-0.027461,0.214254,9.304552,-0.003734,0.653433,0.068188,1.594562
0.186000,-0.034783,-0.211365,8.843052,-0.007483,0.655371,0.069129,1.597093
0.188000,-0.030552,-0.210756,8.891803,-0.006914,0.657400,0.069688,1.599638
0.190000,-0.025461,-0.842340,9.488711,-0.006402,0.659542,0.070247,1.602196
0.192000,-0.016521,-0.357004,9.865847,-0.001127,0.661837,0.070226,1.604774
0.194000,-0.019215,-0.348016,9.735604,-0.000763,0.664181,0.070660,1.607373
0.196000,-0.028406,-0.691921,9.239247,-0.000467,0.666555,0.071094,1.609993
0.198000,-0.026959,-0.632030,9.206744,0.003404,0.668972,0.071188,1.612632
0.200000,-0.017617,0.264061,9.241801,0.006717,0.671463,0.071337,1.615289
0.202000,-0.017340,0.199934,9.206153,0.002007,0.673988,0.072313,1.617965
0.204000,-0.016812,0.140762,9.176571,-0.002142,0.676592,0.073214,1.620659
0.206000,-0.022479,-0.233724,8.773678,-0.005779,0.679276,0.074045,1.623373
0.208000,-0.018720,-0.235965,8.817864,-0.005587,0.682045,0.074529,1.626104
0.210000,-0.008325,-0.469245,9.739844,-0.005424,0.684931,0.075014,1.628854
0.212000,-0.024733,0.960266,8.366539,-0.004534,0.687989,0.075295,1.631630
0.214000,-0.104904,-0.104330,6.983690,-0.016529,0.690977,0.076803,1.634421
0.216000,-0.366553,-0.502040,4.309767,-0.017534,0.693212,0.077158,1.637217
0.218000,0.025487,-0.064366,9.220671,-0.012958,0.692377,0.076322,1.639988
0.220000,0.024427,-0.008179,9.107080,-0.013803,0.695961,0.076912,1.642784
0.222000,0.023107,0.044376,9.004251,-0.015093,0.699653,0.077520,1.645605
0.224000,0.093189,-0.239067,9.952952,-0.016803,0.703440,0.078144,1.648450
0.226000,0.090415,-0.205113,9.810359,-0.017173,0.708197,0.078661,1.651331
0.228000,0.099657,0.405415,10.407530,-0.017805,0.713038,0.079192,1.654247
0.230000,0.049998,-1.331733,9.276568,-0.024923,0.717940,0.080366,1.657202
0.232000,0.025166,-2.200412,9.969193,-0.017016,0.722490,0.079690,1.660189
0.234000,-0.151180,-1.539888,7.028372,-0.002686,0.726920,0.078300,1.663213
0.236000,0.005941,-0.495110,8.282721,0.007305,0.729144,0.077213,1.666245
0.238000,-0.149538,0.641963,6.944921,0.006112,0.733401,0.077525,1.669301
0.240000,-0.658175,0.009982,9.178899,-0.003360,0.735682,0.078363,1.672364
0.242000,-1.201960,0.932276,11.893257,-0.009207,0.742238,0.076026,1.675469
0.244000,-1.211871,-1.536094,12.700170,-0.023308,0.752797,0.077007,1.678650
0.246000,-1.211294,-1.102571,11.701757,-0.014124,0.761487,0.076509,1.681908
0.248000,-1.204474,-1.075169,11.161731,-0.007855,0.767701,0.076169,1.685226
0.250000,-1.205018,-0.334901,9.976860,-0.001669,0.771968,0.076008,1.688591
0.252000,-1.179914,-1.072764,10.311499,-0.000860,0.774012,0.076001,1.691986
0.254000,-1.164834,-1.066753,9.884433,0.005573,0.775314,0.076050,1.695410
0.256000,-1.135874,-0.394154,10.214685,0.012080,0.775442,0.076216,1.698854
0.258000,-1.121197,-0.413044,9.681194,0.012063,0.775173,0.076218,1.702320
0.260000,-1.105147,-0.407303,9.157939,0.012423,0.773996,0.076172,1.705799
0.262000,-1.087007,-0.334641,8.716540,0.012935,0.772049,0.076098,1.709284
0.264000,-1.066840,-0.254635,8.405335,0.012965,0.769490,0.076069,1.712769
0.266000,-1.045162,-0.204240,8.225688,0.012378,0.766483,0.076156,1.716250
0.268000,-1.023059,-0.173147,8.141863,0.011362,0.763175,0.076421,1.719725
0.270000,-1.037625,-2.596961,5.127554,0.010041,0.759681,0.076872,1.723190
0.272000,-1.033824,-0.009130,1.123058,0.031304,0.754661,0.076274,1.726621
0.274000,-1.006775,-0.013709,1.155200,0.031508,0.747766,0.075847,1.729980
0.276000,-0.980809,-0.018093,1.189767,0.031689,0.741046,0.075427,1.733266
0.278000,-0.883241,3.615636,7.898046,0.031846,0.734536,0.075015,1.736481
0.280000,-0.867100,-0.382424,12.005826,-0.003582,0.731749,0.077171,1.739684
0.282000,-0.838723,0.237276,12.516078,-0.005235,0.730498,0.077624,1.742913
0.284000,-0.825617,-0.563784,12.863859,-0.013258,0.729639,0.078449,1.746172
0.286000,-0.818359,-0.550066,12.451831,-0.014990,0.729192,0.078937,1.749468
0.288000,-0.811090,-0.580047,12.046406,-0.016691,0.728559,0.079541,1.752795
0.290000,-0.804240,-0.585941,11.628623,-0.017986,0.727752,0.080260,1.756152
0.292000,-0.797345,-0.591131,11.227037,-0.019059,0.726767,0.081057,1.759533
0.294000,-0.790362,-0.595095,10.848715,-0.019923,0.725620,0.081911,1.762937
0.296000,-0.781180,1.114547,12.627871,-0.020600,0.724330,0.082806,1.766359
0.298000,-0.780178,0.828839,11.888332,-0.039382,0.723206,0.084051,1.769812
0.300000,-0.807782,-1.851387,13.230704,-0.055104,0.721777,0.085078,1.773288
0.302000,-0.802940,-1.734025,12.321499,-0.049806,0.720841,0.084558,1.776802
0.304000,-0.796920,-1.624993,11.549643,-0.044882,0.719475,0.084157,1.780344
0.306000,-0.790133,-2.185858,10.271100,-0.040346,0.717768,0.083859,1.783909
0.308000,-0.803363,-3.342000,6.123949,-0.030393,0.715440,0.083827,1.787485
0.310000,-0.772684,-0.148062,1.431844,-0.006985,0.711806,0.082812,1.791037
0.312000,-0.755216,-0.149834,1.483938,-0.006753,0.706510,0.082639,1.794522
0.314000,-0.738603,-0.152222,1.537086,-0.006587,0.701506,0.082489,1.797940
0.316000,-0.753892,-4.226492,7.599869,-0.006485,0.696799,0.082367,1.801294
0.318000,-0.706322,-0.743690,14.710851,0.022769,0.694689,0.080963,1.804641
0.320000,-0.705950,-0.736828,13.752619,0.016367,0.695103,0.081242,1.808042
0.322000,-0.683901,0.524775,11.900958,0.010767,0.695123,0.081470,1.811487
0.324000,-0.681427,0.328366,11.382684,-0.003531,0.694477,0.082475,1.814960
0.326000,-0.678194,0.155101,10.917686,-0.015640,0.693685,0.083369,1.818456
0.328000,-0.667480,-0.692411,9.651102,-0.025819,0.692774,0.084162,1.821972
0.330000,-0.661029,-0.702900,9.466747,-0.026976,0.691606,0.084983,1.825499
0.332000,-0.654605,-0.712851,9.299298,-0.027928,0.690460,0.085846,1.829035
0.334000,-0.648223,-0.721867,9.150622,-0.028695,0.689339,0.086743,1.832580
0.336000,-0.641900,-0.729798,9.021589,-0.029304,0.688249,0.087667,1.836132
0.338000,-0.635651,-0.736667,8.912129,-0.029782,0.687197,0.088614,1.839690
0.340000,-0.629517,-0.749192,8.813231,-0.030154,0.686188,0.089580,1.843255
0.342000,-0.623450,-0.754011,8.740617,-0.030375,0.685228,0.090571,1.846826
0.344000,-0.617504,-0.758281,8.683582,-0.030541,0.684324,0.091576,1.850403
0.346000,-0.615875,-1.010074,8.326777,-0.030672,0.683478,0.092595,1.853985
0.348000,-0.601489,1.956761,5.211230,-0.028071,0.682624,0.093705,1.857571
0.350000,-0.603436,-1.306731,8.751858,-0.048935,0.680909,0.095003,1.861130
0.352000,-0.624686,-3.494995,6.057917,-0.044148,0.680384,0.095949,1.864698
0.354000,-0.617632,-3.500330,6.111698,-0.018066,0.678929,0.095317,1.868251
0.356000,-0.577744,-0.777572,9.425363,0.007911,0.677628,0.094743,1.871791
0.358000,-0.565363,-0.463519,9.750347,0.007134,0.677636,0.096143,1.875347
0.360000,-0.562491,-0.480788,9.625946,0.002911,0.677833,0.097700,1.878921
0.362000,-0.591499,-2.298311,11.228554,-0.001073,0.678050,0.099223,1.882513
0.364000,-0.586240,-2.068169,10.818534,0.007965,0.678858,0.099622,1.886140
0.366000,-0.581075,-1.872343,10.447445,0.015344,0.679497,0.100149,1.889798
0.368000,-0.566703,-0.498636,8.880338,0.021347,0.679989,0.100783,1.893483
0.370000,-0.537961,2.375940,6.019068,0.016378,0.679858,0.101998,1.897180
0.372000,-0.531473,2.373715,6.066622,-0.009827,0.679029,0.103478,1.900860
0.374000,-0.543870,-1.095746,9.586474,-0.036042,0.678326,0.104935,1.904526
0.376000,-0.552778,0.042188,10.869251,-0.035054,0.678765,0.105834,1.908212
0.378000,-0.551104,-0.128559,10.493981,-0.046221,0.679374,0.106511,1.911928
0.380000,-0.560619,-1.754979,11.335690,-0.055531,0.679874,0.107084,1.915670
0.382000,-0.543173,-0.358865,9.757177,-0.052649,0.680670,0.107947,1.919449
0.384000,-0.537985,-0.480965,9.503509,-0.059360,0.680929,0.108681,1.923249
0.386000,-0.524960,-1.249764,8.464298,-0.064795,0.681139,0.109515,1.927067
0.388000,-0.538331,-3.284999,5.949795,-0.061995,0.681199,0.110474,1.930897
0.390000,-0.512080,-1.000746,8.798017,-0.038861,0.680526,0.109981,1.934716
0.392000,-0.508250,-0.992929,8.749904,-0.038790,0.680846,0.111151,1.938550
0.394000,-0.531648,-2.400294,10.067801,-0.038782,0.681214,0.112318,1.942398
0.396000,-0.525761,-2.212104,9.788057,-0.028969,0.682076,0.112656,1.946276
0.398000,-0.514481,-3.098350,5.690642,-0.020539,0.682841,0.113102,1.950181
0.400000,-0.488723,-0.645968,8.795709,0.000870,0.682308,0.112721,1.954074
0.402000,-0.513466,-1.188134,11.002571,-0.002630,0.682835,0.114140,1.957983
0.404000,-0.505383,-0.976309,8.223017,-0.005430,0.683991,0.115384,1.961930
0.406000,-0.504413,-0.999995,8.202471,-0.008316,0.684030,0.116510,1.965886
0.408000,-0.599603,-0.513805,5.961960,-0.011126,0.684098,0.117639,1.969852
0.410000,-0.603569,-0.513199,5.892224,-0.012744,0.680147,0.116099,1.973782
0.412000,-0.502452,-3.404887,11.665792,-0.014281,0.676001,0.114515,1.977675
0.414000,-0.468896,-1.010807,12.049125,0.000183,0.678217,0.114862,1.981620
0.416000,-0.470611,-1.237499,11.442118,-0.005028,0.680818,0.116626,1.985620
0.418000,-0.472474,-1.249750,10.209636,-0.007092,0.683415,0.118232,1.989672
0.420000,-0.471059,-1.266478,9.909428,-0.006621,0.685445,0.119739,1.993764
0.422000,-0.469468,-1.274167,9.628924,-0.005660,0.687371,0.121190,1.997892
0.424000,-0.467715,-1.265136,9.377209,-0.004316,0.689202,0.122598,2.002055
0.426000,-0.457954,-0.769613,9.777403,-0.002776,0.690949,0.123985,2.006250
0.428000,-0.459547,-1.282234,9.999312,-0.006555,0.693082,0.125689,2.010483
0.430000,-0.454283,-0.956779,10.160951,-0.006562,0.695413,0.127131,2.014758
0.432000,-0.477558,-2.168597,10.951764,-0.010018,0.697839,0.128750,2.019076
0.434000,-0.461749,0.211993,9.919782,-0.004986,0.700652,0.129648,2.023448
0.436000,-0.456488,-0.987485,8.289431,-0.020725,0.702684,0.131508,2.027859
0.438000,-0.509124,0.277985,6.908512,-0.024742,0.703892,0.132721,2.032292
0.440000,-0.451779,-1.304765,8.200736,-0.036452,0.703502,0.132347,2.036723
0.442000,-0.485388,-2.032793,7.067098,-0.037864,0.704721,0.133484,2.041176
0.444000,-0.483790,-2.031901,6.911097,-0.030464,0.703794,0.133788,2.045626
0.446000,-0.492947,1.316160,8.703535,-0.022999,0.702771,0.134131,2.050072
0.448000,-0.438330,-0.747232,10.305518,-0.045028,0.703992,0.134146,2.054542
0.450000,-0.439366,-0.879757,9.581900,-0.050783,0.706663,0.135975,2.059061
0.452000,-0.438351,-0.793707,9.239742,-0.054033,0.709163,0.137675,2.063623
0.454000,-0.435933,-0.969649,9.170188,-0.057585,0.711532,0.139346,2.068225
0.456000,-0.435224,-0.905176,8.906509,-0.059722,0.713958,0.140952,2.072868
0.458000,-0.434642,-0.848682,8.677868,-0.062085,0.716284,0.142539,2.077548
0.460000,-0.434150,-0.800780,8.481840,-0.064657,0.718523,0.144109,2.082265
0.462000,-0.428809,-1.365765,9.433953,-0.067412,0.720688,0.145667,2.087015
0.464000,-0.430062,-1.975336,9.785218,-0.067536,0.723478,0.147174,2.091814
0.466000,-0.429838,-1.891932,9.528218,-0.063403,0.726561,0.148473,2.096665
0.468000,-0.464004,-3.041434,11.274884,-0.059697,0.729551,0.149793,2.101569
0.470000,-0.436968,-2.253342,8.469184,-0.050656,0.733268,0.150493,2.106545
0.472000,-0.434999,-2.114279,8.201999,-0.045513,0.735665,0.151184,2.111560
0.474000,-0.433082,-2.010823,7.947771,-0.041331,0.737895,0.151969,2.116612
0.476000,-0.496394,-1.085707,5.376878,-0.037766,0.739967,0.152819,2.121697
0.478000,-0.424788,-1.983732,8.165354,-0.035859,0.737705,0.152788,2.126760
0.480000,-0.422563,-1.895449,7.922762,-0.033239,0.740066,0.153858,2.131860
0.482000,-0.426172,-0.333509,9.350418,-0.031112,0.742289,0.154966,2.136996
0.484000,-0.419628,-0.569970,8.753689,-0.043943,0.745072,0.156861,2.142182
0.486000,-0.477288,-0.001495,7.068890,-0.053650,0.747658,0.158598,2.147412
0.488000,-0.417532,-2.260707,9.012445,-0.062905,0.748686,0.158342,2.152662
0.490000,-0.417759,-1.865871,8.409858,-0.055150,0.751461,0.159244,2.157963
0.492000,-0.415364,-1.720993,8.099236,-0.049644,0.753868,0.160197,2.163308
0.494000,-0.409945,-1.835827,8.082941,-0.044919,0.756129,0.161105,2.168693
0.496000,-0.406861,-1.596056,8.022949,-0.039402,0.758481,0.161885,2.174120
0.498000,-0.401593,-1.119658,8.338201,-0.036019,0.760931,0.162730,2.179589
0.500000,-0.396128,-1.610243,9.195142,-0.037743,0.763685,0.163757,2.185106
0.502000,-0.403161,-1.004856,9.599650,-0.037589,0.767023,0.164751,2.190683
0.504000,-0.391755,-2.541410,8.788914,-0.044076,0.770259,0.166013,2.196324
0.506000,-0.419185,-4.162134,10.077605,-0.036754,0.773252,0.166605,2.202022
0.508000,-0.396095,-2.347416,8.047189,-0.018997,0.777285,0.166465,2.207799
0.510000,-0.408126,-2.822109,7.045827,-0.014304,0.780221,0.166843,2.213627
0.512000,-0.391245,-1.934892,7.764934,-0.003050,0.781119,0.166757,2.219480
0.514000,-0.433665,0.455658,7.589415,-0.001716,0.783949,0.167476,2.225383
0.516000,-0.391481,-1.220610,8.457362,-0.018230,0.785682,0.168206,2.231321
0.518000,-0.391835,-1.447337,7.828617,-0.023166,0.788900,0.169412,2.237319
0.520000,-0.390659,-1.390278,7.602957,-0.024676,0.791792,0.170498,2.243368
0.522000,-0.434427,-0.293997,6.458522,-0.026332,0.794522,0.171602,2.249467
0.524000,-0.388475,-2.249124,8.415357,-0.033576,0.795751,0.171737,2.255590
0.526000,-0.389144,-1.531591,8.348270,-0.027037,0.798734,0.172819,2.261775
0.528000,-0.385967,-1.416072,8.567708,-0.026809,0.801695,0.174174,2.268019
0.530000,-0.394248,-0.855231,8.913036,-0.028561,0.804779,0.175640,2.274327
0.532000,-0.377963,-1.672922,7.470970,-0.036440,0.807755,0.177291,2.280702
0.534000,-0.377830,-1.603836,7.264835,-0.034999,0.810051,0.178486,2.287125
0.536000,-0.389407,-2.123086,6.238215,-0.033853,0.812270,0.179700,2.293594
0.538000,-0.376202,-1.333008,8.843697,-0.025383,0.812420,0.180321,2.300083
0.540000,-0.371454,-2.041546,8.887099,-0.029599,0.815921,0.182198,2.306645
0.542000,-0.368324,-1.984468,8.636068,-0.027972,0.819754,0.184004,2.313287
0.544000,-0.372500,-3.669313,9.952910,-0.026426,0.823463,0.185875,2.320006
0.546000,-0.363174,-1.985043,8.106660,-0.014627,0.828337,0.187265,2.326828
0.548000,-0.361431,-1.832196,7.828833,-0.014102,0.832094,0.188886,2.333726
0.550000,-0.359878,-1.738787,7.619117,-0.014375,0.835597,0.190575,2.340696
0.552000,-0.404209,-0.304306,6.259180,-0.015147,0.838902,0.192315,2.347734
0.554000,-0.350009,-1.631711,7.723357,-0.023963,0.840401,0.193524,2.354810
0.556000,-0.349624,-1.515440,7.513540,-0.026338,0.843527,0.195463,2.361956
0.558000,-0.353484,-1.047875,7.745111,-0.029353,0.846487,0.197423,2.369169
0.560000,-0.391201,0.041602,6.763594,-0.037283,0.849283,0.199659,2.376450
0.562000,-0.341041,-4.535643,9.025125,-0.051036,0.850857,0.201032,2.383777
0.564000,-0.338045,-3.044586,7.540324,-0.031453,0.855107,0.202244,2.391205
0.566000,-0.360655,-2.700867,6.141678,-0.020703,0.858084,0.203819,2.398705
0.568000,-0.344160,-1.425977,7.567355,-0.008627,0.858675,0.204676,2.406240
0.570000,-0.349412,-1.533541,7.056267,-0.010776,0.861637,0.207168,2.413848
0.572000,-0.350360,-1.453048,6.879212,-0.010455,0.864392,0.209467,2.421525
0.574000,-0.351183,-1.384959,6.726073,-0.010474,0.867028,0.211751,2.429268
0.576000,-0.340966,-1.972110,7.223938,-0.010783,0.869559,0.214023,2.437076
0.578000,-0.338347,-1.676434,7.394782,-0.007781,0.872547,0.216357,2.444960
0.580000,-0.332341,-2.121192,7.715440,-0.008180,0.875607,0.218904,2.452923
0.582000,-0.333493,-3.601431,8.947388,-0.005982,0.878995,0.221434,2.460973
0.584000,-0.325650,-3.205278,9.015450,0.004686,0.883637,0.223440,2.469141
0.586000,-0.331385,-1.119578,6.657519,0.014742,0.888783,0.224906,2.477433
0.588000,-0.326875,-0.279314,7.339622,0.009298,0.891447,0.227337,2.485799
0.590000,-0.325510,-0.360027,7.210843,-0.003631,0.893371,0.229614,2.494237
0.592000,-0.326959,-0.020091,6.980422,-0.016029,0.895325,0.231890,2.502748
0.594000,-0.321979,-2.525866,10.195113,-0.028351,0.896270,0.233339,2.511318
0.596000,-0.307588,-3.047945,10.529921,-0.026602,0.902173,0.235164,2.520042
0.598000,-0.308958,-2.927845,10.611197,-0.019692,0.908135,0.237459,2.528926
0.600000,-0.309104,-2.774182,10.120314,-0.013404,0.914170,0.239979,2.537976
0.602000,-0.309154,-2.635506,9.674656,-0.007756,0.919868,0.242507,2.547185
0.604000,-0.323900,-2.103520,9.674903,-0.002680,0.925252,0.245040,2.556549
0.606000,-0.322165,-2.049809,9.227190,-0.002328,0.930378,0.247777,2.566065
0.608000,-0.320192,-2.751190,9.470417,-0.001775,0.935198,0.250481,2.575728
0.610000,-0.318927,-2.585166,8.986102,0.004121,0.940332,0.253028,2.585549
0.612000,-0.317771,-2.438874,8.561128,0.009353,0.945098,0.255579,2.595520
0.614000,-0.316698,-2.310183,8.188975,0.013995,0.949538,0.258135,2.605636
0.616000,-0.315576,-2.196388,7.863883,0.018112,0.953688,0.260697,2.615891
0.618000,-0.314530,-2.095603,7.581224,0.021754,0.957581,0.263267,2.626282
0.620000,-0.313584,-2.006327,7.336261,0.024961,0.961249,0.265844,2.636805
0.622000,-0.312713,-1.927399,7.124400,0.027765,0.964719,0.268432,2.647457
0.624000,-0.311945,-1.857856,6.941588,0.030198,0.968017,0.271031,2.658236
0.626000,-0.311262,-1.796709,6.783997,0.032288,0.971166,0.273643,2.669141
0.628000,-0.300844,-1.738964,6.647624,0.034060,0.974185,0.276269,2.680170
0.630000,-0.286400,-1.680850,6.525952,0.035513,0.977211,0.278902,2.691325
0.632000,-0.282457,-1.624028,6.414111,0.036618,0.980301,0.281540,2.702608
0.634000,-0.282463,-1.568542,6.312222,0.037365,0.983336,0.284194,2.714019
0.636000,-0.282508,-1.512634,6.218196,0.037746,0.986276,0.286867,2.725558
0.638000,-0.282553,-1.457859,6.131897,0.037747,0.989126,0.289558,2.737226
0.640000,-0.282570,-1.405783,6.053413,0.037363,0.991893,0.292269,2.749023
0.642000,-0.251490,-1.024096,6.061238,0.036603,0.994583,0.294998,2.760949
0.644000,-0.254286,-1.018213,5.991770,0.035142,0.997265,0.299516,2.773007
0.646000,-0.256744,-1.014373,5.930554,0.033423,0.999881,0.303883,2.785198
0.648000,-0.258864,-1.015106,5.878616,0.031472,1.002442,0.308114,2.797523
0.650000,-0.260646,-1.020695,5.834705,0.029332,1.004956,0.312222,2.809983
0.652000,-0.262106,-1.032086,5.798863,0.027046,1.007433,0.316218,2.822580
0.654000,-0.263265,-1.048807,5.769788,0.024664,1.009882,0.320110,2.835317
0.656000,-0.248668,-1.346477,5.472104,0.022232,1.012312,0.323910,2.848194
0.658000,-0.249837,-1.351034,5.491334,0.022783,1.014766,0.327456,2.861214
0.660000,-0.251059,-1.366738,5.509048,0.023095,1.017234,0.330943,2.874378
0.662000,-0.251635,-1.377939,5.527274,0.023224,1.019716,0.334348,2.887691
0.664000,-0.251970,-1.391233,5.543409,0.023199,1.022217,0.337709,2.901156
0.666000,-0.252134,-1.406174,5.556746,0.023055,1.024734,0.341033,2.914776
0.668000,-0.252123,-1.422217,5.566793,0.022819,1.027267,0.344324,2.928556
0.670000,-0.251960,-1.438903,5.573253,0.022515,1.029816,0.347588,2.942499
0.672000,-0.251667,-1.455875,5.575957,0.022165,1.032378,0.350829,2.956610
0.674000,-0.251262,-1.472855,5.574829,0.021786,1.034950,0.354050,2.970891
0.676000,-0.250762,-1.489631,5.569865,0.021394,1.037530,0.357256,2.985347
0.678000,-0.250182,-1.506044,5.561116,0.021002,1.040116,0.360449,2.999982
0.680000,-0.249534,-1.521978,5.548677,0.020620,1.042705,0.363632,3.014799
0.682000,-0.248845,-1.537377,5.532699,0.020260,1.045294,0.366809,3.029803
0.684000,-0.248115,-1.552164,5.513311,0.019930,1.047880,0.369982,3.044997
0.686000,-0.247344,-1.566279,5.490658,0.019637,1.050462,0.373153,3.060386
0.688000,-0.246540,-1.579696,5.464918,0.019387,1.053035,0.376325,3.075973
0.690000,-0.245710,-1.592400,5.436276,0.019188,1.055598,0.379500,3.091762
0.692000,-0.244862,-1.604385,5.404921,0.019043,1.058148,0.382679,3.107758
0.694000,-0.244001,-1.615648,5.371042,0.018958,1.060682,0.385864,3.123964
0.696000,-0.243137,-1.626179,5.334828,0.018935,1.063199,0.389057,3.140385
0.698000,-0.242273,-1.635995,5.296463,0.018978,1.065695,0.392259,3.157024
0.700000,-0.241412,-1.645103,5.256127,0.019089,1.068170,0.395472,3.173886
0.702000,-0.253621,-1.146101,4.703296,0.019271,1.070622,0.398696,3.190975
0.704000,-0.251946,-1.189869,4.717202,0.016603,1.072525,0.401852,3.208278
0.706000,-0.250183,-1.232398,4.725334,0.014178,1.074456,0.405009,3.225801
0.708000,-0.248367,-1.273535,4.728015,0.011997,1.076413,0.408170,3.243550
0.710000,-0.246529,-1.313162,4.725575,0.010062,1.078392,0.411339,3.261530
0.712000,-0.244692,-1.351180,4.718336,0.008374,1.080388,0.414518,3.279747
0.714000,-0.242879,-1.387498,4.706602,0.006932,1.082399,0.417710,3.298208
0.716000,-0.241110,-1.422026,4.690650,0.005733,1.084421,0.420915,3.316918
0.718000,-0.239401,-1.454673,4.670733,0.004776,1.086449,0.424137,3.335883
0.720000,-0.199999,-2.347466,3.596221,0.004054,1.088480,0.427376,3.355109
0.722000,-0.236749,-1.462467,4.764300,0.014157,1.091295,0.429759,3.374609
0.724000,-0.194448,-2.390394,3.627143,0.012952,1.093257,0.433165,3.394384
0.726000,-0.234593,-1.464822,4.826486,0.023115,1.096085,0.435656,3.414447
0.728000,-0.233404,-1.491546,4.765912,0.021475,1.097973,0.439212,3.434797
0.730000,-0.232316,-1.516041,4.703099,0.020156,1.099862,0.442765,3.455439
0.732000,-0.231344,-1.538197,4.638253,0.019147,1.101743,0.446318,3.476381
0.734000,-0.167224,-2.321355,3.628996,0.018437,1.103611,0.449876,3.497628
0.736000,-0.182555,-2.363003,3.641200,0.027596,1.104519,0.452021,3.519151
0.738000,-0.179161,-2.381929,3.635900,0.036763,1.107423,0.454844,3.541011
0.740000,-0.232551,-1.449367,4.764431,0.046010,1.110290,0.457729,3.563216
0.742000,-0.232401,-1.466855,4.655045,0.043616,1.112068,0.461758,3.585758
0.744000,-0.231993,-1.482485,4.546308,0.041646,1.113805,0.465759,3.608642
0.746000,-0.231594,-1.495922,4.438570,0.040077,1.115491,0.469730,3.631875
0.748000,-0.178792,-2.301452,3.380002,0.038888,1.117121,0.473677,3.655464
0.750000,-0.176534,-2.303059,3.359652,0.047923,1.119655,0.476668,3.679431
0.752000,0.325863,-6.920202,4.653753,0.056939,1.122135,0.479722,3.703787
0.754000,1.777823,-10.461131,12.708786,0.154450,1.144386,0.482713,3.729172
0.756000,1.693777,-9.573972,12.802640,0.281012,1.173318,0.476205,3.756004
0.758000,1.753933,-8.841789,13.420086,0.393629,1.200148,0.470189,3.784280
0.760000,1.736166,-8.222012,14.148833,0.494200,1.228478,0.462860,3.814138
0.762000,1.619908,-7.292290,14.881560,0.583843,1.256073,0.455778,3.845643
0.764000,1.509643,-6.531890,14.208824,0.661383,1.283007,0.449817,3.878861
0.766000,1.394247,-5.836939,12.774313,0.729142,1.307910,0.444534,3.913797
0.768000,1.285280,-5.181146,12.025958,0.789235,1.329882,0.439756,3.950410
0.770000,0.978882,-4.746238,7.358562,0.841382,1.350043,0.435692,3.988708
0.772000,1.108814,-4.016233,11.104893,0.893855,1.363142,0.433579,4.028422
0.774000,0.940270,-4.010268,10.841904,0.931469,1.380348,0.430709,4.069857
0.776000,0.854311,-3.569041,10.081991,0.963759,1.392720,0.431049,4.112875
0.778000,0.777384,-3.179631,9.368015,0.991798,1.404011,0.431654,4.157501
0.780000,0.760820,-2.485329,8.746946,1.016148,1.414293,0.432533,4.203764
0.782000,0.701238,-2.204804,8.121633,1.036612,1.426653,0.431952,4.251850
0.784000,0.654780,-1.991412,7.162006,1.054245,1.437928,0.431784,4.301798
0.786000,0.454405,-1.876982,3.931986,1.070365,1.447638,0.431844,4.353621
0.788000,0.414899,-1.650671,3.681532,1.089475,1.452561,0.432866,4.407132
0.790000,0.560248,-1.288725,6.729026,1.106141,1.456701,0.434146,4.462377
0.792000,0.474097,-1.662240,6.226154,1.114022,1.464979,0.434858,4.519710
0.794000,0.434779,-1.481091,5.817074,1.121733,1.468472,0.438130,4.578951
0.796000,0.399324,-1.321964,5.434454,1.128369,1.471896,0.441397,4.640188
0.798000,0.368691,-1.183602,5.073609,1.134090,1.475211,0.444687,4.703513
0.800000,0.363096,-0.736913,4.768578,1.139042,1.478426,0.448007,4.769027
0.802000,0.340176,-0.657962,4.445537,1.142654,1.484223,0.450013,4.837023
0.804000,0.319218,-0.588432,4.142927,1.145728,1.489687,0.452258,4.907615
0.806000,0.300225,-0.527814,3.859899,1.148360,1.494837,0.454721,4.980927
0.808000,0.295422,-0.901027,3.555641,1.150637,1.499693,0.457389,5.000000
0.810000,0.276446,-0.810058,3.312129,1.153479,1.501128,0.461996,5.000000
0.812000,0.260722,-0.731834,3.086635,1.156076,1.502660,0.466603,5.000000
0.814000,0.252702,-0.354951,2.912691,1.158483,1.504267,0.471223,5.000000
0.816000,0.245517,-0.323914,2.719213,1.160061,1.508413,0.474621,5.000000
0.818000,0.237226,-0.296171,2.526193,1.161548,1.512415,0.478152,5.000000
0.820000,0.230829,-0.657045,2.285203,1.162992,1.516265,0.481810,5.000000
0.822000,0.217901,-0.594250,2.088794,1.165310,1.516896,0.487076,5.000000
0.824000,0.206434,-0.539621,1.897452,1.167624,1.517674,0.492323,5.000000
0.826000,0.196650,-0.492442,1.715434,1.169959,1.518569,0.497571,5.000000
0.828000,0.182424,-0.196767,1.575208,1.172337,1.519560,0.502833,5.000000
0.830000,0.178287,-0.182447,1.419609,1.174202,1.522676,0.507150,5.000000
0.832000,0.173458,-0.466210,1.246490,1.176147,1.525719,0.511566,5.000000
0.834000,0.168149,-0.430899,1.131545,1.178855,1.526271,0.516893,5.000000
0.836000,0.162344,-0.541047,-0.381473,1.181660,1.527005,0.522159,5.000000
0.838000,0.178768,-0.143382,1.156988,1.188380,1.525329,0.526150,5.000000
0.840000,0.182741,-0.389552,1.044740,1.190408,1.528683,0.531002,5.000000
0.842000,0.187983,-0.381154,0.980838,1.193175,1.529983,0.536435,5.000000
0.844000,0.195020,-0.376685,0.923783,1.196145,1.531477,0.541864,5.000000
0.846000,0.199748,-0.167642,0.874739,1.199321,1.533157,0.547301,5.000000
0.848000,0.216646,-0.415977,0.827317,1.202225,1.536617,0.552247,5.000000
0.850000,0.226448,-0.415241,0.779472,1.205874,1.538386,0.557770,5.000000
0.852000,0.236789,-0.415437,0.731369,1.209733,1.540367,0.563297,5.000000
0.854000,0.035719,-0.264230,-0.512327,1.213801,1.542541,0.568838,5.000000
0.856000,0.031217,-0.047704,-0.639055,1.218010,1.543371,0.574647,5.000000
0.858000,0.063801,-0.307120,-0.522559,1.222040,1.545572,0.579953,5.000000
0.860000,0.075058,-0.305136,-0.536979,1.226526,1.546426,0.586001,5.000000
0.862000,0.086738,-0.304390,-0.550808,1.231135,1.547450,0.592106,5.000000
0.864000,0.072995,-0.074323,-0.701600,1.235871,1.548638,0.598273,5.000000
0.866000,0.430066,-0.758933,-0.257418,1.240401,1.551102,0.603913,5.000000
0.868000,0.448027,-0.569267,1.012577,1.249692,1.552293,0.608530,5.000000
0.870000,0.450404,-0.560312,0.910388,1.255233,1.556345,0.614689,5.000000
0.872000,0.453135,-0.554681,0.810945,1.261010,1.560528,0.620844,5.000000
0.874000,0.439392,-0.332439,0.650223,1.267021,1.564838,0.627000,5.000000
0.876000,0.461074,-0.577871,0.608128,1.272700,1.570421,0.632821,5.000000
0.878000,0.205341,-0.371416,-0.585760,1.279217,1.574656,0.639091,5.000000
0.880000,0.201428,-0.131580,-0.753674,1.285255,1.577205,0.645708,5.000000
0.882000,0.231000,-0.408094,-0.625899,1.290968,1.581126,0.652003,5.000000
0.884000,0.240375,-0.401253,-0.656621,1.297335,1.583617,0.658830,5.000000
0.886000,0.249298,-0.395177,-0.685444,1.303830,1.586230,0.665710,5.000000
0.888000,0.567341,-0.649598,0.327717,1.310456,1.588958,0.672634,5.000000
0.890000,0.549387,-0.411371,0.154236,1.318635,1.593929,0.679203,5.000000
0.892000,0.290590,-0.415678,-0.755734,1.326321,1.600214,0.685596,5.000000
0.894000,0.042236,0.140084,-1.624270,1.333399,1.603124,0.692774,5.000000
0.896000,0.650035,-0.758840,0.086374,1.335960,1.600678,0.698240,5.000000
0.898000,0.624276,-0.740965,-0.027247,1.345824,1.606872,0.705291,5.000000
0.900000,0.372291,-0.466577,-0.762947,1.355761,1.612596,0.712667,5.000000
0.902000,0.379399,-0.453828,-0.812118,1.363921,1.616473,0.720606,5.000000
0.904000,0.387287,-0.443251,-0.859178,1.372161,1.620367,0.728604,5.000000
0.906000,0.396055,-0.434357,-0.904210,1.380496,1.624291,0.736650,5.000000
0.908000,0.405702,-0.427133,-0.947494,1.388934,1.628253,0.744745,5.000000
0.910000,0.412734,-0.249287,-1.064606,1.397486,1.632263,0.752892,5.000000
0.912000,0.430405,-0.447185,-1.016349,1.405703,1.637724,0.760750,5.000000
0.914000,0.440414,-0.440222,-1.054725,1.414575,1.641603,0.769048,5.000000
0.916000,0.444690,-0.260770,-1.150426,1.423568,1.645593,0.777389,-1.000000
0.918000,0.465549,-0.461451,-1.116924,1.432195,1.651224,0.785408,-1.000000
0.920000,0.476282,-0.454693,-1.153494,1.441521,1.655164,0.793885,-1.000000
0.922000,0.487698,-0.449383,-1.189931,1.450982,1.659256,0.802399,-1.000000
0.924000,0.499723,-0.445337,-1.226325,1.460584,1.663494,0.810954,-1.000000
0.926000,0.506262,-0.287086,-1.291279,1.470334,1.667871,0.819551,-1.000000
0.928000,0.519428,-0.295341,-1.316628,1.479754,1.673936,0.827863,-1.000000
0.930000,0.546613,-0.494809,-1.322777,1.489342,1.680077,0.836211,-1.000000
0.932000,0.125341,0.249152,-2.075127,1.499704,1.684308,0.845036,-1.000000
0.934000,0.642572,-0.586599,-1.280032,1.503400,1.681375,0.851711,-1.000000
0.936000,0.647227,-0.568595,-1.332354,1.514891,1.687330,0.860883,-1.000000
0.938000,0.653544,-0.553363,-1.384052,1.526462,1.693290,0.870055,-1.000000
0.940000,0.661180,-0.540300,-1.435457,1.538127,1.699268,0.879237,-1.000000
0.942000,0.669898,-0.528976,-1.486764,1.549897,1.705274,0.888432,-1.000000
0.944000,0.673658,-0.401771,-1.504575,1.561780,1.711316,0.897646,-1.000000
0.946000,0.684218,-0.402672,-1.544064,1.573325,1.718988,0.906611,-1.000000
0.948000,0.710483,-0.545686,-1.642620,1.584994,1.726656,0.915596,-1.000000
0.950000,0.719889,-0.532584,-1.690718,1.597343,1.732296,0.924980,-1.000000
0.952000,0.730250,-0.520846,-1.739648,1.609804,1.738067,0.934369,-1.000000
0.954000,0.731883,-0.520057,-1.794170,1.622381,1.743962,0.943770,-1.000000
0.956000,0.740001,-0.514789,-1.846486,1.635235,1.749802,0.953202,-1.000000
0.958000,0.743651,-0.412971,-1.811475,1.648280,1.755685,0.962661,-1.000000
0.960000,4.262425,-3.897263,-0.136154,1.660994,1.763366,0.971867,-1.000000
0.962000,4.059756,-3.628247,-0.493390,1.712706,1.805915,1.009325,-1.000000
0.964000,3.798957,-3.308455,-0.697632,1.761311,1.844339,1.044573,-1.000000
0.966000,3.483314,-2.943700,-0.761248,1.806670,1.880421,1.077383,-1.000000
0.968000,3.252646,-2.675900,-0.961447,1.848572,1.915620,1.107473,-1.000000
0.970000,4.184376,-2.475395,2.538967,1.887694,1.948406,1.135595,-1.000000
0.972000,3.974727,-2.243864,2.241580,1.918624,1.989127,1.167569,-1.000000
0.974000,3.689099,-1.947565,2.103751,1.947425,2.027909,1.197797,-1.000000
0.976000,3.499982,-1.758757,1.795825,1.973736,2.066423,1.225715,-1.000000
0.978000,3.318546,-1.585198,1.484127,1.998298,2.102860,1.252180,-1.000000
0.980000,3.137743,-1.422685,1.152751,2.021303,2.137247,1.277298,-1.000000
0.982000,3.023016,-1.327058,0.860457,2.042922,2.169535,1.301128,-1.000000
0.984000,2.971315,-1.315095,0.189030,2.064104,2.200493,1.323813,-1.000000
0.986000,2.762667,-1.152880,-0.207188,2.085046,2.226343,1.346604,-1.000000
0.988000,2.440267,-0.886935,-0.390716,2.104919,2.250108,1.368094,-1.000000
0.990000,2.244337,-0.754825,-0.827122,2.123087,2.273942,1.387196,-1.000000
0.992000,2.062897,-0.635858,-1.280216,2.140394,2.295334,1.405145,-1.000000
0.994000,1.884420,-0.524013,-1.691706,2.157068,2.314349,1.422056,-1.000000
0.996000,1.918619,-0.599432,-2.321318,2.173078,2.331123,1.437946,-1.000000
0.998000,1.611169,-0.356783,-2.365081,2.189701,2.343411,1.454774,-1.000000
1.000000,1.463265,-0.269079,-2.714585,2.204901,2.356753,1.469212,-1.000000
1.002000,1.326351,-0.189435,-3.039783,2.219622,2.368206,1.482825,-1.000000
1.004000,1.366034,-0.260492,-3.691328,2.233919,2.377902,1.495678,-1.000000
1.006000,1.100987,-0.063841,-3.610078,2.248768,2.382776,1.509507,-1.000000
1.008000,1.004097,-0.016279,-3.868547,2.262577,2.389569,1.521148,-1.000000
1.010000,0.914153,0.027770,-4.101983,2.276226,2.395104,1.532254,-1.000000
1.012000,0.861953,0.067747,-4.217339,2.289725,2.399459,1.542873,-1.000000
1.014000,0.994885,-0.052153,-4.783763,2.302971,2.403042,1.553172,-1.000000
1.016000,0.941337,-0.003736,-4.830595,2.317154,2.402406,1.564969,-1.000000
1.018000,-0.041272,1.134123,-4.384525,2.331174,2.401737,1.576346,-1.000000
1.020000,-0.049530,1.152062,-4.383819,2.332524,2.394006,1.582579,-1.000000
1.022000,-0.055571,1.167734,-4.381624,2.333592,2.386235,1.588618,-1.000000
1.024000,1.171917,-0.296846,-4.566736,2.334424,2.378446,1.594470,-1.000000
1.026000,1.123473,-0.234472,-4.619030,2.352721,2.385504,1.605212,-1.000000
1.028000,1.082808,-0.180549,-4.670152,2.370503,2.391776,1.615701,-1.000000
1.030000,1.048844,-0.133874,-4.720256,2.387852,2.397369,1.625968,-1.000000
1.032000,-0.046233,1.189469,-4.560874,2.404839,2.402376,1.636037,-1.000000
1.034000,-0.048359,1.210892,-4.554473,2.406147,2.394011,1.641732,-1.000000
1.036000,1.299996,-0.404197,-4.848960,2.407229,2.385675,1.647302,-1.000000
1.038000,1.443440,-0.446502,-5.669563,2.427657,2.393624,1.657861,-1.000000
1.040000,0.079636,1.199345,-5.318767,2.448410,2.395686,1.670299,-1.000000
1.042000,1.500379,-0.503905,-5.618379,2.449926,2.382266,1.677413,-1.000000
1.044000,1.287231,-0.329891,-5.094462,2.472068,2.386738,1.689613,-1.000000
1.046000,-0.022105,1.258963,-4.795368,2.492837,2.393967,1.699996,-1.000000
1.048000,-0.002301,1.279840,-4.784087,2.494597,2.385223,1.705544,-1.000000
1.050000,1.530924,-0.577071,-5.252945,2.495996,2.376802,1.711059,-1.000000
1.052000,1.449579,-0.471313,-5.302780,2.519972,2.386863,1.721911,-1.000000
1.054000,0.020413,1.287420,-4.895255,2.542925,2.395703,1.732460,-1.000000
0.002000,0.000200,0.000012,0.017692,0.000000,0.000000,0.000000,1.456662
0.004000,0.000171,0.000010,0.018553,-0.000000,0.000002,0.000000,1.456606
0.006000,-3.466061,3.701666,-0.211105,-0.000000,0.000003,0.000000,1.456496
0.008000,-3.452269,3.693530,-0.207776,-0.008995,-0.010276,0.000239,1.456296
0.010000,-3.438822,3.685458,-0.204614,-0.017951,-0.020443,0.000416,1.456009
0.012000,-3.425706,3.677457,-0.201613,-0.026869,-0.030501,0.000534,1.455634
0.014000,-3.412911,3.669534,-0.198766,-0.035750,-0.040454,0.000596,1.455172
0.016000,-3.400422,3.661692,-0.196065,-0.044594,-0.050306,0.000606,1.454623
0.018000,-3.387892,3.653250,-0.193496,-0.053401,-0.060061,0.000565,1.453988
0.020000,-3.273795,0.579949,4.968487,-0.062173,-0.069721,0.000508,1.453266
0.022000,0.996552,-4.420140,15.514246,-0.044182,-0.080092,-0.002498,1.452487
0.024000,-1.977949,3.242771,21.714796,-0.005060,-0.075227,-0.006105,1.451757
0.026000,-2.053744,2.956234,20.587942,-0.010068,-0.076658,-0.005854,1.451090
0.028000,-2.086107,2.145265,20.070928,-0.011828,-0.078308,-0.005526,1.450479
0.030000,-2.115722,2.795880,19.431825,-0.006974,-0.080067,-0.005990,1.449921
0.032000,-2.195179,1.463346,19.162751,-0.008479,-0.082057,-0.005758,1.449411
0.034000,-2.263255,2.451298,18.633249,0.000490,-0.084970,-0.006810,1.448946
0.036000,-2.414550,4.672862,15.371018,-0.000354,-0.088849,-0.006679,1.448520
0.038000,-2.567051,2.694339,12.248104,-0.021772,-0.093263,-0.005245,1.448110
0.040000,0.902235,-0.592015,11.754379,-0.026713,-0.098216,-0.005213,1.447699
0.042000,-2.643914,2.712398,10.997879,-0.025763,-0.093191,-0.005823,1.447315
0.044000,-2.924935,4.476784,8.697264,-0.030859,-0.098646,-0.005457,1.446921
0.046000,-2.862409,1.184921,9.107232,-0.049613,-0.106730,-0.005000,1.446495
0.048000,-2.643547,2.618113,10.524995,-0.039738,-0.114422,-0.006502,1.446043
0.050000,-2.433390,3.305185,14.191154,-0.044155,-0.120013,-0.006161,1.445578
0.052000,-2.541278,2.491566,12.135306,-0.049330,-0.124618,-0.005759,1.445125
0.054000,-2.579852,2.565393,11.423009,-0.046089,-0.129557,-0.006438,1.444670
0.056000,-2.612975,2.631832,10.805900,-0.043539,-0.134709,-0.007092,1.444209
0.058000,0.865205,-0.574109,10.512840,-0.041605,-0.140045,-0.007724,1.443738
0.060000,-2.650013,3.052136,10.166750,-0.034504,-0.135298,-0.009191,1.443286
0.062000,-2.638176,2.681750,10.171363,-0.036412,-0.140815,-0.009400,1.442820
0.064000,-2.432756,1.972074,13.126867,-0.035131,-0.146169,-0.010006,1.442340
0.066000,-2.477988,1.497009,14.126067,-0.029220,-0.150100,-0.011137,1.441868
0.068000,-2.566807,3.295041,11.825186,-0.021305,-0.155245,-0.012465,1.441406
0.070000,-2.660928,2.239967,9.963579,-0.030358,-0.160613,-0.011845,1.440939
0.072000,-2.683484,2.298227,9.524066,-0.030622,-0.166303,-0.012347,1.440456
0.074000,-2.701451,2.347630,9.152979,-0.031445,-0.172145,-0.012786,1.439955
0.076000,0.605237,0.683571,7.378576,-0.032750,-0.178100,-0.013173,1.439432
0.078000,-2.883935,1.164210,7.708612,-0.041383,-0.175795,-0.013163,1.438903
0.080000,-2.707556,2.420350,9.004471,-0.031323,-0.183455,-0.014846,1.438341
0.082000,-2.719552,2.453359,8.732737,-0.033438,-0.189544,-0.015108,1.437756
0.084000,-2.515900,2.051532,12.627931,-0.035891,-0.195684,-0.015340,1.437148
0.086000,-2.602577,2.652383,11.234180,-0.031168,-0.200934,-0.016380,1.436541
0.088000,-2.671399,2.285665,9.959283,-0.030631,-0.206694,-0.017127,1.435926
0.090000,-2.693565,2.446950,9.505439,-0.026134,-0.212714,-0.018380,1.435295
0.092000,-2.729736,2.648830,8.622727,-0.023080,-0.218866,-0.019469,1.434644
0.094000,-2.719675,2.923850,8.636736,-0.021842,-0.225196,-0.020231,1.433970
0.096000,0.962083,-0.959937,10.763433,-0.023105,-0.231418,-0.020738,1.433271
0.098000,-2.565041,1.395233,12.516846,-0.013828,-0.225781,-0.022762,1.432596
0.100000,-2.629870,0.603166,10.999389,-0.004575,-0.231609,-0.024413,1.431920
0.102000,-2.723497,2.292233,8.834159,0.011262,-0.237518,-0.026834,1.431235
0.104000,-2.888743,1.294244,7.200536,0.010834,-0.243814,-0.027476,1.430527
0.106000,-2.731603,2.636094,8.619633,0.019858,-0.251418,-0.029077,1.429783
0.108000,-2.661033,4.096546,10.088358,0.016213,-0.257925,-0.029271,1.429015
0.110000,-2.823475,5.270007,8.127123,0.000456,-0.264395,-0.027965,1.428230
0.112000,0.874900,0.276210,9.839990,-0.024023,-0.272089,-0.025950,1.427413
0.114000,0.935223,-1.510965,11.353909,-0.028502,-0.267660,-0.026389,1.426611
0.116000,0.868384,-0.309825,10.197283,-0.015111,-0.262779,-0.028934,1.425833
0.118000,0.856801,0.239187,10.461340,-0.011578,-0.258309,-0.030285,1.425072
0.120000,0.826752,0.323830,10.162399,-0.013449,-0.254091,-0.030948,1.424328
0.122000,0.799823,0.399660,9.911229,-0.016021,-0.250056,-0.031513,1.423598
0.124000,0.817874,-0.388690,10.380821,-0.019211,-0.246189,-0.031991,1.422881
0.126000,0.812545,-0.820510,10.566512,-0.015520,-0.242100,-0.033258,1.422180
0.128000,0.779701,-1.028192,9.987600,-0.008192,-0.238022,-0.034926,1.421497
0.130000,0.764402,-1.679315,10.466913,0.001414,-0.233991,-0.036846,1.420827
0.132000,0.692967,-0.093207,9.029310,0.016025,-0.230295,-0.039322,1.420174
0.134000,0.690772,0.419143,9.416665,0.015616,-0.227003,-0.039937,1.419526
0.136000,0.671057,0.499758,9.259647,0.010244,-0.223938,-0.039908,1.418885
0.138000,0.653309,0.570892,9.131625,0.004193,-0.221030,-0.039778,1.418251
0.140000,0.505391,1.596203,7.548156,-0.002450,-0.218263,-0.039559,1.417621
0.142000,0.633549,0.146920,8.858992,-0.016826,-0.216797,-0.038497,1.416983
0.144000,0.694029,-1.749047,10.617098,-0.019176,-0.214051,-0.038775,1.416348
0.146000,0.681673,-0.435913,10.333197,-0.003099,-0.211009,-0.041273,1.415728
0.148000,0.662609,-0.340202,10.151558,0.001489,-0.208088,-0.042321,1.415120
0.150000,0.645115,-0.238116,9.983788,0.005326,-0.205280,-0.043259,1.414523
0.152000,0.629261,-0.145092,9.843387,0.008302,-0.202575,-0.044072,1.413935
0.154000,0.606339,-0.391504,9.328244,0.010506,-0.199964,-0.044770,1.413356
0.156000,0.597856,-0.267336,9.293064,0.015386,-0.197316,-0.045787,1.412783
0.158000,0.589720,-0.155954,9.266012,0.019242,-0.194703,-0.046655,1.412214
0.160000,0.598291,-0.519181,9.636742,0.022190,-0.192125,-0.047390,1.411651
0.162000,0.599420,0.024369,10.085796,0.028282,-0.189466,-0.048479,1.411095
0.164000,0.583396,-0.653020,10.473868,0.029052,-0.187009,-0.048879,1.410549
0.166000,0.525546,0.677168,9.242539,0.035222,-0.184901,-0.049916,1.410012
0.168000,0.512027,0.734638,9.137622,0.028593,-0.183124,-0.049363,1.409478
0.170000,0.489418,0.447253,8.577908,0.021482,-0.181467,-0.048725,1.408946
0.172000,0.483731,0.540825,8.585544,0.017362,-0.179786,-0.048463,1.408411
0.174000,0.478368,0.635657,8.600229,0.012471,-0.178150,-0.048082,1.407875
0.176000,0.472923,0.730847,8.629142,0.006798,-0.176555,-0.047584,1.407337
0.178000,0.376784,2.265017,8.495455,0.000388,-0.175005,-0.046980,1.406797
0.180000,0.547553,-0.460321,10.731170,-0.019204,-0.174779,-0.044765,1.406251
0.182000,0.506188,0.251397,10.036369,-0.013069,-0.173000,-0.045734,1.405715
0.184000,0.491373,0.356987,9.862389,-0.012986,-0.171514,-0.045933,1.405185
0.186000,0.468241,0.081347,9.230360,-0.013816,-0.170102,-0.046004,1.404660
0.188000,0.461348,0.225867,9.187430,-0.011702,-0.168619,-0.046464,1.404137
0.190000,0.493506,-0.450656,9.853878,-0.010804,-0.167156,-0.046757,1.403615
0.192000,0.485144,-0.311208,9.780750,-0.003876,-0.165368,-0.047789,1.403099
0.194000,0.476838,-0.173596,9.726275,0.001858,-0.163617,-0.048651,1.402588
0.196000,0.499351,-0.124307,10.722243,0.006462,-0.161907,-0.049352,1.402082
0.198000,0.482582,-0.071773,10.518984,0.009961,-0.160259,-0.049874,1.401586
0.200000,0.464028,-0.859062,10.958115,0.013000,-0.158734,-0.050325,1.401099
0.202000,0.444502,-0.684799,10.674564,0.022317,-0.157641,-0.051561,1.400622
0.204000,0.420440,-0.941108,9.984566,0.030058,-0.156713,-0.052569,1.400152
0.206000,0.410113,-0.741115,9.855279,0.040478,-0.155766,-0.053904,1.399688
0.208000,0.400933,-0.561609,9.751167,0.049154,-0.154896,-0.054988,1.399226
0.210000,0.392710,-0.400439,9.668656,0.056282,-0.154094,-0.055851,1.398767
0.212000,0.393389,0.273852,10.184076,0.062038,-0.153351,-0.056518,1.398310
0.214000,0.380110,0.309240,10.028359,0.061366,-0.152851,-0.056338,1.397857
0.216000,0.371895,0.795930,9.559662,0.060428,-0.152454,-0.056119,1.397406
0.218000,0.358405,0.311579,9.001694,0.055579,-0.151933,-0.055385,1.396956
0.220000,0.357513,0.357120,9.064421,0.055583,-0.151262,-0.055295,1.396504
0.222000,0.356273,0.401112,9.124667,0.055312,-0.150577,-0.055158,1.396050
0.224000,0.361772,0.969653,9.789207,0.054779,-0.149882,-0.054975,1.395594
0.226000,0.353031,0.912063,9.724615,0.048807,-0.149395,-0.054050,1.395140
0.228000,0.334493,-0.196977,9.601589,0.043451,-0.148968,-0.053195,1.394687
0.230000,0.328271,-0.074423,9.556528,0.048014,-0.148680,-0.053690,1.394235
0.232000,0.322515,0.037054,9.522756,0.051557,-0.148444,-0.054031,1.393781
0.234000,0.322876,0.678824,10.093440,0.054184,-0.148254,-0.054236,1.393328
0.236000,0.315960,1.137742,9.612388,0.050705,-0.148319,-0.053599,1.392876
0.238000,0.304407,0.599355,9.015898,0.043528,-0.148246,-0.052460,1.392423
0.240000,0.303697,0.625747,9.084352,0.041694,-0.148001,-0.052079,1.391967
0.242000,0.307340,1.167310,9.754211,0.039764,-0.147743,-0.051684,1.391509
0.244000,0.295420,0.607474,9.127482,0.032666,-0.147701,-0.050542,1.391050
0.246000,0.292856,0.513582,10.245099,0.031103,-0.147491,-0.050213,1.390588
0.248000,0.277371,0.046239,9.561542,0.029628,-0.147791,-0.049820,1.390129
0.250000,0.272050,0.140760,9.531641,0.032761,-0.147984,-0.050116,1.389668
0.252000,0.270386,0.749055,10.093922,0.035129,-0.148220,-0.050305,1.389205
0.254000,0.264751,1.213732,9.594485,0.031711,-0.148720,-0.049650,1.388743
0.256000,0.256712,0.683783,9.017054,0.024504,-0.149069,-0.048480,1.388279
0.258000,0.256372,0.690557,9.094272,0.022538,-0.149225,-0.048080,1.387811
0.260000,0.255589,0.695717,9.167615,0.020660,-0.149365,-0.047697,1.387339
0.262000,0.248468,0.086908,9.721767,0.018883,-0.149494,-0.047331,1.386863
0.264000,0.244183,0.722420,10.291040,0.022288,-0.149916,-0.047665,1.386386
0.266000,0.238483,1.226015,9.732966,0.019647,-0.150635,-0.047106,1.385910
0.268000,0.232147,1.130014,9.680355,0.012854,-0.151191,-0.045985,1.385433
0.270000,0.220011,0.015740,9.581772,0.007012,-0.151785,-0.044990,1.384954
0.272000,0.215071,0.104163,9.550123,0.011222,-0.152479,-0.045412,1.384472
0.274000,0.216440,0.706855,9.113756,0.014717,-0.153213,-0.045746,1.383987
0.276000,0.215739,0.708129,9.185556,0.013236,-0.153717,-0.045414,1.383498
0.278000,0.214606,0.708598,9.252561,0.011892,-0.154209,-0.045103,1.383004
0.280000,0.211802,1.248084,9.965795,0.010689,-0.154694,-0.044815,1.382507
0.282000,0.197425,0.536439,10.339338,0.004358,-0.155454,-0.043751,1.382009
0.284000,0.186737,0.532052,10.170174,0.004102,-0.156575,-0.043495,1.381511
0.286000,0.179373,0.078121,9.517110,0.003887,-0.157794,-0.043245,1.381012
0.288000,0.181841,0.664851,9.094147,0.008084,-0.158859,-0.043658,1.380509
0.290000,0.181243,0.670219,9.162165,0.007424,-0.159683,-0.043426,1.380001
0.292000,0.180231,0.675477,9.225886,0.006864,-0.160494,-0.043211,1.379488
0.294000,0.175037,1.206504,9.918879,0.006401,-0.161298,-0.043012,1.378970
0.296000,0.160708,0.526358,10.276305,0.000919,-0.162386,-0.042053,1.378450
0.298000,0.154904,0.058745,9.583622,0.001246,-0.163839,-0.041858,1.377929
0.300000,0.150287,0.150704,9.545911,0.006084,-0.165128,-0.042343,1.377404
0.302000,0.148219,1.218363,9.740782,0.010168,-0.166456,-0.042735,1.376875
0.304000,0.148207,0.660043,9.112232,0.004695,-0.167824,-0.041773,1.376343
0.306000,0.147380,0.669908,9.174918,0.004642,-0.168951,-0.041607,1.375804
0.308000,0.139932,1.188372,9.846270,0.004646,-0.170070,-0.041452,1.375260
0.310000,0.140467,0.622215,9.199756,-0.000217,-0.171481,-0.040561,1.374712
0.312000,0.129909,0.048943,9.715128,0.000395,-0.172653,-0.040475,1.374159
0.314000,0.117538,0.679070,10.250065,0.005919,-0.174178,-0.041029,1.373602
0.316000,0.108641,0.668362,10.080661,0.005510,-0.176044,-0.040712,1.373043
0.318000,0.116056,0.678150,9.038963,0.005183,-0.177995,-0.040406,1.372481
0.320000,0.115489,0.692486,9.101692,0.005355,-0.179449,-0.040249,1.371912
0.322000,0.114533,0.706807,9.160860,0.005547,-0.180893,-0.040097,1.371335
0.324000,0.113210,0.721072,9.215936,0.005756,-0.182333,-0.039948,1.370753
0.326000,0.101661,1.264376,9.903342,0.005981,-0.183775,-0.039802,1.370163
0.328000,0.086415,0.598561,10.240758,0.001127,-0.185548,-0.038886,1.369571
0.330000,0.077933,0.603761,10.064483,0.001960,-0.187728,-0.038692,1.368976
0.332000,0.079529,0.169513,9.415743,0.002717,-0.189994,-0.038491,1.368377
0.334000,0.075856,0.262435,9.385377,0.007614,-0.192054,-0.038911,1.367771
0.336000,0.081085,0.793413,9.013113,0.011751,-0.194145,-0.039240,1.367158
0.338000,0.080427,0.809376,9.075437,0.011469,-0.195968,-0.039003,1.366538
0.340000,0.079385,0.824372,9.134007,0.011200,-0.197785,-0.038768,1.365909
0.342000,0.077986,0.838354,9.188257,0.010949,-0.199601,-0.038534,1.365273
0.344000,0.064247,1.397030,9.896836,0.010721,-0.201422,-0.038302,1.364630
0.346000,0.059366,1.292022,9.796563,0.005302,-0.203562,-0.037289,1.363982
0.348000,0.054918,1.198909,9.710638,0.000866,-0.205747,-0.036396,1.363329
0.350000,0.039977,0.545590,10.068455,-0.002687,-0.207974,-0.035611,1.362671
0.352000,0.043066,0.148712,9.430324,-0.000644,-0.210630,-0.035519,1.362008
0.354000,0.039057,0.251563,9.384852,0.005148,-0.213113,-0.035983,1.361338
0.356000,0.035331,0.346817,9.349548,0.010076,-0.215635,-0.036347,1.360660
0.358000,0.041513,0.875354,8.976416,0.014217,-0.218194,-0.036618,1.359975
0.360000,0.040590,0.892058,9.035297,0.013941,-0.220465,-0.036337,1.359279
0.362000,0.039309,0.907616,9.090378,0.013675,-0.222737,-0.036056,1.358575
0.364000,0.037699,0.921961,9.141103,0.013425,-0.225016,-0.035774,1.357863
0.366000,0.019258,1.470210,9.835096,0.013199,-0.227308,-0.035491,1.357141
0.368000,0.006193,0.838732,10.129567,0.007920,-0.229950,-0.034445,1.356415
0.370000,0.000065,0.829344,9.948321,0.008060,-0.232974,-0.034047,1.355683
0.372000,0.017470,0.850992,8.922505,0.008231,-0.236067,-0.033653,1.354945
0.374000,0.016451,0.865036,8.976806,0.008638,-0.238636,-0.033399,1.354197
0.376000,0.005454,0.374545,9.425257,0.009076,-0.241211,-0.033147,1.353440
0.378000,0.010647,0.938650,9.008173,0.013800,-0.244136,-0.033403,1.352674
0.380000,-0.000466,0.464033,9.440526,0.013770,-0.246788,-0.033093,1.351898
0.382000,-0.014832,1.522856,9.660145,0.017894,-0.249787,-0.033271,1.351114
0.384000,-0.017714,1.419811,9.564995,0.012572,-0.252866,-0.032174,1.350323
0.386000,-0.002771,0.886965,8.946833,0.008211,-0.255982,-0.031186,1.349524
0.388000,-0.014608,0.391662,9.394442,0.008883,-0.258819,-0.030915,1.348714
0.390000,-0.018538,0.486739,9.341939,0.013892,-0.262034,-0.031147,1.347896
0.392000,-0.012971,1.014510,8.951659,0.018098,-0.265295,-0.031285,1.347068
0.394000,-0.036360,1.532704,9.614458,0.017855,-0.268283,-0.030903,1.346230
0.396000,-0.038824,1.429345,9.517243,0.012898,-0.271650,-0.029803,1.345383
0.398000,-0.031969,0.411040,9.291602,0.008900,-0.275055,-0.028810,1.344528
0.400000,-0.035546,0.503315,9.242633,0.014020,-0.278535,-0.028999,1.343663
0.402000,-0.061991,1.069627,9.752600,0.018364,-0.282058,-0.029100,1.342788
0.404000,-0.067465,1.042725,9.598143,0.017515,-0.285949,-0.028445,1.341905
0.406000,-0.072438,1.019661,9.465798,0.016871,-0.289884,-0.027807,1.341012
0.408000,-0.077002,1.000183,9.352893,0.016417,-0.293857,-0.027185,1.340109
0.410000,-0.081235,0.984021,9.257000,0.016139,-0.297865,-0.026576,1.339196
0.412000,-0.066422,-0.431861,7.827456,0.016022,-0.301903,-0.025980,1.338272
0.414000,-0.068051,-0.430331,7.815180,0.026493,-0.305515,-0.026737,1.337330
0.416000,-0.069708,-0.425764,7.809442,0.036989,-0.309114,-0.027499,1.336370
0.418000,-0.071411,-0.418477,7.808932,0.047491,-0.312705,-0.028260,1.335394
0.420000,-0.073173,-0.408751,7.812517,0.057983,-0.316291,-0.029018,1.334400
0.422000,-0.075003,-0.396836,7.819222,0.068449,-0.319875,-0.029770,1.333389
0.424000,-0.140763,-1.225300,6.850282,0.078877,-0.323459,-0.030513,1.332360
0.426000,-0.144405,-1.278935,6.809069,0.096965,-0.327526,-0.031792,1.331309
0.428000,-0.100545,2.269466,9.946157,0.115515,-0.331648,-0.033054,1.330234
0.430000,-0.102657,2.071844,9.712561,0.107710,-0.335817,-0.031571,1.329152
0.432000,-0.104707,1.895662,9.507140,0.101538,-0.339951,-0.030267,1.328061
0.434000,-0.106720,1.738907,9.326588,0.096838,-0.344056,-0.029124,1.326962
0.436000,-0.108715,1.599743,9.167981,0.093463,-0.348134,-0.028123,1.325852
0.438000,-0.110722,1.478112,9.030433,0.091278,-0.352190,-0.027249,1.324731
0.440000,-0.132179,2.123196,10.152697,0.090148,-0.356228,-0.026485,1.323599
0.442000,-0.139934,2.902680,9.132983,0.083994,-0.360827,-0.025167,1.322460
0.444000,-0.211027,4.081686,8.944103,0.068990,-0.365343,-0.022864,1.321309
0.446000,-0.145315,2.163043,10.358594,0.043411,-0.371022,-0.019140,1.320142
0.448000,-0.191970,3.076128,10.340050,0.037502,-0.375634,-0.017774,1.318970
0.450000,-0.136258,0.984157,8.845983,0.022791,-0.380663,-0.015143,1.317791
0.452000,-0.135972,0.612690,8.880253,0.024162,-0.384935,-0.014463,1.316599
0.454000,-0.145666,0.212318,8.973660,0.028793,-0.389230,-0.014156,1.315396
0.456000,-0.146026,0.145571,8.749018,0.036712,-0.393839,-0.014146,1.314180
0.458000,-0.145747,1.000223,7.445924,0.044999,-0.398452,-0.014187,1.312950
0.460000,-0.176113,-0.373370,5.693988,0.042948,-0.402906,-0.013184,1.311701
0.462000,-0.256615,0.502892,4.263748,0.051790,-0.407291,-0.012870,1.310423
0.464000,-0.143350,0.741360,8.889566,0.051667,-0.412999,-0.011311,1.309107
0.466000,-0.244231,3.108436,11.233288,0.056328,-0.417606,-0.011007,1.307777
0.468000,-0.219395,2.300728,10.996312,0.044275,-0.423338,-0.008671,1.306446
0.470000,-0.206134,2.037872,10.435570,0.039361,-0.428727,-0.007135,1.305111
0.472000,-0.206397,1.919967,10.112574,0.036612,-0.434018,-0.005907,1.303770
0.474000,-0.205486,1.529783,10.069361,0.034587,-0.439310,-0.004751,1.302422
0.476000,-0.205803,1.453430,9.787096,0.035828,-0.444614,-0.003958,1.301067
0.478000,-0.216853,1.053181,9.798929,0.037436,-0.449926,-0.003202,1.299703
0.480000,-0.219289,1.860815,8.762529,0.042075,-0.455662,-0.002656,1.298330
0.482000,-0.219515,1.836996,8.568674,0.037367,-0.461305,-0.001197,1.296942
0.484000,-0.220752,1.816124,8.413971,0.032660,-0.466933,0.000275,1.295539
0.486000,-0.301444,3.115002,7.758558,0.028035,-0.472546,0.001761,1.294120
0.488000,-0.236854,1.869097,8.707716,0.011049,-0.479479,0.004812,1.292678
0.490000,-0.270389,2.125635,8.937909,0.006147,-0.485222,0.006370,1.291222
0.492000,-0.191429,0.737088,7.217406,-0.001422,-0.491251,0.008389,1.289752
0.494000,-0.195554,-0.595724,8.703758,0.000016,-0.496544,0.009359,1.288261
0.496000,-0.181644,-0.346409,8.238805,0.017244,-0.502107,0.008944,1.286756
0.498000,-0.174695,-1.064931,6.014950,0.032158,-0.507378,0.008683,1.285236
0.500000,-0.172270,-1.036458,5.860756,0.051244,-0.512342,0.008457,1.283690
0.502000,-0.316683,2.498517,9.661489,0.069884,-0.517295,0.008284,1.282118
0.504000,-0.286858,2.039990,9.302454,0.063125,-0.523894,0.010097,1.280534
0.506000,-0.275883,1.180579,9.758802,0.060440,-0.530190,0.011492,1.278940
0.508000,-0.268979,1.577333,8.670349,0.065819,-0.536393,0.012068,1.277336
0.510000,-0.267630,1.580129,8.435989,0.064874,-0.542791,0.013220,1.275717
0.512000,-0.266387,1.580827,8.232583,0.063586,-0.549182,0.014425,1.274083
0.514000,-0.329355,2.654317,7.019714,0.062024,-0.555564,0.015677,1.272432
0.516000,-0.282694,1.623933,8.443169,0.049551,-0.563165,0.018291,1.270755
0.518000,-0.282359,0.429386,9.401614,0.047804,-0.569640,0.019631,1.269064
0.520000,-0.276027,0.641519,8.996962,0.059620,-0.576366,0.019867,1.267361
0.522000,-0.272654,0.819450,8.653998,0.069264,-0.582938,0.020256,1.265645
0.524000,-0.303703,1.066688,8.749314,0.077104,-0.589399,0.020773,1.263916
0.526000,-0.298921,1.032106,8.500033,0.082266,-0.596089,0.021686,1.262173
0.528000,-0.214998,0.026819,7.308820,0.087420,-0.602792,0.022602,1.260415
0.530000,-0.213498,-0.150953,7.393300,0.099018,-0.608843,0.022850,1.258637
0.532000,-0.219625,-0.321192,7.462173,0.112183,-0.614944,0.022943,1.256841
0.534000,-0.204819,0.482401,6.320564,0.126515,-0.621404,0.023008,1.255026
0.536000,-0.211405,0.324774,3.412473,0.130641,-0.627557,0.023809,1.253187
0.538000,-0.223742,-0.293381,7.899149,0.131920,-0.634225,0.025640,1.251308
0.540000,-0.212106,-0.099178,7.532374,0.147261,-0.640714,0.025558,1.249412
0.542000,-0.354316,1.557322,8.974904,0.160654,-0.646914,0.025555,1.247500
0.544000,-0.327226,1.410217,8.550885,0.163041,-0.654178,0.026725,1.245575
0.546000,-0.289698,1.010551,7.909922,0.166693,-0.661319,0.027732,1.243636
0.548000,-0.283263,0.962986,7.702240,0.173242,-0.668234,0.028482,1.241681
0.550000,-0.277367,0.919753,7.522133,0.179944,-0.675141,0.029228,1.239708
0.552000,-0.274033,0.912531,7.382680,0.186807,-0.682039,0.029969,1.237718
0.554000,-0.323288,1.243893,7.962279,0.193652,-0.688934,0.030730,1.235709
0.556000,-0.344032,1.450019,8.022414,0.197969,-0.696610,0.031783,1.233683
0.558000,-0.364302,2.120438,7.451917,0.200329,-0.704481,0.033063,1.231641
0.560000,-0.247424,1.063184,6.177320,0.194243,-0.712353,0.035177,1.229579
0.562000,-0.236496,1.001579,6.066043,0.194311,-0.719394,0.036667,1.227493
0.564000,-0.226564,0.947544,5.972520,0.194752,-0.726333,0.038152,1.225383
0.566000,-0.178866,0.424332,3.200783,0.195532,-0.733178,0.039632,1.223249
0.568000,-0.229745,0.944525,6.378205,0.196147,-0.740073,0.041985,1.221077
0.570000,-0.364752,1.611038,8.283121,0.198059,-0.746915,0.043335,1.218884
0.572000,-0.344970,1.522569,7.882767,0.201667,-0.754699,0.044946,1.216677
0.574000,-0.337373,1.487918,7.613678,0.205754,-0.762478,0.046436,1.214454
0.576000,-0.329796,1.455022,7.374794,0.209688,-0.770278,0.047946,1.212215
0.578000,-0.322436,1.414801,7.175597,0.213522,-0.778086,0.049474,1.209958
0.580000,-0.313107,1.006007,7.405333,0.217459,-0.785902,0.051015,1.207682
0.582000,-0.308511,0.808385,7.404471,0.225519,-0.793643,0.052184,1.205390
0.584000,-0.330519,0.789221,7.545413,0.235217,-0.801492,0.053227,1.203081
0.586000,-0.339359,1.372588,6.909245,0.244480,-0.810031,0.054529,1.200755
0.588000,-0.230309,0.641856,5.911868,0.245849,-0.818467,0.056494,1.198410
0.590000,-0.217639,0.635374,5.767126,0.250858,-0.826163,0.058049,1.196041
0.592000,-0.089036,-0.561175,4.234785,0.255644,-0.833747,0.059616,1.193649
0.594000,-0.251992,1.639483,4.637273,0.267589,-0.840114,0.061084,1.191228
0.596000,-0.334736,1.554074,6.893493,0.261319,-0.848629,0.063649,1.188778
0.598000,-0.319186,0.720785,7.449468,0.261869,-0.856922,0.065708,1.186309
0.600000,-0.293304,0.751545,7.030939,0.272786,-0.865493,0.067158,1.183825
0.602000,-0.283722,0.752959,6.807753,0.283176,-0.873851,0.068506,1.181323
0.604000,-0.270780,0.822542,6.537272,0.293124,-0.882192,0.069856,1.178803
0.606000,-0.278160,0.914966,6.484492,0.302204,-0.890351,0.071211,1.176265
0.608000,-0.267883,0.906015,6.312002,0.310144,-0.898576,0.072696,1.173708
0.610000,-0.257219,0.895542,6.152788,0.317852,-0.906762,0.074196,1.171132
0.612000,-0.271102,0.847344,6.258150,0.325383,-0.914900,0.075710,1.168537
0.614000,-0.187070,0.245749,5.714858,0.332949,-0.923216,0.077386,1.165922
0.616000,-0.406891,2.035662,6.925542,0.343581,-0.931367,0.078855,1.163286
0.618000,-0.399416,0.613281,8.164600,0.338051,-0.941070,0.081518,1.160632
0.620000,-0.444284,2.290253,5.646557,0.347077,-0.951333,0.083249,1.157966
0.622000,-0.356218,0.203944,7.846249,0.336339,-0.961897,0.085916,1.155275
0.624000,-0.342858,0.277941,7.421053,0.349197,-0.972251,0.087483,1.152570
0.626000,-0.324989,0.305845,7.082611,0.360931,-0.982557,0.089049,1.149851
0.628000,-0.306932,0.332067,6.777374,0.372018,-0.992822,0.090641,1.147115
0.630000,-0.288863,0.356899,6.502520,0.382508,-1.003023,0.092259,1.144363
0.632000,-0.271033,0.381419,6.256064,0.392452,-1.013140,0.093901,1.141592
0.634000,-0.253525,0.405592,6.034849,0.401887,-1.023157,0.095569,1.138803
0.636000,-0.236384,0.429236,5.835852,0.410851,-1.033064,0.097262,1.135994
0.638000,-0.219646,0.452208,5.656440,0.419377,-1.042851,0.098982,1.133166
0.640000,-0.203460,0.474904,5.494940,0.427499,-1.052512,0.100728,1.130319
0.642000,-0.187875,0.497292,5.349464,0.435245,-1.062044,0.102501,1.127451
0.644000,-0.172845,0.518986,5.217954,0.442641,-1.071446,0.104301,1.124563
0.646000,-0.158326,0.539669,5.098637,0.449715,-1.080719,0.106130,1.121655
0.648000,-0.144273,0.559086,4.989983,0.456495,-1.089863,0.107987,1.118726
0.650000,-0.130642,0.577049,4.890664,0.463008,-1.098881,0.109873,1.115777
0.652000,-0.117392,0.593425,4.799522,0.469282,-1.107775,0.111788,1.112808
0.654000,-0.104482,0.608137,4.715543,0.475345,-1.116549,0.113733,1.109819
0.656000,-0.091872,0.621116,4.637882,0.481222,-1.125205,0.115706,1.106809
0.658000,-0.079496,0.631809,4.566550,0.486940,-1.133748,0.117708,1.103780
0.660000,-0.067320,0.640312,4.500757,0.492529,-1.142181,0.119739,1.100730
0.662000,-0.055325,0.646905,4.439575,0.498020,-1.150508,0.121798,1.097661
0.664000,-0.043498,0.651769,4.382317,0.503437,-1.158734,0.123885,1.094573
0.666000,-0.031811,0.655252,4.328133,0.508802,-1.166862,0.126000,1.091465
0.668000,-0.020239,0.657659,4.276304,0.514132,-1.174896,0.128143,1.088338
0.670000,-0.008754,0.659250,4.226246,0.519441,-1.182839,0.130312,1.085192
0.672000,0.002667,0.660239,4.177486,0.524738,-1.190696,0.132509,1.082027
0.674000,0.014048,0.660803,4.129647,0.530030,-1.198469,0.134733,1.078843
0.676000,0.025410,0.661087,4.082431,0.535319,-1.206159,0.136984,1.075641
0.678000,0.036773,0.661211,4.035611,0.540609,-1.213770,0.139261,1.072420
0.680000,0.048156,0.661266,3.989011,0.545900,-1.221303,0.141565,1.069182
0.682000,0.077376,0.657129,3.940654,0.551189,-1.228759,0.143896,1.065925
0.684000,0.095508,0.655381,3.893691,0.556490,-1.235894,0.146217,1.062651
0.686000,0.106214,0.655390,3.847525,0.561791,-1.242863,0.148550,1.059359
0.688000,0.117031,0.655594,3.801273,0.567083,-1.249768,0.150913,1.056051
0.690000,0.328435,-0.278171,2.651810,0.572364,-1.256611,0.153304,1.052725
0.692000,0.115432,0.784579,3.870589,0.582073,-1.261966,0.155410,1.049379
0.694000,0.128171,0.770649,3.802804,0.586795,-1.268771,0.157846,1.046017
0.696000,0.141011,0.758492,3.737447,0.591552,-1.275522,0.160314,1.042639
0.698000,0.153985,0.747787,3.674085,0.596335,-1.282215,0.162815,1.039245
0.700000,0.331661,0.195415,2.887817,0.601133,-1.288844,0.165347,1.035835
0.702000,0.162723,0.813154,3.669178,0.608925,-1.294371,0.166786,1.032407
0.704000,0.176999,0.796639,3.597125,0.613315,-1.300818,0.169457,1.028963
0.706000,0.191480,0.781831,3.527553,0.617739,-1.307212,0.172157,1.025504
0.708000,0.206128,0.768640,3.460368,0.622187,-1.313544,0.174887,1.022029
0.710000,0.220907,0.756998,3.395495,0.626651,-1.319809,0.177645,1.018538
0.712000,0.235780,0.746836,3.332865,0.631121,-1.326000,0.180432,1.015032
0.714000,0.250719,0.738085,3.272399,0.635588,-1.332112,0.183248,1.011510
0.716000,-2.503851,13.253130,12.821194,0.640044,-1.338140,0.186092,1.007973
0.718000,-2.276756,11.979754,11.732510,0.462308,-1.392104,0.200412,1.004398
0.720000,-2.026485,10.303130,10.547828,0.304674,-1.440773,0.213128,1.000790
0.722000,-1.851787,9.256201,9.591432,0.165137,-1.484634,0.223917,0.997152
0.724000,-1.689559,8.302343,8.701044,0.041856,-1.524805,0.233484,0.993487
0.726000,-1.579552,8.127760,8.144544,-0.067008,-1.561712,0.241995,0.989798
0.728000,-1.422904,7.284702,7.388588,-0.163336,-1.595907,0.250923,0.986087
0.730000,-1.276498,6.535824,6.722596,-0.248170,-1.627309,0.258993,0.982357
0.732000,-1.135139,5.857126,6.121253,-0.322871,-1.656121,0.266361,0.978610
0.734000,-0.999359,5.242624,5.577543,-0.388516,-1.682521,0.273138,0.974847
0.736000,-0.870760,4.689838,5.092530,-0.446066,-1.706689,0.279414,0.971071
0.738000,-0.750393,4.195168,4.663783,-0.496404,-1.728800,0.285267,0.967283
0.740000,-0.709125,3.499296,4.314764,-0.540337,-1.749031,0.290762,0.963484
0.742000,-0.596424,3.045390,3.745538,-0.578279,-1.767665,0.298627,0.959675
0.744000,-0.503903,2.729642,3.448800,-0.610862,-1.785309,0.305152,0.955856
0.746000,0.087278,2.358018,2.378537,-0.639148,-1.801600,0.311166,0.952027
0.748000,0.189222,2.029446,2.269620,-0.663257,-1.811345,0.320200,0.948191
0.750000,0.278440,1.741729,2.184175,-0.683068,-1.819314,0.328852,0.944349
0.752000,0.697969,0.442134,0.809202,-0.699078,-1.825722,0.337159,0.940501
0.754000,0.354082,1.447455,2.230113,-0.701710,-1.823768,0.343755,0.936650
0.756000,-0.280732,1.663126,3.547743,-0.713093,-1.828892,0.351583,0.932796
0.758000,-0.223385,1.510456,3.330022,-0.725060,-1.840391,0.357041,0.928938
0.760000,-0.169069,1.376585,3.134460,-0.735303,-1.851474,0.362272,0.925078
0.762000,-0.116889,1.258224,2.957763,-0.744048,-1.862159,0.367302,0.921214
0.764000,-0.056366,1.049255,2.469930,-0.751484,-1.872461,0.372160,0.917347
0.766000,-0.027620,1.090904,2.713172,-0.757157,-1.883104,0.375544,0.913474
0.768000,0.106542,0.632212,1.942532,-0.762627,-1.892573,0.380254,0.909599
0.770000,0.042043,0.994732,2.553520,-0.766365,-1.901345,0.384325,0.905717
0.772000,0.080724,0.923345,2.432731,-0.770400,-1.910298,0.388829,0.901832
0.774000,0.493680,0.651873,1.682873,-0.773763,-1.919012,0.393227,0.897944
0.776000,0.525279,0.603340,1.653765,-0.774902,-1.922929,0.398437,0.894052
0.778000,0.552017,0.564737,1.629548,-0.775582,-1.926373,0.403571,0.890158
0.780000,0.574539,0.534460,1.609416,-0.775921,-1.929423,0.408645,0.886261
0.782000,0.151243,0.610395,2.070096,-0.776016,-1.932145,0.413674,0.882361
0.784000,0.595693,0.191389,1.186118,-0.776530,-1.941454,0.416493,0.878456
0.786000,0.143430,0.703086,2.372980,-0.773352,-1.945152,0.420833,0.874546
0.788000,0.167509,0.681168,2.252030,-0.774585,-1.954106,0.425158,0.870632
0.790000,0.191300,0.660919,2.142136,-0.775795,-1.963007,0.429430,0.866715
0.792000,0.214725,0.641995,2.042165,-0.776989,-1.971832,0.433659,0.862793
0.794000,0.237554,0.624329,1.951269,-0.778175,-1.980564,0.437858,0.858868
0.796000,0.259541,0.608000,1.868669,-0.779358,-1.989189,0.442034,0.854938
0.798000,0.337517,0.141999,0.987563,-0.780545,-1.997702,0.446196,0.851004
0.800000,0.281115,0.662428,1.852954,-0.780584,-2.005988,0.447965,0.847061
0.802000,0.562621,0.531816,1.416861,-0.782095,-2.014284,0.452390,0.843115
0.804000,0.604653,0.574229,1.379846,-0.782704,-2.018606,0.457214,0.839165
0.806000,0.623718,0.554717,1.353457,-0.783391,-2.022620,0.461319,0.835212
0.808000,0.323024,0.639241,1.755541,-0.784105,-2.026389,0.465505,0.831255
0.810000,0.719599,0.268350,0.777867,-0.785653,-2.034981,0.469348,0.827294
0.812000,0.325348,0.624843,1.723692,-0.784254,-2.039266,0.473290,0.823327
0.814000,0.274170,0.717812,1.726119,-0.785934,-2.048085,0.477292,0.819355
0.816000,0.365108,0.592932,1.545604,-0.788831,-2.057616,0.481344,0.815380
0.818000,0.381737,0.581682,1.474605,-0.790647,-2.066155,0.485393,0.811399
0.820000,0.485044,0.250277,0.855336,-0.792553,-2.074584,0.489482,0.807415
0.822000,0.626582,0.513256,0.978309,-0.793819,-2.082177,0.493127,0.803423
0.824000,0.642829,0.517196,0.963765,-0.794553,-2.087314,0.496404,0.799427
0.826000,0.389520,0.613541,1.465786,-0.795542,-2.092099,0.499773,0.795425
0.828000,0.349188,0.640021,1.437501,-0.798161,-2.100471,0.504382,0.791419
0.830000,0.371791,0.617567,1.353711,-0.801368,-2.109478,0.508913,0.787409
0.832000,0.435459,0.554940,1.258178,-0.804557,-2.118333,0.513474,0.783394
0.834000,0.684977,0.434845,1.011195,-0.807303,-2.126594,0.518175,0.779374
0.836000,0.835774,0.178639,0.436276,-0.809051,-2.130893,0.523278,0.775351
0.838000,0.522526,0.236551,0.708088,-0.808840,-2.134806,0.528137,0.771321
0.840000,0.681066,0.442089,1.071316,-0.811116,-2.142564,0.532578,0.767286
0.842000,0.418934,0.576190,1.019934,-0.813096,-2.147138,0.537968,0.763246
0.844000,0.431014,0.581548,0.963673,-0.815819,-2.156474,0.541701,0.759200
0.846000,0.707110,0.413478,0.993822,-0.818801,-2.165597,0.545483,0.755149
0.848000,0.474372,0.514733,1.089488,-0.821121,-2.169824,0.551300,0.751093
0.850000,0.493956,0.493130,1.018864,-0.824765,-2.178089,0.556758,0.747034
0.852000,0.748168,0.352260,0.846914,-0.828382,-2.186208,0.562240,0.742969
0.854000,0.597628,0.198965,0.433992,-0.830679,-2.190250,0.568161,0.738901
0.856000,0.522005,0.485792,0.934254,-0.833705,-2.197507,0.573241,0.734825
0.858000,0.771256,0.343150,0.787137,-0.837497,-2.205525,0.578880,0.730745
0.860000,0.547097,0.447034,0.835174,-0.839949,-2.209483,0.584967,0.726661
0.862000,0.950267,0.087514,0.164735,-0.843775,-2.217417,0.590713,0.722572
0.864000,0.739928,0.376460,0.622223,-0.844455,-2.220740,0.596520,0.718476
0.866000,0.554618,0.188029,0.227357,-0.846595,-2.225678,0.601628,0.714375
0.868000,0.555347,0.459356,0.813227,-0.849827,-2.233632,0.605086,0.710264
0.870000,0.801786,0.305644,0.710144,-0.854212,-2.241539,0.611529,0.706149
0.872000,0.578526,0.425247,0.702986,-0.857109,-2.245447,0.618411,0.702029
0.874000,0.595509,0.407245,0.642989,-0.861573,-2.253294,0.624879,0.697904
0.876000,0.838661,0.254085,0.572322,-0.866032,-2.260984,0.631362,0.693774
0.878000,0.857483,0.239358,0.542769,-0.868980,-2.264686,0.638316,0.689639
0.880000,0.624763,0.365755,0.515955,-0.871982,-2.268150,0.645337,0.685499
0.882000,0.640973,0.350508,0.467073,-0.876622,-2.275826,0.651949,0.681353
0.884000,0.727131,0.116359,0.018940,-0.881257,-2.283328,0.658603,0.677201
0.886000,0.738718,0.112592,-0.009695,-0.885407,-2.289832,0.664860,0.673042
0.888000,1.111755,0.010721,-0.052758,-0.889646,-2.296176,0.671151,0.668874
0.890000,0.625705,0.406969,0.470667,-0.891296,-2.293490,0.677541,0.664698
0.892000,0.580041,0.483872,0.318048,-0.896479,-2.301910,0.684598,0.660516
0.894000,0.589108,0.483685,0.275231,-0.901077,-2.311039,0.690482,0.656326
0.896000,0.672926,0.341341,0.334502,-0.905935,-2.319885,0.696436,0.652129
0.898000,0.692884,0.317435,0.285563,-0.911382,-2.327377,0.703852,0.647925
0.900000,0.712375,0.294964,0.239876,-0.916789,-2.334647,0.711309,0.643714
0.902000,0.924390,0.145815,0.251491,-0.922165,-2.341698,0.718815,0.639497
0.904000,0.893879,0.014183,-0.165143,-0.926063,-2.345207,0.726787,0.635273
0.906000,0.956211,0.137550,0.255424,-0.929233,-2.348700,0.732229,0.631039
0.908000,0.972665,0.121091,0.226941,-0.933388,-2.351683,0.740697,0.626798
0.910000,0.749091,0.254499,0.095299,-0.937589,-2.354443,0.749211,0.622550
0.912000,0.764385,0.235768,0.055927,-0.943564,-2.361435,0.757264,0.618295
0.914000,0.842769,0.030965,-0.329357,-0.949502,-2.368221,0.765356,0.614031
0.916000,0.785998,0.227808,0.028838,-0.954971,-2.373972,0.773066,0.609759
0.918000,1.000883,0.074799,0.091660,-0.960904,-2.380474,0.781296,0.605478
0.920000,1.084757,-0.132525,-0.285102,-0.965320,-2.383166,0.790038,0.601189
0.922000,0.801803,0.216872,-0.043770,-0.969337,-2.384736,0.798428,0.596891
0.924000,-0.292394,0.705733,0.491365,-0.975589,-2.391270,0.806866,0.592583
0.926000,0.345148,0.284106,-0.123248,-1.010848,-2.439338,0.873467,0.588342
0.928000,0.170625,0.257700,0.289739,-1.040683,-2.477808,0.935279,0.584159
0.930000,0.392205,-0.108737,0.002793,-1.069404,-2.517217,0.994768,0.580034
0.932000,0.530547,-0.034622,0.070041,-1.095640,-2.552689,1.050619,0.575963
0.934000,0.671403,-0.153243,-0.034970,-1.119623,-2.585046,1.104298,0.571943
0.936000,0.801015,-0.262475,-0.131843,-1.141887,-2.614569,1.155501,0.567973
0.938000,0.914182,-0.355952,-0.219218,-1.162633,-2.641538,1.204534,0.564050
0.940000,1.014795,-0.438310,-0.298984,-1.182106,-2.666266,1.251661,0.560172
0.942000,1.107506,-0.514896,-0.373120,-1.200505,-2.689017,1.297119,0.556337
0.944000,1.192972,-0.586153,-0.441828,-1.217969,-2.709996,1.341135,0.552545
0.946000,1.271516,-0.652331,-0.505434,-1.234621,-2.729384,1.383905,0.548793
0.948000,1.325340,-0.697006,-0.562165,-1.250569,-2.747333,1.425587,0.545082
0.950000,1.378023,-0.567916,-0.971709,-1.266081,-2.764154,1.466283,0.541410
0.952000,1.378752,-0.709299,-1.079029,-1.282957,-2.779145,1.505278,0.537774
0.954000,1.460592,-0.630965,-1.066995,-1.299926,-2.793624,1.542916,0.534174
0.956000,1.482014,-0.870859,-0.650152,-1.316205,-2.806885,1.580558,0.530608
0.958000,1.515103,-0.894450,-0.708208,-1.330252,-2.820540,1.618589,0.527079
0.960000,1.546233,-0.917803,-0.762551,-1.344265,-2.833497,1.656030,0.523587
0.962000,1.575676,-0.941045,-0.813672,-1.358276,-2.845830,1.692965,0.520131
0.964000,1.603659,-0.964389,-0.861821,-1.372319,-2.857607,1.729478,0.516711
0.966000,1.655609,-0.844976,-1.265842,-1.386423,-2.868893,1.765646,0.513327
0.968000,1.683784,-0.875032,-1.301944,-1.402051,-2.878751,1.800809,0.509976
0.970000,1.711193,-0.905175,-1.337045,-1.417746,-2.888251,1.835815,0.506659
0.972000,1.818351,-1.048664,-1.325795,-1.433528,-2.897443,1.870728,0.503375
0.974000,1.792778,-1.242116,-0.900006,-1.449809,-2.904884,1.905981,0.500125
0.976000,1.816007,-1.257786,-0.959658,-1.464494,-2.913677,1.942128,0.496914
0.978000,1.889082,-1.142763,-1.410829,-1.479383,-2.922282,1.978233,0.493741
0.980000,1.913157,-1.173469,-1.445747,-1.495822,-2.929372,2.013596,0.490604
0.982000,1.972934,-1.285765,-1.541672,-1.512397,-2.936400,2.049098,0.487504
0.984000,1.751795,-1.315322,-1.050582,-1.529230,-2.942949,2.084753,0.484441
0.986000,1.966301,-1.505120,-1.184614,-1.544863,-2.953454,2.120683,0.481419
0.988000,2.062384,-1.414090,-1.617943,-1.560708,-2.961349,2.157706,0.478440
0.990000,2.086680,-1.442277,-1.644255,-1.577905,-2.967594,2.194191,0.475502
0.992000,2.111861,-1.470767,-1.674488,-1.595302,-2.973882,2.230959,0.472607
0.994000,2.138161,-1.501528,-1.702133,-1.612910,-2.980264,2.268035,0.469755
0.996000,2.121470,-1.431237,-1.668891,-1.630722,-2.986703,2.305442,0.466948
0.998000,2.104117,-1.395546,-1.723231,-1.648554,-2.993717,2.343244,0.464189
1.000000,2.043843,-1.451633,-1.707543,-1.666401,-3.001706,2.381120,0.461477
1.002000,2.166850,-1.479710,-1.798756,-1.684901,-3.010476,2.418820,0.458815
1.004000,2.290641,-1.663058,-1.837255,-1.703078,-3.018465,2.457547,0.456205
1.006000,2.324993,-1.704262,-1.867061,-1.722101,-3.025866,2.497902,0.453653
1.008000,2.376440,-1.797049,-1.899416,-1.741334,-3.033200,2.538582,0.451161
1.010000,2.229021,-1.670587,-1.842545,-1.760881,-3.040289,2.579592,0.448732
1.012000,2.465823,-1.911189,-1.969730,-1.780685,-3.049710,2.620125,0.446366
1.014000,2.499238,-1.945491,-1.989418,-1.800513,-3.056447,2.662032,0.444068
1.016000,2.534198,-1.982075,-2.009642,-1.820508,-3.063186,2.704309,0.441841
1.018000,2.570708,-2.021189,-2.030316,-1.840663,-3.069916,2.746975,0.439687
1.020000,2.449162,-1.885402,-1.949089,-1.860981,-3.076648,2.790070,0.437610
1.022000,2.683127,-2.133982,-2.083103,-1.881786,-3.085314,2.832783,0.435612
1.024000,2.722701,-2.169956,-2.098556,-1.902507,-3.091413,2.876859,0.433698
1.026000,2.578373,-2.028321,-2.019909,-1.923385,-3.097456,2.921327,0.431873
1.028000,2.823808,-2.288942,-2.159126,-1.944562,-3.105797,2.965333,0.430137
1.030000,2.863590,-2.324259,-2.172876,-1.965622,-3.111422,3.010737,0.428498
1.032000,2.720059,-2.173440,-2.085278,-1.986802,-3.116997,3.056516,0.426961
1.034000,9.275293,-1.652123,5.729441,-2.008298,-3.124873,3.101797,0.425528
1.036000,9.256158,-1.582901,5.090585,-1.926789,-3.202788,3.118269,0.424115
1.038000,8.858672,-0.982677,4.469553,-1.856144,-3.270363,3.136971,0.422731
1.040000,9.214389,-1.372860,3.809330,-1.793346,-3.338141,3.152009,0.421363
1.042000,9.137790,-1.316408,3.314511,-1.738633,-3.390902,3.170898,0.420024
1.044000,9.043828,-1.272220,2.861783,-1.692305,-3.434819,3.191209,0.418719
1.046000,8.932662,-1.238088,2.457141,-1.653685,-3.470351,3.212769,0.417454
1.048000,8.394420,-0.854114,2.223781,-1.622154,-3.498141,3.235396,0.416232
1.050000,8.225945,-0.864144,1.896154,-1.599168,-3.525050,3.257173,0.415056
1.052000,8.527606,-1.333255,1.459174,-1.582471,-3.545849,3.279821,0.413930
1.054000,8.352554,-1.311727,1.222393,-1.569327,-3.553910,3.305382,0.412863
1.056000,7.775583,-0.909081,1.137940,-1.561341,-3.556909,3.331443,0.411860
1.058000,7.602009,-0.945029,0.924727,-1.559913,-3.561280,3.356136,0.410920
1.060000,7.906633,-1.459919,0.574324,-1.562614,-3.561172,3.381378,0.410046
1.062000,7.721329,-1.445911,0.433474,-1.566610,-3.549682,3.409266,0.409249
1.064000,7.146258,-1.045408,0.442332,-1.574026,-3.534822,3.437366,0.408530
1.066000,6.973460,-1.094630,0.299666,-1.586571,-3.522943,3.463938,0.407890
1.068000,6.802470,-1.146060,0.168887,-1.601748,-3.508013,3.490883,0.362969
1.070000,6.632791,-1.198829,0.048354,-1.619261,-3.490338,3.518180,0.358260
1.072000,6.985125,-1.802016,-0.255323,-1.638848,-3.470191,3.545797,0.353860
1.074000,6.788553,-1.776105,-0.316542,-1.657266,-3.439604,3.575998,0.349748
1.076000,6.589341,-1.764946,-0.371136,-1.677567,-3.407666,3.606161,0.345904
1.078000,99.104804,-121.772887,129.211877,-1.699516,-3.374556,3.636303,0.342306
1.080000,86.337525,-105.122833,107.807795,-1.846948,-3.695935,3.365873,0.339092
1.082000,73.766031,-89.179029,89.929583,-1.981907,-3.953694,3.143065,0.336413
0.002000,0.000200,0.000012,0.017692,0.000000,0.000000,0.000000,1.456662
0.004000,0.000171,0.000010,0.018553,-0.000000,0.000002,0.000000,1.456606
0.006000,-0.406725,4.958482,0.108857,-0.000000,0.000003,0.000000,1.456496
0.008000,-0.405605,4.946858,0.109452,-0.012064,-0.000969,0.000039,1.456326
0.010000,-0.404535,4.935019,0.109911,-0.024079,-0.001930,0.000035,1.456099
0.012000,-0.403547,4.923279,0.110257,-0.036045,-0.002881,0.000008,1.455813
0.014000,-0.402625,4.911651,0.110500,-0.047963,-0.003824,-0.000039,1.455468
0.016000,-0.401754,4.900142,0.110648,-0.059835,-0.004759,-0.000102,1.455065
0.018000,-0.400922,4.888761,0.110706,-0.071659,-0.005688,-0.000177,1.454604
0.020000,0.295214,-3.319892,13.926200,-0.083438,-0.006611,-0.000264,1.454085
0.022000,1.237471,-1.193621,21.234601,-0.023402,-0.003651,-0.007948,1.453601
0.024000,0.742257,4.339186,19.961139,-0.016076,0.002941,-0.008872,1.453202
0.026000,0.691379,3.831985,18.908356,-0.024515,0.008174,-0.008359,1.452876
0.028000,0.555214,5.303447,16.870619,-0.027254,0.013502,-0.008634,1.452618
0.030000,0.240628,7.880272,13.760972,-0.046282,0.017900,-0.007150,1.452411
0.032000,0.473089,1.547372,15.711072,-0.085759,0.019261,-0.004751,1.452229
0.034000,0.228931,0.283245,13.115408,-0.069536,0.023190,-0.007480,1.452093
0.036000,0.495315,3.458648,15.713612,-0.040585,0.025020,-0.011721,1.451983
0.038000,0.473257,2.722233,15.496131,-0.039393,0.029146,-0.012741,1.451918
0.040000,0.878111,-1.345175,14.627527,-0.032199,0.033217,-0.014489,1.451899
0.042000,0.414198,2.186488,15.297351,-0.020102,0.038406,-0.016415,1.451923
0.044000,0.359271,2.385100,14.416480,-0.009735,0.041860,-0.018492,1.451989
0.046000,0.227163,4.557391,11.832436,-0.001122,0.044963,-0.020391,1.452091
0.048000,0.218050,5.123496,12.056631,-0.012896,0.047342,-0.020049,1.452211
0.050000,0.179408,5.023912,11.483484,-0.030527,0.049393,-0.019011,1.452349
0.052000,0.145814,4.934259,10.992083,-0.047259,0.051187,-0.018131,1.452501
0.054000,0.116695,4.852346,10.573353,-0.063191,0.052764,-0.017400,1.452664
0.056000,0.422166,1.882813,9.447836,-0.078396,0.054162,-0.016814,1.452835
0.058000,0.157530,3.261029,11.408203,-0.096567,0.055319,-0.015869,1.453007
0.060000,0.127938,3.388460,10.953246,-0.094319,0.056955,-0.017298,1.453193
0.062000,0.102247,3.503877,10.565078,-0.093223,0.058454,-0.018645,1.453390
0.064000,0.068624,3.315906,9.848324,-0.093169,0.059835,-0.019916,1.453595
0.066000,0.053905,3.454525,9.630557,-0.091005,0.061204,-0.021489,1.453805
0.068000,0.105669,2.409878,10.433815,-0.090081,0.062526,-0.022952,1.454019
0.070000,0.121755,1.812897,10.820423,-0.080273,0.064381,-0.025442,1.454242
0.072000,0.105100,1.974461,10.573001,-0.065608,0.066420,-0.028497,1.454477
0.074000,0.557201,-3.039388,11.240789,-0.052423,0.068386,-0.031381,1.454724
0.076000,0.023178,3.434529,9.894914,-0.027111,0.071492,-0.035374,1.454989
0.078000,0.003398,3.569673,9.615315,-0.029662,0.072601,-0.036438,1.455258
0.080000,-0.013462,3.687406,9.382908,-0.033444,0.073544,-0.037361,1.455529
0.082000,-0.027960,3.789883,9.190827,-0.038301,0.074349,-0.038165,1.455800
0.084000,-0.040492,3.879164,9.031979,-0.044097,0.075039,-0.038869,1.456069
0.086000,-0.223383,5.292284,7.130680,-0.050713,0.075635,-0.039493,1.456335
0.088000,-0.045202,3.384113,8.802975,-0.067975,0.074455,-0.039201,1.456582
0.090000,0.054661,0.733187,11.220975,-0.069808,0.075159,-0.040520,1.456825
0.092000,0.508047,-2.118010,10.982615,-0.046416,0.076488,-0.044690,1.457082
0.094000,0.019552,2.561024,10.346956,-0.028970,0.079103,-0.047787,1.457354
0.096000,-0.032276,3.528074,9.465608,-0.021321,0.080178,-0.049898,1.457632
0.098000,-0.058510,3.301362,8.817470,-0.021880,0.080875,-0.051069,1.457911
0.100000,-0.065015,3.466117,8.731479,-0.019919,0.081623,-0.052568,1.458186
0.102000,-0.003418,3.045422,10.049504,-0.019387,0.082377,-0.053932,1.458458
0.104000,-0.016336,3.143119,9.867386,-0.015902,0.083510,-0.055684,1.458735
0.106000,-0.015022,2.165427,9.782458,-0.013270,0.084589,-0.057353,1.459016
0.108000,0.454651,-1.297802,10.240951,-0.001753,0.085951,-0.060136,1.459301
0.110000,0.430839,-2.610388,10.314941,0.008764,0.088577,-0.062599,1.459597
0.112000,0.431857,-1.723100,10.641617,0.030510,0.091033,-0.066282,1.459904
0.114000,0.366361,-0.189471,9.254258,0.043918,0.093258,-0.068886,1.460224
0.116000,0.334802,-0.527942,8.486720,0.042856,0.095058,-0.069847,1.460546
0.118000,0.331371,-0.323541,8.477221,0.045365,0.096840,-0.071230,1.460866
0.120000,0.351100,0.443531,9.234934,0.046149,0.098596,-0.072357,1.461185
0.122000,0.340906,0.528839,9.134363,0.039650,0.100222,-0.072534,1.461505
0.124000,0.331968,0.593275,9.055956,0.032470,0.101764,-0.072587,1.461826
0.126000,0.305265,0.162351,8.331319,0.024797,0.103233,-0.072544,1.462147
0.128000,0.183472,1.352546,7.491828,0.021515,0.104751,-0.073017,1.462465
0.130000,0.421698,-1.456278,11.402064,0.008931,0.104909,-0.072504,1.462769
0.132000,0.377651,-0.048697,10.166986,0.021419,0.106936,-0.074620,1.463090
0.134000,0.346838,-0.382637,9.327399,0.022381,0.108731,-0.075285,1.463418
0.136000,0.341421,-0.162302,9.265258,0.026924,0.110584,-0.076387,1.463750
0.138000,0.355387,0.592725,9.939411,0.029604,0.112446,-0.077262,1.464084
0.140000,0.336401,0.676520,9.780994,0.025054,0.114188,-0.077220,1.464425
0.142000,0.365309,-0.076086,10.320361,0.019850,0.115880,-0.077100,1.464772
0.144000,0.340587,-0.460448,9.590937,0.021363,0.117927,-0.077854,1.465127
0.146000,0.336098,-0.305171,9.546915,0.026858,0.120052,-0.079084,1.465489
0.148000,0.355148,-0.744695,10.014373,0.031068,0.122185,-0.080142,1.465856
0.150000,0.362351,-0.021242,10.570939,0.039125,0.124536,-0.081689,1.466232
0.152000,0.351455,-0.902821,11.080406,0.040266,0.126726,-0.082338,1.466619
0.154000,0.332324,-0.715608,10.772273,0.048460,0.128620,-0.083641,1.467021
0.156000,0.305007,-1.027428,9.997433,0.055014,0.130364,-0.084719,1.467433
0.158000,0.295759,-0.812090,9.857640,0.064816,0.132118,-0.086196,1.467853
0.160000,0.287747,-0.618922,9.744972,0.072779,0.133816,-0.087433,1.468279
0.162000,0.293489,0.132398,10.279643,0.079112,0.135470,-0.088458,1.468710
0.164000,0.280739,0.190610,10.100403,0.078342,0.136931,-0.088555,1.469149
0.166000,0.269511,0.239361,9.950807,0.077129,0.138304,-0.088585,1.469594
0.168000,0.249606,-0.220413,9.282992,0.075562,0.139602,-0.088559,1.470044
0.170000,0.246457,-0.106827,9.268844,0.078609,0.140986,-0.089119,1.470496
0.172000,0.254928,0.564622,9.880004,0.080769,0.142372,-0.089565,1.470950
0.174000,0.246092,0.562938,9.775993,0.076597,0.143602,-0.089181,1.471409
0.176000,0.229277,0.474603,8.789664,0.072537,0.144781,-0.088803,1.471871
0.178000,0.231292,0.505821,8.877341,0.070151,0.146199,-0.088725,1.472332
0.180000,0.243310,1.110478,9.611597,0.067662,0.147684,-0.088639,1.472793
0.182000,0.237710,1.046989,9.564105,0.059463,0.149060,-0.087821,1.473258
0.184000,0.224096,0.481465,8.938923,0.051960,0.150430,-0.087088,1.473725
0.186000,0.225154,0.516358,9.010921,0.050053,0.151952,-0.087056,1.474193
0.188000,0.235345,0.501727,10.189185,0.047997,0.153529,-0.087010,1.474661
0.190000,0.224957,0.509183,10.045972,0.045303,0.154825,-0.086718,1.475137
0.192000,0.208226,0.007943,9.369983,0.042607,0.156050,-0.086423,1.475618
0.194000,0.213260,0.634094,9.950881,0.044845,0.157378,-0.086778,1.476101
0.196000,0.197889,0.115295,9.287831,0.041201,0.158540,-0.086362,1.476589
0.198000,0.195813,0.191155,9.296747,0.042647,0.159818,-0.086617,1.477078
0.200000,0.201682,0.828326,9.934390,0.043539,0.161109,-0.086810,1.477569
0.202000,0.194697,1.245423,9.491606,0.038446,0.162235,-0.086208,1.478065
0.204000,0.191019,1.165415,9.466506,0.030004,0.163439,-0.085232,1.478564
0.206000,0.181986,0.625614,8.893332,0.022407,0.164658,-0.084363,1.479064
0.208000,0.184075,0.632068,8.984614,0.020131,0.166062,-0.084214,1.479564
0.210000,0.185784,0.637247,9.072193,0.017973,0.167536,-0.084087,1.480065
0.212000,0.193542,0.559064,10.281373,0.015943,0.169075,-0.083984,1.480567
0.214000,0.184218,0.548165,10.139179,0.013976,0.170344,-0.083716,1.481076
0.216000,0.176063,0.538276,10.016999,0.012155,0.171551,-0.083463,1.481591
0.218000,0.168819,0.529628,9.912688,0.010476,0.172708,-0.083219,1.482112
0.220000,0.158274,0.072953,9.324845,0.008934,0.173825,-0.082985,1.482638
0.222000,0.156749,0.139905,9.335707,0.011851,0.175076,-0.083381,1.483165
0.224000,0.156616,0.680022,8.968301,0.014289,0.176348,-0.083719,1.483695
0.226000,0.158634,0.682982,9.058635,0.012308,0.177760,-0.083535,1.484225
0.228000,0.165327,1.229981,9.800275,0.010483,0.179245,-0.083386,1.484755
0.230000,0.160864,1.132415,9.752463,0.003551,0.180601,-0.082481,1.485291
0.232000,0.155608,0.455001,10.151684,-0.002393,0.181967,-0.081719,1.485831
0.234000,0.148091,0.455473,10.031174,-0.002501,0.183209,-0.081635,1.486378
0.236000,0.141387,0.457381,9.927622,-0.002569,0.184408,-0.081557,1.486931
0.238000,0.133424,0.040287,9.363988,-0.002604,0.185573,-0.081483,1.487489
0.240000,0.133526,0.589440,8.988550,0.001419,0.186880,-0.081995,1.488049
0.242000,0.135310,0.598566,9.072932,0.000926,0.188329,-0.081991,1.488610
0.244000,0.135152,0.077384,9.574990,0.000531,0.189853,-0.082020,1.489172
0.246000,0.136799,1.183154,9.790670,0.004661,0.191315,-0.082568,1.489739
0.248000,0.131026,0.576449,10.129792,-0.001047,0.192711,-0.081815,1.490310
0.250000,0.124131,0.570579,10.011407,-0.001514,0.193995,-0.081674,1.490889
0.252000,0.120065,1.037753,9.559687,-0.001890,0.195244,-0.081547,1.491473
0.254000,0.115024,0.052239,9.429686,-0.006141,0.196583,-0.080988,1.492061
0.256000,0.115082,0.606501,9.047869,-0.001483,0.198003,-0.081585,1.492652
0.258000,0.114992,0.605237,10.062087,-0.001404,0.199566,-0.081679,1.493245
0.260000,0.108639,0.143084,9.437611,-0.001701,0.200882,-0.081567,1.493845
0.262000,0.109086,1.149631,9.649186,0.002433,0.202353,-0.082109,1.494447
0.264000,0.106258,1.081706,9.614300,-0.002360,0.203768,-0.081486,1.495055
0.266000,0.101387,0.087926,9.467020,-0.006438,0.205210,-0.080967,1.495667
0.268000,0.099799,0.174045,9.457795,-0.001545,0.206717,-0.081600,1.496282
0.270000,0.098653,1.188506,9.668930,0.002674,0.208254,-0.082162,1.496902
0.272000,0.094173,0.652847,9.982460,-0.002096,0.209714,-0.081558,1.497526
0.274000,0.088645,0.652825,9.880878,-0.002224,0.211096,-0.081476,1.498157
0.276000,0.084292,0.665735,8.969056,-0.002317,0.212457,-0.081404,1.498794
0.278000,0.087105,0.682134,9.049362,-0.002008,0.214010,-0.081539,1.499432
0.280000,0.085705,0.696368,10.040783,-0.001672,0.215678,-0.081703,1.500072
0.282000,0.080096,0.695924,9.929800,-0.001793,0.217139,-0.081626,1.500719
0.284000,0.075080,0.697192,9.833690,-0.001885,0.218578,-0.081559,1.501372
0.286000,0.072245,0.709250,8.948965,-0.001952,0.220001,-0.081502,1.502032
0.288000,0.073340,0.730342,9.024545,-0.001642,0.221618,-0.081656,1.502693
0.290000,0.072417,0.742848,9.997746,-0.001334,0.223307,-0.081838,1.503355
0.292000,0.067286,0.743096,9.890930,-0.001438,0.224836,-0.081777,1.504025
0.294000,0.062694,0.744875,9.798294,-0.001520,0.226349,-0.081725,1.504702
0.296000,0.060421,0.341218,9.261477,-0.001584,0.227851,-0.081683,1.505385
0.298000,0.059908,0.811969,8.958477,0.002193,0.229479,-0.082194,1.506071
0.300000,0.058974,1.280969,9.571852,0.002092,0.231206,-0.082334,1.506759
0.302000,0.057169,1.220361,9.539977,-0.002230,0.232857,-0.081858,1.507452
0.304000,0.054368,0.700706,9.863871,-0.005909,0.234548,-0.081465,1.508150
0.306000,0.052776,0.318097,9.327677,-0.005062,0.236195,-0.081552,1.508856
0.308000,0.051291,0.397678,9.324782,-0.000599,0.237959,-0.082154,1.509565
0.310000,0.046346,0.922821,9.831183,0.003256,0.239745,-0.082683,1.510280
0.312000,0.042492,0.914188,9.743152,0.002348,0.241429,-0.082572,1.511001
0.314000,0.040094,1.275546,9.388703,0.001551,0.243112,-0.082483,1.511728
0.316000,0.039085,1.226256,9.375223,-0.002253,0.244857,-0.082111,1.512461
0.318000,0.040595,0.391027,9.263734,-0.005499,0.246653,-0.081818,1.513198
0.320000,0.039390,0.466260,9.266411,-0.001213,0.248544,-0.082418,1.513940
0.322000,0.034780,1.341695,9.462383,0.002509,0.250463,-0.082952,1.514686
0.324000,0.032552,0.881998,9.745220,-0.001450,0.252355,-0.082601,1.515438
0.326000,0.029224,0.884802,9.666449,-0.001378,0.254227,-0.082654,1.516197
0.328000,0.030704,0.519666,9.180076,-0.001297,0.256104,-0.082716,1.516964
0.330000,0.030521,0.954979,8.904712,0.002218,0.258100,-0.083238,1.517735
0.332000,0.026833,1.381952,9.468211,0.002144,0.260204,-0.083467,1.518509
0.334000,-0.000440,-0.667526,8.220192,-0.001698,0.262260,-0.083167,1.519290
0.336000,-0.003269,-0.642767,8.210863,0.010489,0.264162,-0.084666,1.520069
0.338000,-0.086598,-1.489180,7.231461,0.022480,0.266068,-0.086129,1.520847
0.340000,0.018327,0.586533,9.204309,0.042067,0.267237,-0.087936,1.521615
0.342000,0.017082,0.904098,8.820939,0.046311,0.269343,-0.088450,1.522388
0.344000,0.014510,0.493465,9.113850,0.047915,0.271554,-0.088704,1.523165
0.346000,0.060060,1.627593,9.598855,0.053162,0.273772,-0.089379,1.523946
0.348000,0.037459,2.676278,9.438443,0.049055,0.276574,-0.089251,1.524738
0.350000,-0.036246,3.380725,8.753516,0.034010,0.279000,-0.087882,1.525538
0.352000,0.060003,2.362204,10.827468,0.012686,0.280164,-0.085565,1.526337
0.354000,0.008293,0.510559,8.801513,0.002670,0.283164,-0.084714,1.527154
0.356000,0.017375,0.408530,8.703397,0.006464,0.285666,-0.085474,1.527976
0.358000,0.026520,0.322289,8.616856,0.011182,0.288392,-0.086325,1.528803
0.360000,-0.053330,-1.105624,7.672652,0.016661,0.291333,-0.087218,1.529634
0.362000,0.029184,-0.304625,9.576237,0.034752,0.293704,-0.088734,1.530463
0.364000,-0.029991,0.706223,8.138295,0.046115,0.296560,-0.090189,1.531303
0.366000,0.030606,3.229452,10.982576,0.045867,0.298615,-0.090472,1.532141
0.368000,-0.044813,3.443110,9.217703,0.027882,0.301425,-0.088743,1.532999
0.370000,0.019340,1.768466,9.233305,0.007602,0.302852,-0.086476,1.533859
0.372000,0.003499,1.464777,8.721484,0.002148,0.305805,-0.086142,1.534729
0.374000,0.054028,0.193751,10.331955,-0.001052,0.308633,-0.085977,1.535605
0.376000,0.065170,2.208736,11.717876,0.010175,0.312272,-0.087404,1.536499
0.378000,0.057604,0.279305,9.150729,0.003992,0.315978,-0.087054,1.537419
0.380000,-0.086898,-0.565225,7.026958,0.011425,0.319804,-0.088274,1.538351
0.382000,0.081758,2.275556,10.954475,0.025271,0.322062,-0.089227,1.539277
0.384000,0.090638,1.894189,10.886623,0.018893,0.326136,-0.089064,1.540227
0.386000,0.029582,2.459003,9.987840,0.015769,0.330486,-0.089269,1.541201
0.388000,-0.051299,3.307533,9.016899,0.005197,0.333887,-0.088699,1.542191
0.390000,0.052631,1.460013,11.374144,-0.013465,0.335705,-0.086870,1.543186
0.392000,0.053320,-0.058709,8.948103,-0.012955,0.339789,-0.087287,1.544207
0.394000,0.047054,-0.087575,8.769108,-0.002243,0.344074,-0.088932,1.545241
0.396000,-0.061300,-1.075130,7.510606,0.008547,0.348340,-0.090553,1.546287
0.398000,0.039954,-0.240904,9.154733,0.027617,0.351485,-0.092170,1.547333
0.400000,0.033852,2.125302,11.135224,0.039778,0.355554,-0.093803,1.548393
0.402000,-0.001822,2.444687,9.255565,0.034644,0.359601,-0.093726,1.549478
0.404000,-0.018166,1.836967,8.379440,0.024480,0.363174,-0.093940,1.550576
0.406000,-0.024715,1.777675,8.231696,0.018993,0.366636,-0.094350,1.551682
0.408000,-0.080053,3.068979,8.375928,0.013957,0.370081,-0.094965,1.552793
0.410000,-0.005329,2.562396,9.475588,-0.001762,0.372210,-0.094286,1.553907
0.412000,0.022866,0.626172,8.688844,-0.012400,0.376018,-0.095104,1.555036
0.414000,-0.098673,-0.419042,6.900907,-0.006656,0.380295,-0.096114,1.556177
0.416000,0.016680,0.795002,8.597147,0.007108,0.383244,-0.097026,1.557314
0.418000,0.034030,0.277890,8.925101,0.011400,0.387474,-0.098122,1.558464
0.420000,0.050391,2.236059,11.247165,0.020688,0.392238,-0.099721,1.559629
0.422000,-0.001055,2.319093,9.916921,0.016924,0.397580,-0.100969,1.560826
0.424000,-0.004747,2.281422,9.639222,0.009752,0.401925,-0.102092,1.562044
0.426000,-0.877084,4.386930,10.433286,0.002583,0.406263,-0.103232,1.563281
0.428000,-0.729052,1.236587,8.503796,-0.021068,0.413283,-0.105189,1.564553
0.430000,-0.720391,-0.329600,6.204439,-0.022323,0.418807,-0.108608,1.565842
0.432000,-0.744079,2.604546,9.587275,-0.010840,0.421052,-0.112156,1.567121
0.434000,-0.830923,3.473987,9.105934,-0.019233,0.425587,-0.114113,1.568421
0.436000,-0.704862,2.828377,11.295645,-0.035046,0.427881,-0.115064,1.569730
0.438000,-1.153315,2.448813,12.048383,-0.041001,0.431842,-0.117126,1.571067
0.440000,-1.166627,2.969682,12.222520,-0.043583,0.437710,-0.115242,1.572445
0.442000,-1.156626,2.809222,11.621483,-0.051284,0.441938,-0.113010,1.573860
0.444000,-1.139682,2.056099,11.560636,-0.058284,0.444687,-0.111022,1.575301
0.446000,-1.126858,1.944217,11.080192,-0.058746,0.446876,-0.109699,1.576766
0.448000,-1.109410,1.484709,10.928592,-0.058748,0.447978,-0.108532,1.578248
0.450000,-1.096204,0.956102,10.863437,-0.055031,0.448451,-0.107709,1.579744
0.452000,-1.092294,2.001859,9.650421,-0.047257,0.447988,-0.107150,1.581250
0.454000,-1.077567,1.998889,9.364065,-0.051395,0.446161,-0.106004,1.582753
0.456000,-1.062848,1.998881,9.122634,-0.055840,0.443825,-0.104923,1.584249
0.458000,-1.048288,2.001355,8.920245,-0.060553,0.441091,-0.103902,1.585735
0.460000,-1.052156,2.951855,8.052923,-0.065501,0.438054,-0.102937,1.587208
0.462000,-1.007620,1.575130,8.465833,-0.079365,0.432559,-0.101364,1.588653
0.464000,-0.995624,1.652315,8.384836,-0.080602,0.429522,-0.100876,1.590082
0.466000,-0.984137,1.722776,8.320950,-0.082556,0.426385,-0.100404,1.591495
0.468000,-0.984833,2.083839,8.662717,-0.085136,0.423195,-0.099949,1.592890
0.470000,-0.957817,0.734303,9.650295,-0.090741,0.419997,-0.099249,1.594270
0.472000,-0.949113,0.914494,9.363889,-0.079952,0.417887,-0.099365,1.595644
0.474000,-0.940776,1.081909,9.119871,-0.071185,0.415621,-0.099402,1.597011
0.476000,-0.932872,1.241200,8.909476,-0.064259,0.413243,-0.099371,1.598368
0.478000,-0.910956,1.373554,8.255997,-0.059057,0.410786,-0.099280,1.599713
0.480000,-0.905300,1.496167,8.216273,-0.055710,0.408128,-0.099160,1.601042
0.482000,-0.902320,0.623653,9.478446,-0.053434,0.405560,-0.099032,1.602355
0.484000,-0.852488,-1.196426,8.268615,-0.042029,0.404616,-0.099397,1.603666
0.486000,-0.811992,-2.142058,6.886415,-0.018020,0.402859,-0.100100,1.604963
0.488000,-0.863104,0.892813,7.536728,0.012885,0.400352,-0.100433,1.606234
0.490000,-0.885212,1.829112,8.454141,0.018166,0.397959,-0.100323,1.607486
0.492000,-0.894323,2.234364,8.760012,0.016673,0.396141,-0.100288,1.608725
0.494000,-0.890571,2.288148,8.670632,0.012002,0.394533,-0.100200,1.609955
0.496000,-0.845200,1.029941,7.188461,0.006788,0.392978,-0.100097,1.611175
0.498000,-0.848408,1.746584,6.217057,0.008224,0.390544,-0.099881,1.612372
0.500000,-0.807664,-0.259988,5.870412,0.002400,0.385564,-0.099235,1.613529
0.502000,-0.821189,-0.132293,8.947876,0.013669,0.382542,-0.098619,1.614652
0.504000,-0.885503,2.459300,10.177092,0.030930,0.382465,-0.099183,1.615772
0.506000,-0.883247,2.497461,9.898086,0.029767,0.383057,-0.099177,1.616900
0.508000,-0.868968,2.272046,9.350226,0.027806,0.383524,-0.099157,1.618035
0.510000,-0.880688,2.596957,9.482316,0.027232,0.383786,-0.099197,1.619171
0.512000,-0.877228,2.101398,9.692495,0.023823,0.384092,-0.099170,1.620310
0.514000,-0.820045,0.215831,8.281643,0.025179,0.385045,-0.099357,1.621457
0.516000,-0.786300,-1.181655,7.288395,0.038729,0.385233,-0.099800,1.622597
0.518000,-0.908825,3.280023,9.894325,0.062868,0.384300,-0.099500,1.623720
0.520000,-0.889017,2.918291,9.218479,0.052520,0.384680,-0.099173,1.624850
0.522000,-0.874766,2.668626,8.728532,0.044651,0.384849,-0.099053,1.625980
0.524000,-0.893024,3.542319,7.947475,0.038421,0.384817,-0.098994,1.627107
0.526000,-0.895129,2.862388,9.029673,0.023858,0.382616,-0.099704,1.628216
0.528000,-0.917358,3.244373,9.359259,0.016705,0.383042,-0.100503,1.629326
0.530000,-0.817917,1.178764,6.962880,0.006413,0.383565,-0.101436,1.630440
0.532000,-0.810455,-0.012195,8.290057,0.007799,0.382543,-0.101261,1.631534
0.534000,-0.775668,-0.728620,6.687787,0.024193,0.383021,-0.101412,1.632623
0.536000,-0.914689,3.427351,9.823233,0.044962,0.382494,-0.100867,1.633693
0.538000,-0.884258,2.878528,8.937501,0.036362,0.383620,-0.100960,1.634772
0.540000,-0.888671,2.894352,8.756878,0.031715,0.384427,-0.101247,1.635853
0.542000,-0.879994,1.978774,9.281960,0.026761,0.385134,-0.101976,1.636933
0.544000,-0.913289,2.858974,9.004648,0.030752,0.387031,-0.102291,1.638022
0.546000,-0.913483,2.874161,8.837356,0.025169,0.387995,-0.103625,1.639114
0.548000,-0.827905,2.081326,6.098666,0.019176,0.388839,-0.104931,1.640207
0.550000,-0.801024,-1.674670,8.897917,0.012283,0.385561,-0.104424,1.641266
0.552000,-0.965909,2.532807,13.145036,0.041196,0.386637,-0.103977,1.642326
0.554000,-0.981433,4.150130,11.235378,0.040742,0.392035,-0.103968,1.643435
0.556000,-0.940009,2.271484,12.249282,0.023925,0.395900,-0.104887,1.644575
0.558000,-0.935940,2.245649,11.730566,0.025034,0.400443,-0.104949,1.645756
0.560000,-0.929267,2.223497,11.273257,0.025746,0.404501,-0.105149,1.646972
0.562000,-0.921623,2.184136,10.877335,0.026122,0.408134,-0.105516,1.648217
0.564000,-0.918073,2.168121,10.508402,0.026372,0.411403,-0.105912,1.649489
0.566000,-0.915340,2.151847,10.180555,0.026344,0.414329,-0.106415,1.650783
0.568000,-0.918498,2.226486,9.982249,0.026093,0.416952,-0.106995,1.652096
0.570000,-0.917871,2.193511,9.704189,0.025004,0.419505,-0.107632,1.653427
0.572000,-0.917494,2.163730,9.459032,0.023895,0.421780,-0.108259,1.654772
0.574000,-0.917387,2.137070,9.243185,0.022785,0.423814,-0.108871,1.656128
0.576000,-0.917610,2.113553,9.053492,0.021691,0.425641,-0.109462,1.657494
0.578000,-0.918070,2.093343,8.886499,0.020626,0.427290,-0.110033,1.658868
0.580000,-0.918771,2.076748,8.739311,0.019596,0.428787,-0.110583,1.660248
0.582000,-0.919702,2.063439,8.609777,0.018602,0.430155,-0.111113,1.661632
0.584000,-0.920855,2.053090,8.495972,0.017642,0.431412,-0.111625,1.663018
0.586000,-0.922223,2.045565,8.396349,0.016717,0.432577,-0.112122,1.664407
0.588000,-0.923800,2.040850,8.309137,0.015828,0.433666,-0.112605,1.665796
0.590000,-0.925569,2.039283,8.231778,0.014971,0.434694,-0.113080,1.667185
0.592000,-0.927438,2.039319,8.162306,0.014136,0.435673,-0.113549,1.668574
0.594000,-0.928979,1.689507,8.167368,0.013322,0.436612,-0.114015,1.669961
0.596000,-0.929648,1.728984,8.108616,0.012911,0.437543,-0.115899,1.671347
0.598000,-0.930535,1.765648,8.056143,0.012460,0.438453,-0.117662,1.672731
0.600000,-0.931762,1.799595,8.009673,0.011980,0.439349,-0.119320,1.674113
0.602000,-0.933193,1.831446,7.968425,0.011485,0.440241,-0.120889,1.675492
0.604000,-0.933979,1.859954,7.930845,0.010983,0.441134,-0.122380,1.676868
0.606000,-0.937497,1.922474,7.872433,0.010489,0.442015,-0.123774,1.678241
0.608000,-0.938389,1.947518,7.845680,0.009669,0.442830,-0.125216,1.679611
0.610000,-0.940365,1.972644,7.823691,0.008879,0.443642,-0.126569,1.680976
0.612000,-0.942315,2.000798,7.803766,0.008120,0.444475,-0.127870,1.682337
0.614000,-0.944533,2.023939,7.787017,0.007396,0.445334,-0.129111,1.683695
0.616000,-0.946980,2.043152,7.772830,0.006721,0.446223,-0.130306,1.685048
0.618000,-0.949551,2.061219,7.760275,0.006105,0.447144,-0.131468,1.686397
0.620000,-0.952239,2.078282,7.748956,0.005553,0.448098,-0.132602,1.687743
0.622000,-0.955038,2.094461,7.738516,0.005070,0.449088,-0.133711,1.689084
0.624000,-0.957940,2.109865,7.728636,0.004658,0.450113,-0.134798,1.690423
0.626000,-0.960947,2.124571,7.719042,0.004319,0.451174,-0.135867,1.691757
0.628000,-0.964055,2.138676,7.709480,0.004053,0.452270,-0.136921,1.693088
0.630000,-0.967287,2.152356,7.699735,0.003862,0.453402,-0.137962,1.694416
0.632000,-0.970591,2.165617,7.689604,0.003743,0.454566,-0.138995,1.695741
0.634000,-0.973957,2.178516,7.678906,0.003696,0.455762,-0.140023,1.697063
0.636000,-0.977361,2.190881,7.667275,0.003717,0.456989,-0.141046,1.698382
0.638000,-0.980799,2.202798,7.654631,0.003807,0.458244,-0.142068,1.699697
0.640000,-0.984287,2.214397,7.640961,0.003962,0.459526,-0.143089,1.701011
0.642000,-0.987801,2.225716,7.626197,0.004180,0.460834,-0.144111,1.702321
0.644000,-0.991337,2.236833,7.610329,0.004458,0.462165,-0.145135,1.703629
0.646000,-0.994896,2.247815,7.593359,0.004792,0.463516,-0.146163,1.704933
0.648000,-0.998474,2.258721,7.575301,0.005179,0.464887,-0.147196,1.706236
0.650000,-1.002070,2.269602,7.556177,0.005613,0.466275,-0.148235,1.707535
0.652000,-1.005681,2.280498,7.536019,0.006092,0.467678,-0.149281,1.708832
0.654000,-1.004455,2.214176,7.567035,0.006610,0.469094,-0.150336,1.710126
0.656000,-1.008510,2.232908,7.534872,0.007940,0.470667,-0.151126,1.711418
0.658000,-1.012544,2.251135,7.503112,0.009207,0.472228,-0.151954,1.712708
0.660000,-1.016554,2.268896,7.471658,0.010415,0.473778,-0.152821,1.713996
0.662000,-1.020541,2.286223,7.440428,0.011568,0.475316,-0.153724,1.715282
0.664000,-1.024502,2.303141,7.409351,0.012668,0.476844,-0.154662,1.716564
0.666000,-1.033336,2.401601,7.323745,0.013720,0.478360,-0.155633,1.717844
0.668000,-1.036899,2.410956,7.302617,0.013894,0.479705,-0.156931,1.719119
0.670000,-1.040443,2.420242,7.280390,0.014111,0.481062,-0.158235,1.720390
0.672000,-1.043970,2.429488,7.257105,0.014368,0.482429,-0.159546,1.721657
0.674000,-1.047477,2.438711,7.232801,0.014661,0.483804,-0.160865,1.722918
0.676000,-1.045689,2.358269,7.266641,0.014988,0.485186,-0.162193,1.724175
0.678000,-1.049588,2.375761,7.229036,0.016261,0.486754,-0.163206,1.725428
0.680000,-1.053435,2.392651,7.191985,0.017455,0.488300,-0.164261,1.726677
0.682000,-1.057230,2.408962,7.155387,0.018577,0.489822,-0.165355,1.727922
0.684000,-1.065666,2.515327,7.059112,0.019632,0.491323,-0.166487,1.729163
0.686000,-1.068902,2.522593,7.034391,0.019683,0.492614,-0.167941,1.730397
0.688000,-1.072242,2.529864,7.008674,0.019779,0.493914,-0.169387,1.731624
0.690000,-1.075549,2.536981,6.981825,0.019916,0.495225,-0.170825,1.732845
0.692000,-1.075047,2.450548,7.017107,0.020092,0.496545,-0.172257,1.734059
0.694000,-1.078870,2.466468,6.975901,0.021307,0.498074,-0.173487,1.735268
0.696000,-1.082651,2.481624,6.935292,0.022440,0.499576,-0.174755,1.736470
0.698000,-2.066884,12.059424,19.908592,0.023498,0.501053,-0.176060,1.737667
0.700000,-1.970662,11.043522,20.654221,-0.125912,0.509611,-0.160144,1.738995
0.702000,-1.866687,10.219598,20.539357,-0.258404,0.519805,-0.143601,1.740471
0.704000,-1.772590,9.437933,20.316056,-0.377596,0.530496,-0.126694,1.742096
0.706000,-1.517972,8.423215,19.740583,-0.484450,0.541595,-0.109695,1.743874
0.708000,-1.417533,7.559229,18.830465,-0.579602,0.555169,-0.090979,1.745818
0.710000,-1.337837,6.689229,17.930884,-0.663134,0.568500,-0.073015,1.747922
0.712000,-1.256598,5.989294,17.071538,-0.736132,0.581359,-0.055919,1.750181
0.714000,-1.185904,5.359967,16.257649,-0.799884,0.593869,-0.039572,1.752590
0.716000,-1.124980,4.795983,15.483179,-0.855441,0.606087,-0.023916,1.755144
0.718000,-1.072712,4.291310,14.748476,-0.903749,0.617990,-0.008929,1.757840
0.720000,-1.027682,3.840294,14.053941,-0.945652,0.629551,0.005413,1.760673
0.722000,-0.989127,3.437863,13.399775,-0.981903,0.640750,0.019138,1.763640
0.724000,-0.956326,3.079359,12.785857,-1.013170,0.651573,0.032275,1.766735
0.726000,-0.928602,2.760523,12.211734,-1.040051,0.662010,0.044856,1.769955
0.728000,-0.905334,2.477476,11.676657,-1.063074,0.672059,0.056911,1.773296
0.730000,-0.904796,2.255837,11.170451,-1.082710,0.681723,0.068469,1.776754
0.732000,-0.886899,2.031350,10.710592,-1.099465,0.690971,0.080564,1.780325
0.734000,-0.872409,1.832339,10.286107,-1.113612,0.699859,0.092118,1.784006
0.736000,-0.860797,1.656378,9.895290,-1.125466,0.708405,0.103157,1.787792
0.738000,-0.851047,1.501583,9.535562,-1.135313,0.716626,0.113713,1.791682
0.740000,-0.843372,1.365651,9.206302,-1.143412,0.724536,0.123814,1.795671
0.742000,-0.837576,1.247170,8.904718,-1.149992,0.732157,0.133492,1.799758
0.744000,-0.833267,1.144709,8.629236,-1.155261,0.739510,0.142780,1.803940
0.746000,-0.830257,1.055891,8.381094,-1.159407,0.746614,0.151693,1.808215
0.748000,-0.828151,0.979055,8.156574,-1.162580,0.753494,0.160252,1.812580
0.750000,-0.826800,0.913021,7.953702,-1.164923,0.760173,0.168488,1.817035
0.752000,-0.826082,0.856646,7.770909,-1.166559,0.766673,0.176429,1.821577
0.754000,-0.825889,0.808897,7.606792,-1.167600,0.773015,0.184103,1.826206
0.756000,-0.826124,0.768846,7.460076,-1.168143,0.779220,0.191533,1.830920
0.758000,-0.826708,0.735656,7.329303,-1.168273,0.785310,0.198743,1.835719
0.760000,-0.827571,0.708570,7.213079,-1.168064,0.791305,0.205754,1.840603
0.762000,-0.828653,0.686909,7.110088,-1.167584,0.797223,0.212584,1.845571
0.764000,-0.829903,0.670058,7.019093,-1.166889,0.803083,0.219252,1.850624
0.766000,-0.831276,0.657463,6.938933,-1.166031,0.808902,0.225774,1.855761
0.768000,-0.832735,0.648626,6.868524,-1.165052,0.814696,0.232166,1.860984
0.770000,-0.834250,0.643098,6.806857,-1.163993,0.820478,0.238439,1.866293
0.772000,-0.835793,0.640477,6.752994,-1.162885,0.826263,0.244608,1.871688
0.774000,-0.837343,0.640399,6.706066,-1.161758,0.832063,0.250683,1.877172
0.776000,-0.838882,0.642539,6.665270,-1.160636,0.837890,0.256674,1.882744
0.778000,-0.840395,0.646604,6.629865,-1.159542,0.843753,0.262592,1.888408
0.780000,-0.841870,0.652333,6.599170,-1.158492,0.849661,0.268445,1.894164
0.782000,-0.843449,0.659149,6.572378,-1.157502,0.855623,0.274240,1.900014
0.784000,-0.845032,0.667062,6.548997,-1.156580,0.861646,0.279983,1.905960
0.786000,-0.846556,0.676023,6.528560,-1.155734,0.867737,0.285678,1.912004
0.788000,-1.359095,1.881846,6.535329,-1.154973,0.873901,0.291332,1.918149
0.790000,-1.328904,1.758517,6.548917,-1.152836,0.871575,0.290127,1.924319
0.792000,-1.313866,1.626963,6.203030,-1.151323,0.870312,0.289781,1.930523
0.794000,-1.284568,1.522477,6.253385,-1.150592,0.868965,0.289649,1.936760
0.796000,-1.256824,1.433263,6.296992,-1.150139,0.868619,0.290175,1.943040
0.798000,-0.994140,0.808395,6.339003,-1.149912,0.869172,0.291255,1.949372
0.800000,-0.982290,0.803872,6.357478,-1.150837,0.874689,0.296008,1.955805
0.802000,-0.971637,0.801150,6.373468,-1.151641,0.880522,0.300742,1.962343
0.804000,-0.963304,0.797317,6.383863,-1.152348,0.886637,0.305472,1.968991
0.806000,-0.954935,0.798210,6.395110,-1.152997,0.892842,0.310363,1.975752
0.808000,-0.947332,0.800424,6.403389,-1.153592,0.899303,0.315242,1.982630
0.810000,-0.940427,0.803770,6.408482,-1.154152,0.906001,0.320112,1.989630
0.812000,-0.934158,0.808076,6.410203,-1.154693,0.912917,0.324973,1.996756
0.814000,-0.928474,0.813180,6.408407,-1.155229,0.920033,0.329825,2.004013
0.816000,-0.923010,0.818905,6.402996,-1.155772,0.927330,0.334669,2.011404
0.818000,-0.917763,0.825115,6.393946,-1.156333,0.934790,0.339504,2.018934
0.820000,-0.912991,0.831703,6.381300,-1.156922,0.942397,0.344331,2.026607
0.822000,-1.275713,1.673196,6.368501,-1.157544,0.950133,0.349147,2.034427
0.824000,-1.252630,1.590412,6.373220,-1.156465,0.951727,0.348616,2.042326
0.826000,-1.229870,1.517526,6.368340,-1.155917,0.954081,0.348717,2.050315
0.828000,-1.208051,1.454420,6.355569,-1.155813,0.957109,0.349350,2.058403
0.830000,-1.187962,1.401477,6.336432,-1.156076,0.960730,0.350423,2.066600
0.832000,-0.992153,0.937067,6.320465,-1.156639,0.964861,0.351848,2.074914
0.834000,-0.980201,0.935389,6.280310,-1.158444,0.972679,0.356145,2.083392
0.836000,-0.969362,0.934137,6.239742,-1.160209,0.980624,0.360394,2.092039
0.838000,-0.959633,0.933023,6.198661,-1.161940,0.988680,0.364596,2.100859
0.840000,-0.951943,0.929501,6.154596,-1.163639,0.996821,0.368766,2.109857
0.842000,-0.944380,0.929382,6.113901,-1.165324,1.004871,0.373062,2.119036
0.844000,-0.937538,0.929520,6.073225,-1.166980,1.013000,0.377312,2.128401
0.846000,-0.931353,0.929894,6.032605,-1.168609,1.021199,0.381519,2.137957
0.848000,-0.925766,0.930486,5.992068,-1.170212,1.029459,0.385681,2.147708
0.850000,-0.920724,0.931284,5.951629,-1.171791,1.037775,0.389801,2.157660
0.852000,-0.916176,0.932278,5.911299,-1.173345,1.046138,0.393878,2.167818
0.854000,-1.210795,1.631479,5.845306,-1.174877,1.054544,0.397913,2.178186
0.856000,-1.193875,1.564435,5.829841,-1.174360,1.057773,0.397296,2.188693
0.858000,-1.177291,1.506012,5.808916,-1.174307,1.061562,0.397175,2.199350
0.860000,-1.161181,1.455262,5.783952,-1.174634,1.065844,0.397464,2.210168
0.862000,-1.145814,1.411917,5.755826,-1.175273,1.070565,0.398091,2.221159
0.864000,-0.974573,1.005033,5.745003,-1.176163,1.075670,0.398990,2.232332
0.866000,-0.962872,1.001065,5.699966,-1.178413,1.083987,0.402479,2.243743
0.868000,-0.952084,0.997868,5.656052,-1.180586,1.092397,0.405918,2.255398
0.870000,-0.943038,0.992832,5.610238,-1.182689,1.100893,0.409309,2.267303
0.872000,-0.934372,0.990931,5.568180,-1.184743,1.109299,0.412823,2.279467
0.874000,-0.926281,0.990018,5.527294,-1.186742,1.117759,0.416315,2.291894
0.876000,-0.918750,0.989753,5.487122,-1.188690,1.126287,0.419767,2.304594
0.878000,-1.332899,1.516759,1.988266,-1.190593,1.134878,0.423181,2.317575
0.880000,-1.141422,1.419920,5.780327,-1.195433,1.125468,0.418131,2.330559
0.882000,-1.128818,1.391036,5.717253,-1.194135,1.132106,0.418216,2.343786
0.884000,-0.938342,0.984816,5.677766,-1.193378,1.138932,0.418603,2.357267
0.886000,-0.928594,0.990543,5.599503,-1.194463,1.148861,0.421870,2.371071
0.888000,-0.919848,0.995783,5.524229,-1.195675,1.158633,0.425169,2.385205
0.890000,-1.317012,1.427923,1.907592,-1.196999,1.168253,0.428501,2.399677
0.892000,-1.104195,1.351942,5.759770,-1.201874,1.159423,0.423650,2.414185
0.894000,-0.920997,0.974306,5.692533,-1.200227,1.167547,0.424060,2.428999
0.896000,-0.912255,0.985287,5.583188,-1.200610,1.178491,0.427257,2.444192
0.898000,-0.904132,0.996488,5.480351,-1.201260,1.189084,0.430524,2.459771
0.900000,-1.130344,1.394628,5.330954,-1.202134,1.199451,0.433747,2.475744
0.902000,-1.334930,1.326128,1.766280,-1.200732,1.205499,0.433025,2.492028
0.904000,-1.103573,1.292434,5.571610,-1.205292,1.196192,0.427810,2.508370
0.906000,-1.097927,1.282288,5.465387,-1.203384,1.204289,0.427903,2.525071
0.908000,-0.924880,1.034935,5.401763,-1.201981,1.212308,0.428143,2.542145
0.910000,-0.915429,1.038850,5.287954,-1.202929,1.223101,0.431031,2.559671
0.912000,-1.108853,1.044477,1.801029,-1.204007,1.233671,0.433797,2.577660
0.914000,-1.092141,1.011894,1.766229,-1.211179,1.228289,0.431780,2.595835
0.916000,-1.082282,1.247132,5.633710,-1.217981,1.222944,0.429644,2.614199
0.918000,-1.079436,1.244544,5.491848,-1.213866,1.232568,0.429241,2.633003
0.920000,-1.075998,1.242594,5.357401,-1.210522,1.241912,0.429011,2.652262
0.922000,-1.072313,1.241126,5.228465,-1.207847,1.250989,0.428909,2.671989
0.924000,-0.910524,1.031062,5.153342,-1.205751,1.259802,0.428895,2.692198
0.926000,-0.901469,1.038390,5.023419,-1.206101,1.271014,0.431342,2.712976
0.928000,-1.105873,1.049191,1.672788,-1.206669,1.281894,0.433649,2.734339
0.930000,-1.088834,1.019008,1.637072,-1.213686,1.276584,0.431239,2.755973
0.932000,-1.062191,1.220441,5.268687,-1.220368,1.271326,0.428686,2.777883
0.934000,-1.063608,1.216680,5.116846,-1.215835,1.281109,0.427863,2.800355
0.936000,-1.069112,1.203575,4.975752,-1.212025,1.290487,0.427160,2.823406
0.938000,-1.289895,1.209110,1.475894,-1.208673,1.299492,0.426510,2.847051
0.940000,-1.114770,1.012537,1.549613,-1.213170,1.291207,0.421194,2.870930
0.942000,-0.848859,0.934343,5.316226,-1.219702,1.285688,0.418275,2.895140
0.944000,-0.847177,0.951360,5.122452,-1.217211,1.299792,0.420605,2.920138
0.946000,-1.068265,1.167654,4.856755,-1.215191,1.313184,0.422715,2.945940
0.948000,-1.336415,1.215043,1.391079,-1.210251,1.322516,0.421431,2.972435
0.950000,-1.327779,1.177598,1.368713,-1.214234,1.314244,0.415363,2.999227
0.952000,-1.060059,1.067886,5.099725,-1.218223,1.306079,0.409390,3.026327
0.954000,-1.314499,1.151469,1.350744,-1.212302,1.317669,0.408793,3.054236
0.956000,-0.899306,0.892924,5.145459,-1.216592,1.309743,0.403066,3.082494
0.958000,-0.898831,0.906567,4.929515,-1.212746,1.324124,0.404867,3.111724
0.960000,-1.109892,1.017620,1.403021,-1.209392,1.337600,0.406418,3.141944
0.962000,-1.302091,1.170259,1.242060,-1.215848,1.332248,0.403018,3.172691
0.964000,-1.291952,1.139247,1.223592,-1.219295,1.323789,0.396528,3.203839
0.966000,-1.028636,0.975188,5.103075,-1.222823,1.315479,0.390141,3.235405
0.968000,-1.043894,0.987817,4.864945,-1.214367,1.328517,0.389316,3.268006
0.970000,-1.057153,0.997912,4.648150,-1.206791,1.340464,0.388332,3.301659
0.972000,-1.115868,1.023591,1.320532,-1.199978,1.351419,0.387192,3.336387
0.974000,-1.091185,1.003752,1.286667,-1.206495,1.345907,0.383486,3.371790
0.976000,-1.256504,1.124578,1.130005,-1.212832,1.340480,0.379679,3.407893
0.978000,-1.245554,1.102892,1.109293,-1.216453,1.332342,0.373168,3.444570
0.980000,-1.242745,1.108729,1.089823,-1.220143,1.324328,0.366617,3.481844
0.982000,-1.228778,1.089442,1.072258,-1.223916,1.316445,0.358972,3.519742
0.984000,-0.974874,0.822858,5.139667,-1.227718,1.308691,0.351366,3.558289
0.986000,-0.992551,0.851415,4.848579,-1.216270,1.324241,0.350686,3.598290
0.988000,-1.008278,0.875787,4.580165,-1.205994,1.338261,0.349714,3.639770
0.990000,-1.059498,1.003877,1.191198,-1.196768,1.350873,0.348462,3.682754
0.992000,-1.033866,0.988314,1.158688,-1.203182,1.345601,0.344284,3.726727
0.994000,-1.184064,1.128098,1.016723,-1.209467,1.340441,0.340014,3.771726
0.996000,-1.169720,1.121224,1.009181,-1.213305,1.332820,0.332129,3.817630
0.998000,-1.154992,1.115786,1.002749,-1.217249,1.325334,0.324280,3.864476
1.000000,-1.139998,1.111908,0.997975,-1.221280,1.317994,0.316447,3.912304
1.002000,-1.124281,1.107354,0.991677,-1.225384,1.310811,0.308610,3.961157
1.004000,-1.107525,1.104764,0.984024,-1.229542,1.303786,0.300760,4.011079
1.006000,-1.090176,1.102800,0.975646,-1.233739,1.296919,0.292913,4.062117
1.008000,-0.916687,0.658975,4.944599,-1.237961,1.290212,0.285071,4.114320
1.010000,-0.935290,0.702011,4.600254,-1.222701,1.307594,0.283908,4.168809
1.012000,-0.954838,0.988593,1.007474,-1.209095,1.322940,0.282350,4.225626
1.014000,-1.059480,1.130261,0.952788,-1.215388,1.318275,0.276360,4.284047
1.016000,-1.044464,1.125631,0.932596,-1.219737,1.311655,0.268348,4.343957
1.018000,-1.028773,1.121384,0.911986,-1.224152,1.305148,0.260343,4.405427
1.020000,0.821131,5.065335,3.446654,-1.228619,1.298751,0.252345,4.468530
1.022000,0.763847,4.604777,3.315467,-1.282636,1.323796,0.213607,4.534031
1.024000,0.529946,4.336129,2.921146,-1.333093,1.348267,0.179112,4.602255
1.026000,0.389078,3.849018,8.227378,-1.376726,1.367806,0.145323,4.673100
1.028000,0.279370,3.648050,7.887084,-1.388983,1.420184,0.109503,4.748158
1.030000,0.395310,3.525887,8.869684,-1.399450,1.469156,0.075986,4.827682
1.032000,0.287763,3.350167,8.288435,-1.407765,1.524109,0.046118,4.912600
1.034000,0.185110,3.192240,7.657029,-1.415655,1.574556,0.018302,5.000000
1.036000,0.087524,3.045084,7.019953,-1.423581,1.620302,-0.007679,5.000000
1.038000,-0.094949,3.052904,6.175269,-1.431741,1.661406,-0.032025,5.000000
1.040000,-0.176209,2.933179,5.627103,-1.437840,1.694750,-0.056837,5.000000
1.042000,-0.172938,2.698419,5.304608,-1.444738,1.724216,-0.080135,5.000000
1.044000,-0.240142,2.580047,4.779139,-1.454427,1.752895,-0.100437,5.000000
1.046000,-0.428980,2.564154,4.034929,-1.464415,1.777966,-0.119705,5.000000
1.048000,-0.377993,2.375378,3.857665,-1.471482,1.796084,-0.140500,5.000000
1.050000,-0.606398,2.280894,2.630550,-1.482080,1.814734,-0.158097,5.000000
1.052000,-0.533849,2.118438,2.640248,-1.490936,1.823590,-0.177166,5.000000
1.054000,-0.552501,2.041131,2.395608,-1.502750,1.834204,-0.193378,5.000000
1.056000,-0.713550,2.042795,1.877340,-1.514384,1.843266,-0.209003,5.000000
1.058000,-0.729576,1.981646,1.730937,-1.522165,1.846938,-0.226828,5.000000
1.060000,-0.615833,1.870352,1.854711,-1.530159,1.849753,-0.244033,5.000000
1.062000,-0.619349,1.811847,1.694317,-1.541435,1.855235,-0.258388,5.000000
1.064000,-0.796524,1.803175,-0.137694,-1.552490,1.859838,-0.272398,5.000000
1.066000,-0.636288,1.703375,0.127852,-1.566319,1.850228,-0.288466,5.000000
1.068000,-0.795868,1.686974,-0.292030,-1.583450,1.844497,-0.301454,5.000000
1.070000,-0.630074,1.601732,-0.016023,-1.596269,1.834351,-0.317011,5.000000
1.072000,-0.613931,1.550885,-0.083937,-1.612482,1.828126,-0.329586,5.000000
1.074000,-0.783440,1.542327,-0.508239,-1.628227,1.821802,-0.341973,5.000000
1.076000,-0.775005,1.506532,-0.519855,-1.639498,1.810962,-0.357206,5.000000
1.078000,-0.596095,1.446507,-0.234293,-1.650908,1.800389,-0.372083,5.000000
1.080000,-0.607551,1.407391,1.525136,-1.665817,1.793726,-0.384157,5.000000
1.082000,-0.756070,1.427046,1.022887,-1.670431,1.799733,-0.397101,5.000000
1.084000,-0.742338,1.419786,0.907448,-1.671835,1.800676,-0.412686,5.000000
1.086000,-0.588112,1.388890,1.073068,-1.674369,1.801051,-0.427952,5.000000
1.088000,-0.543177,1.367129,-0.381190,-1.681238,1.804335,-0.440602,5.000000
1.090000,-0.498596,1.376546,-0.368607,-1.695914,1.797700,-0.452495,5.000000
1.092000,-0.477730,1.344344,-0.426387,-1.710529,1.791645,-0.464537,5.000000
1.094000,-0.677059,1.325924,-0.889664,-1.724929,1.785594,-0.476526,5.000000
1.096000,-0.656516,1.307761,-0.888975,-1.734541,1.774710,-0.491732,5.000000
1.098000,-0.634688,1.288770,-0.894127,-1.744607,1.764173,-0.506627,5.000000
1.100000,-0.448324,1.266363,-0.598183,-1.755048,1.753953,-0.521259,5.000000
1.102000,-0.422066,1.238350,-0.646647,-1.769218,1.747615,-0.533266,5.000000
1.104000,-0.396332,1.211971,-0.693408,-1.783220,1.741362,-0.545258,5.000000
1.106000,-0.371094,1.187123,-0.738676,-1.797067,1.735197,-0.557239,5.000000
1.108000,-0.639074,1.147614,0.280510,-1.810774,1.729119,-0.569216,5.000000
1.110000,-0.550198,1.160941,-1.165340,-1.810323,1.728916,-0.585557,5.000000
1.112000,-0.525009,1.149356,-1.167121,-1.819965,1.718492,-0.600500,5.000000
1.114000,-0.336172,1.147145,-0.861816,-1.830062,1.708412,-0.615205,5.000000
1.116000,-0.308086,1.123645,-0.909403,-1.843976,1.702240,-0.627366,5.000000
1.118000,-0.280311,1.105156,-0.956802,-1.857774,1.696165,-0.639532,5.000000
1.120000,-0.253316,1.087084,-1.003204,-1.871472,1.690184,-0.651675,5.000000
1.122000,-0.303004,1.064471,-1.057839,-1.885077,1.684293,-0.663801,-1.000000
1.124000,-0.435403,1.012552,-1.553117,-1.898487,1.678488,-0.675962,-1.000000
1.126000,-0.409688,1.010752,-1.535465,-1.906906,1.667410,-0.691565,-1.000000
1.128000,-0.858882,-0.058872,-2.355673,-1.915983,1.656808,-0.706865,-1.000000
1.130000,-0.273101,1.154213,-1.420120,-1.919856,1.637010,-0.717495,-1.000000
1.132000,-0.156705,1.161360,-1.129125,-1.930655,1.628721,-0.732745,-1.000000
1.134000,-0.132458,1.125822,-1.181981,-1.945043,1.624122,-0.745507,-1.000000
1.136000,-0.108373,1.091957,-1.235427,-1.959314,1.619437,-0.758240,-1.000000
1.138000,-0.077030,1.047605,-1.295514,-1.973480,1.614672,-0.770950,-1.000000
1.140000,-0.053776,1.015985,-1.347482,-1.987365,1.609952,-0.783675,-1.000000
1.142000,-0.215864,0.934495,-1.851855,-2.001148,1.605167,-0.796376,-1.000000
1.144000,-0.190837,0.923673,-1.845418,-2.010071,1.595241,-0.812294,-1.000000
1.146000,-0.017043,0.953468,-1.479190,-2.019603,1.585662,-0.827888,-1.000000
1.148000,0.007435,0.924523,-1.532746,-2.033450,1.580484,-0.840639,-1.000000
1.150000,-0.624940,-0.228234,-2.622548,-2.047205,1.575281,-0.853372,-1.000000
1.152000,0.128305,1.037198,-1.537137,-2.049918,1.556687,-0.864302,-1.000000
1.154000,0.141933,0.991456,-1.596836,-2.064467,1.552756,-0.877521,-1.000000
1.156000,-0.028020,0.890457,-2.107059,-2.078842,1.548664,-0.890691,-1.000000
1.158000,0.160631,0.922365,-1.703454,-2.088604,1.539557,-0.906780,-1.000000
1.160000,-0.002001,0.824178,-2.202818,-2.102880,1.535040,-0.919904,-1.000000
1.162000,0.185177,0.858530,-1.813973,-2.112775,1.525735,-0.935781,-1.000000
1.164000,0.201832,0.820973,-1.877726,-2.126979,1.520847,-0.948857,-1.000000
1.166000,-0.270870,-0.256643,-2.337617,-2.141056,1.515853,-0.961889,-1.000000
1.168000,0.116314,0.820580,-2.426000,-2.147722,1.503320,-0.970172,-1.000000
1.170000,0.131107,0.791476,-2.425875,-2.157940,1.494279,-0.985940,-1.000000
1.172000,0.302511,0.822170,-2.041016,-2.168686,1.485439,-1.001355,-1.000000
1.174000,0.316485,0.775496,-2.109499,-2.183488,1.480838,-1.014114,-1.000000
1.176000,0.330933,0.731533,-2.178209,-2.198120,1.476057,-1.026816,-1.000000
1.178000,-0.169946,-0.350759,-2.472377,-2.212603,1.471098,-1.039460,-1.000000
1.180000,0.449976,0.806660,-2.263680,-2.218814,1.459391,-1.047210,-1.000000
1.182000,0.254364,0.658349,-2.888450,-2.234056,1.455271,-1.060241,-1.000000
1.184000,0.268257,0.631669,-2.881365,-2.244238,1.445272,-1.076321,-1.000000
1.186000,0.284362,0.603316,-2.887325,-2.255027,1.435518,-1.091982,-1.000000
1.188000,0.437667,0.649083,-2.496078,-2.266330,1.425955,-1.107273,-1.000000
1.190000,0.454691,0.608426,-2.558907,-2.281389,1.420571,-1.120105,-1.000000
1.192000,-0.046160,-0.435531,-2.635141,-2.296283,1.415086,-1.132872,-1.000000
1.194000,-0.021684,-0.470364,-2.653842,-2.302119,1.404121,-1.140753,-1.000000
1.196000,0.688813,0.805644,-2.668907,-2.307516,1.393339,-1.148342,-1.000000
1.198000,0.682682,0.733630,-2.729930,-2.324226,1.389700,-1.161999,-1.000000
1.200000,0.679265,0.667394,-2.792177,-2.340550,1.385740,-1.175506,-1.000000
1.202000,0.491807,0.479954,-3.507440,-2.356530,1.381478,-1.188870,-1.000000
1.204000,0.503223,0.453518,-3.481498,-2.367410,1.370762,-1.205222,-1.000000
1.206000,0.517357,0.425004,-3.470249,-2.378878,1.360392,-1.221099,-1.000000
1.208000,0.653004,0.487577,-3.011283,-2.390830,1.350306,-1.236550,-1.000000
1.210000,0.684170,0.425757,-3.084076,-2.406383,1.344714,-1.249540,-1.000000
1.212000,0.151559,-0.563375,-2.899272,-2.421571,1.339161,-1.262438,-1.000000
1.214000,0.169913,-0.594104,-2.917205,-2.426614,1.329637,-1.270319,-1.000000
1.216000,0.187583,-0.623213,-2.933204,-2.431270,1.320233,-1.277885,-1.000000
1.218000,1.030302,0.740425,-3.292480,-2.435566,1.310955,-1.285155,-1.000000
1.220000,1.015023,0.674856,-3.334142,-2.454134,1.307663,-1.299496,-1.000000
1.222000,1.003228,0.615786,-3.375223,-2.472205,1.304234,-1.313674,-1.000000
1.224000,0.824496,0.369779,-4.191729,-2.489827,1.300682,-1.327702,-1.000000
1.226000,0.830941,0.355076,-4.131169,-2.502257,1.290034,-1.344530,-1.000000
1.228000,0.963217,0.492880,-3.480135,-2.515225,1.279990,-1.360860,-1.000000
1.230000,0.304578,-0.669618,-3.134487,-2.532222,1.275856,-1.374564,-1.000000
1.232000,0.330778,-0.709359,-3.154532,-2.536708,1.267273,-1.382361,-1.000000
1.234000,0.343147,-0.738893,-3.168477,-2.540744,1.258884,-1.389918,-1.000000
1.236000,1.334467,0.759223,-3.669718,-2.544444,1.250553,-1.397199,-1.000000
1.238000,1.169764,0.459331,-4.507026,-2.564698,1.248281,-1.412689,-1.000000
1.240000,-7.755930,-9.423853,13.711074,-2.579796,1.238902,-1.430645,-1.000000
1.242000,-8.183818,-10.146340,12.079767,-2.537438,1.205618,-1.383107,-1.000000
1.244000,-6.065628,-6.852907,9.239163,-2.481657,1.169067,-1.330956,-1.000000
1.246000,-38.580443,-145.520208,137.001280,-2.460692,1.145005,-1.292654,-1.000000
1.248000,-38.171756,-137.962066,110.262000,-2.949977,1.705886,-1.132430,-1.000000
